product_id,category_id,category_code,brand,list_price,unit_cost,supplier_id,lead_time_days,is_active
1029072,1482972250706899052,apparel.women.pants,Palewick,50.48,25.21,SUP-11,35,1
1038403,1519748099762056932,apparel.men.outerwear,Ashgrove,57.45,27.32,SUP-08,25,1
1072276,1558364261414932063,apparel.women.top,Ferncastle,44.13,20.55,SUP-07,21,1
1079923,1516173523019626745,apparel.women.dress,,104.49,46.97,SUP-07,21,1
1080071,1429628030847824846,footwear.sandals,Oakspire,37.77,21.95,SUP-05,18,1
1083413,1492821164472423496,apparel.men.jeans,Thistlewood,68.76,43.27,SUP-05,18,1
1092786,1558430393367643133,accessories.hats,Thistlewood,10.74,5.32,SUP-05,18,1
1099410,1558430393367643133,accessories.hats,Norlend,16.39,6.46,SUP-07,21,1
1111123,1482972250706899052,apparel.women.pants,Bramholt,49.35,22.43,SUP-06,21,1
1162680,1589407324608544585,apparel.women.outerwear,Kestrel & Co,216.88,106.68,SUP-06,21,1
1189654,1428548884811402817,apparel.men.shirt,,29.35,16.23,SUP-05,18,1
1196740,1516173523019626745,apparel.women.dress,Vantree,64.84,31.57,SUP-12,12,1
1204442,1519748099762056932,apparel.men.outerwear,Marlow Row,108.81,53.61,SUP-09,28,1
1260475,1589407324608544585,apparel.women.outerwear,Kestrel & Co,184.45,98.68,SUP-06,21,1
1356979,1482972250706899052,apparel.women.pants,Ferncastle,31.42,13.33,SUP-07,21,1
1367097,1482972250706899052,apparel.women.pants,Kestrel & Co,58.59,27.31,SUP-06,21,1
1383693,1492821164472423496,apparel.men.jeans,Palewick,38.99,19.39,SUP-11,35,1
1385609,1589407324608544585,apparel.women.outerwear,,140.07,57.42,SUP-09,28,1
1428173,1589407324608544585,apparel.women.outerwear,,107.79,49.86,SUP-07,21,1
1430298,1519748099762056932,apparel.men.outerwear,Ruskin & Fable,130.78,70.1,SUP-06,21,1
1517547,1558364261414932063,apparel.women.top,Bellcroft,24.53,11.52,SUP-03,14,1
1522015,1546390003792228747,footwear.sneakers,Bramholt,120.35,67.61,SUP-06,21,1
1601049,1558364261414932063,apparel.women.top,,25.03,12.67,SUP-09,28,1
1640473,1428548884811402817,apparel.men.shirt,,24.55,12.87,SUP-08,25,1
1778504,1549623645531932356,accessories.bags,Thistlewood,74.43,37.04,SUP-05,18,1
1850756,1428548884811402817,apparel.men.shirt,Doverly,48.62,21.01,SUP-03,14,1
1854723,1429628030847824846,footwear.sandals,Greymont,46.26,22.97,SUP-07,21,1
1910407,1482972250706899052,apparel.women.pants,,78.42,38.13,SUP-05,18,1
1959257,1590725883499271729,accessories.belts,Ashgrove,22.36,7.63,SUP-08,25,1
2102225,1516173523019626745,apparel.women.dress,Vantree,35.25,16.28,SUP-12,12,1
2118773,1428548884811402817,apparel.men.shirt,Ferncastle,31.36,14.87,SUP-07,21,1
2154101,1558430393367643133,accessories.hats,,14.39,6.23,SUP-01,7,1
2287051,1508136215129873133,apparel.kids.top,Norlend,25.23,9.65,SUP-07,21,1
2292183,1508136215129873133,apparel.kids.top,,14.37,5.96,SUP-08,25,1
2295523,1516173523019626745,apparel.women.dress,,45.5,20.01,SUP-03,14,1
2299273,1558364261414932063,apparel.women.top,Aldyne,24.35,10.11,SUP-01,7,1
2317989,1482972250706899052,apparel.women.pants,Palewick,60.91,26.14,SUP-11,35,1
2337045,1558364261414932063,apparel.women.top,Oakspire,20.75,11.22,SUP-05,18,1
2377662,1516173523019626745,apparel.women.dress,,114.62,50.4,SUP-11,35,1
2380478,1429628030847824846,footwear.sandals,Aldyne,46.04,24.76,SUP-01,7,1
2404737,1516173523019626745,apparel.women.dress,,72.55,35.58,SUP-06,21,1
2527689,1428548884811402817,apparel.men.shirt,,32.21,16.19,SUP-01,7,1
2565553,1590725883499271729,accessories.belts,,18.79,7.73,SUP-08,25,1
2645378,1594728468612408249,accessories.jewelry,Harlow Vale,10.03,3.38,SUP-07,21,1
2704704,1546390003792228747,footwear.sneakers,,96.48,54.58,SUP-09,28,1
2731345,1428548884811402817,apparel.men.shirt,Aldyne,52.67,26.33,SUP-01,7,1
2738486,1594728468612408249,accessories.jewelry,Ferncastle,28.77,9.96,SUP-07,21,1
2804964,1558364261414932063,apparel.women.top,Cinderfox,39.33,17.56,SUP-11,35,1
2875921,1546390003792228747,footwear.sneakers,,154.03,92.38,SUP-06,21,1
2931280,1558364261414932063,apparel.women.top,Thistlewood,33.5,16.69,SUP-05,18,1
2993399,1546390003792228747,footwear.sneakers,Solmara,94.65,47.67,SUP-02,10,1
3002277,1558364261414932063,apparel.women.top,Harlow Vale,43.11,16.41,SUP-07,21,1
3004815,1482972250706899052,apparel.women.pants,,66.09,31.22,SUP-12,12,1
3006131,1546390003792228747,footwear.sneakers,Ruskin & Fable,117.33,70.13,SUP-06,21,1
3124731,1558364261414932063,apparel.women.top,,29.09,13.9,SUP-04,14,1
3157737,1516173523019626745,apparel.women.dress,Ruskin & Fable,86.56,45.89,SUP-06,21,1
3163829,1558364261414932063,APPAREL.WOMEN.TOP,Marlow Row,41.27,18.65,SUP-09,28,1
3166872,1428548884811402817,apparel.men.shirt,,36.37,19.23,SUP-06,21,1
3206674,1428548884811402817,apparel.men.shirt,,29.07,12.4,SUP-12,12,1
3211935,1482972250706899052,apparel.women.pants,Vantree,60.27,24.3,SUP-12,12,1
3240903,1549623645531932356,accessories.bags,,73.48,28.78,SUP-03,14,1
3243048,1558364261414932063,apparel.women.top,Thistlewood,44.3,23.93,SUP-05,18,1
3289377,1546390003792228747,footwear.sneakers,Greymont,62.15,31.47,SUP-07,21,1
3301602,1594728468612408249,accessories.jewelry,Vantree,41.75,16.85,SUP-12,12,1
3318117,1492821164472423496,apparel.men.jeans,,46.93,22.63,SUP-01,7,1
3330012,1428548884811402817,apparel.men.shirt,Ruskin & Fable,19.88,10.48,SUP-06,21,1
3346010,1558430393367643133,accessories.hats,Ferncastle,27.51,10.1,SUP-07,21,1
3383881,1589407324608544585,apparel.women.outerwear,Solmara,147.05,64.67,SUP-02,10,1
3428363,1516173523019626745,apparel.women.dress,,70.5,28.65,SUP-04,14,1
3487534,1429628030847824846,footwear.sandals,Bellcroft,20.9,10.63,SUP-03,14,1
3503816,1428548884811402817,apparel.men.shirt,Aldyne,22.4,9.82,SUP-01,7,1
3533080,1519748099762056932,apparel.men.outerwear,,105.62,47.96,SUP-03,14,1
3554832,1428548884811402817,apparel.men.shirt,Greymont,54.99,26.68,SUP-07,21,1
3583619,1558430393367643133,accessories.hats,,27.87,9.51,SUP-01,7,1
3648094,1492821164472423496,apparel.men.jeans,Harlow Vale,42.13,17.09,SUP-07,21,1
3676700,1558186846391920988,apparel.kids.outerwear,Oakspire,68.8,32.91,SUP-05,18,1
3689249,1428548884811402817,apparel.men.shirt,Greymont,39.38,16.9,SUP-07,21,1
3698437,1492821164472423496,apparel.men.jeans,,58.45,32.44,SUP-10,30,1
3781033,1558364261414932063,apparel.women.top,Bellcroft,44.84,20.12,SUP-03,14,1
3817121,1482972250706899052,apparel.women.pants,Ferncastle,72.68,33.3,SUP-07,21,1
3852546,1482972250706899052,apparel.women.pants,Bramholt,73.08,37.76,SUP-06,21,1
4059984,1428548884811402817,apparel.men.shirt,,36.91,16.92,SUP-01,7,1
4076320,1590725883499271729,accessories.belts,Marlow Row,12.92,5.45,SUP-09,28,1
4098324,1558364261414932063,apparel.women.top,Norlend,22.26,8.83,SUP-07,21,1
4123413,1589407324608544585,apparel.women.outerwear,Solmara,57.79,23.67,SUP-02,10,1
4123600,1519748099762056932,apparel.men.outerwear,,167.19,81.41,SUP-10,30,1
4143393,1519748099762056932,apparel.men.outerwear,Marlow Row,211.25,105.84,SUP-09,28,1
4170752,1519748099762056932,apparel.men.outerwear,Bramholt,207.03,106.91,SUP-06,21,1
4194454,1482972250706899052,apparel.women.pants,Vantree,66.13,26.98,SUP-12,12,1
4200826,1428548884811402817,apparel.men.shirt,Palewick,23.04,11.32,SUP-11,35,1
4236332,1482972250706899052,apparel.women.pants,,38.93,19.46,SUP-05,18,1
4356662,1519748099762056932,apparel.men.outerwear,Bramholt,228.03,123.94,SUP-06,21,1
4365384,1519748099762056932,apparel.men.outerwear,,202.36,89.94,SUP-07,21,1
4411802,1594728468612408249,accessories.jewelry,Doverly,68.38,24.35,SUP-03,14,1
4476707,1492821164472423496,apparel.men.jeans,Aldyne,93.11,41.67,SUP-01,7,1
4489659,1516173523019626745,apparel.women.dress,Milbrook,60.74,27.72,SUP-12,12,1
4646091,1516173523019626745,apparel.women.dress,,70.76,31.24,SUP-04,14,1
4648994,1482972250706899052,apparel.women.pants,,25.23,12.41,SUP-05,18,1
4663963,1428548884811402817,apparel.men.shirt,Greymont,34.91,14.37,SUP-07,21,1
4705110,1428548884811402817,apparel.men.shirt,Ashgrove,19.92,10.59,SUP-08,25,1
4708009,1549623645531932356,accessories.bags,Wrenfield,112.97,55.01,SUP-10,30,1
4720552,1428548884811402817,apparel.men.shirt,Palewick,16.46,8.45,SUP-11,35,1
4747587,1482972250706899052,apparel.women.pants,,77.48,31.49,SUP-07,21,1
4762867,1594728468612408249,accessories.jewelry,Greymont,17.55,7.3,SUP-07,21,1
4870730,1429628030847824846,footwear.sandals,,21.27,14.2,SUP-05,18,1
4895822,1428548884811402817,apparel.men.shirt,Doverly,50.09,24.34,SUP-03,14,1
4958034,1516173523019626745,apparel.women.dress,Palewick,40.16,18.64,SUP-11,35,1
4994348,1549623645531932356,accessories.bags,,65.39,23.31,SUP-02,10,1
5027667,1546390003792228747,footwear.sneakers,Milbrook,109.49,51.84,SUP-12,12,1
5068008,1558364261414932063,apparel.women.top,Ashgrove,17.12,8.62,SUP-08,25,1
5092850,1508136215129873133,apparel.kids.top,Milbrook,19.68,8.02,SUP-12,12,1
5114384,1558186846391920988,apparel.kids.outerwear,Kestrel & Co,27.59,11.82,SUP-06,21,1
5131367,1549623645531932356,accessories.bags,,30.46,10.88,SUP-04,14,1
5186154,1516173523019626745,apparel.women.dress,Doverly,99.02,44.66,SUP-03,14,1
5212958,1516173523019626745,apparel.women.dress,,103.48,42.39,SUP-03,14,1
5234930,1589407324608544585,apparel.women.outerwear,Oakspire,185.73,109.39,SUP-05,18,1
5250988,1558364261414932063,apparel.women.top,Doverly,24.23,11.38,SUP-03,14,1
5315329,1558364261414932063,apparel.women.top,,39.82,19.09,SUP-04,14,1
5409305,1516173523019626745,apparel.women.dress,,113.46,51.46,SUP-02,10,1
5425967,1546390003792228747,footwear.sneakers,Kestrel & Co,85.47,50.72,SUP-06,21,1
5464062,1508136215129873133,apparel.kids.top ,Bellcroft,18.45,7.76,SUP-03,14,1
5466720,1519748099762056932,apparel.men.outerwear,Bramholt,102.01,54.89,SUP-06,21,1
5495706,1589407324608544585,apparel.women.outerwear,Vantree,160.86,64.36,SUP-12,12,1
5509792,1516173523019626745,apparel.women.dress,Norlend,84.59,35.65,SUP-07,21,1
5520674,1428548884811402817,apparel.men.shirt,,33.11,13.78,SUP-12,12,1
5530296,1558364261414932063,apparel.women.top,Greymont,29.28,12.57,SUP-07,21,1
5553390,1472209747072745335,footwear.boots,Aldyne,54.62,27.45,SUP-01,7,1
5599030,1558430393367643133,accessories.hats,Marlow Row,28.03,9.44,SUP-09,28,1
5599767,1558364261414932063,apparel.women.top,Ferncastle,15.59,6.08,SUP-07,21,1
5678537,1472209747072745335,footwear.boots,Aldyne,122.33,64.75,SUP-01,7,1
5711182,1546390003792228747,footwear.sneakers,Oakspire,82.44,48.7,SUP-05,18,1
5781989,1482972250706899052,apparel.women.pants,Wrenfield,76.6,43.09,SUP-10,30,1
5822751,1492821164472423496,apparel.men.jeans,Doverly,64.92,30.63,SUP-03,14,1
5847380,1492821164472423496,apparel.men.jeans,,45.68,21.07,SUP-09,28,1
5852256,1594728468612408249,accessories.jewelry,,50.14,19.73,SUP-09,28,1
5862621,1492821164472423496,apparel.men.jeans,Vantree,44.42,18.41,SUP-12,12,1
5908484,1589407324608544585,apparel.women.outerwear,Aldyne,206.11,102.04,SUP-01,7,1
6000495,1546390003792228747,footwear.sneakers,Ruskin & Fable,46.12,26.59,SUP-06,21,1
6024870,1492821164472423496,apparel.men.jeans,Doverly,33.85,16.68,SUP-03,14,1
6026055,1516173523019626745,apparel.women.dress,Kestrel & Co,59.22,26.61,SUP-06,21,1
6079235,1508136215129873133,apparel.kids.top,Bramholt,9.36,4.32,SUP-06,21,1
6155600,1594728468612408249,accessories.jewelry,,50.74,18.76,SUP-03,14,1
6245368,1558430393367643133,accessories.hats,Ashgrove,26.52,11.72,SUP-08,25,1
6280890,1482972250706899052,apparel.women.pants,Oakspire,27.03,14.95,SUP-05,18,1
6338037,1492821164472423496,apparel.men.jeans,,38.85,18.44,SUP-04,14,1
6351542,1558364261414932063,apparel.women.top,Palewick,35.3,15.68,SUP-11,35,1
6362414,1558364261414932063,apparel.women.top,Ferncastle,23.6,9.75,SUP-07,21,1
6380274,1472209747072745335,footwear.boots,Wrenfield,177.45,106.07,SUP-10,30,1
6460385,1472209747072745335,footwear.boots,Doverly,107.77,54.82,SUP-03,14,1
6474782,1492821164472423496,apparel.men.jeans,,91.2,37.78,SUP-12,12,1
6497266,1558430393367643133,accessories.hats,Doverly,10.52,4.33,SUP-03,14,1
6517467,1516173523019626745,apparel.women.dress,Thistlewood,86.09,51.14,SUP-05,18,1
6520765,1546390003792228747,footwear.sneakers,Marlow Row,64.64,31.82,SUP-09,28,1
6529231,1558186846391920988,apparel.kids.outerwear,Greymont,30.58,12.39,SUP-07,21,1
6543834,1590725883499271729,accessories.belts,,17.37,6.47,SUP-10,30,1
6637675,1428548884811402817,apparel.men.shirt,,34.23,16.97,SUP-09,28,1
6693651,1482972250706899052,apparel.women.pants,Cinderfox,33.41,14.89,SUP-11,35,1
6695684,1516173523019626745,apparel.women.dress,,52.94,23.6,SUP-07,21,1
6768228,1428548884811402817,apparel.men.shirt,,18.15,9.37,SUP-11,35,1
6801451,1594728468612408249,accessories.jewelry,Thistlewood,37.74,18.72,SUP-05,18,1
6810241,1428548884811402817,apparel.men.shirt,Milbrook,18.09,7.65,SUP-12,12,1
6854023,1549623645531932356,accessories.bags,Doverly,145.22,61.31,SUP-03,14,1
6938043,1428548884811402817,apparel.men.shirt,,46.35,21.0,SUP-08,25,1
6944057,1428548884811402817,apparel.men.shirt,,50.56,23.62,SUP-06,21,1
6953807,1558364261414932063,apparel.women.top,Kestrel & Co,13.06,6.58,SUP-06,21,1
6960004,1549623645531932356,accessories.bags,,48.83,18.37,SUP-11,35,1
6976349,1482972250706899052,apparel.women.pants,,43.6,20.79,SUP-03,14,1
7047405,1482972250706899052,apparel.women.pants,Palewick,26.02,13.09,SUP-11,35,1
7062170,1429628030847824846,footwear.sandals,,32.0,16.52,SUP-02,10,1
7093987,1492821164472423496,apparel.men.jeans,,34.01,18.04,SUP-08,25,1
7106580,1428548884811402817,apparel.men.shirt,Wrenfield,33.73,17.23,SUP-10,30,1
7171122,1558186846391920988,apparel.kids.outerwear,Harlow Vale,69.8,28.01,SUP-07,21,1
7180258,1482972250706899052,apparel.women.pants ,Aldyne,78.32,33.05,SUP-01,7,1
7182700,1492821164472423496,apparel.men.jeans,,91.33,48.31,SUP-02,10,1
7201529,1589407324608544585,apparel.women.outerwear,Ruskin & Fable,87.81,40.29,SUP-06,21,1
7212311,1594728468612408249,accessories.jewelry,Doverly,46.18,14.53,SUP-03,14,1
7255659,1492821164472423496,apparel.men.jeans,Norlend,91.68,40.64,SUP-07,21,1
7275086,1558186846391920988,apparel.kids.outerwear,,60.87,27.33,SUP-07,21,1
7279985,1516173523019626745,apparel.women.dress,Marlow Row,113.96,56.72,SUP-09,28,1
7303637,1516173523019626745,apparel.women.dress,Wrenfield,77.26,41.84,SUP-10,30,1
7310073,1482972250706899052,apparel.women.pants,Palewick,81.56,41.78,SUP-11,35,1
7346335,1594728468612408249,accessories.jewelry,Milbrook,71.32,29.91,SUP-12,12,1
7373415,1428548884811402817,apparel.men.shirt,Vantree,29.25,13.61,SUP-12,12,1
7390450,1558364261414932063,apparel.women.top ,,42.65,17.55,SUP-07,21,1
7427053,1519748099762056932,apparel.men.outerwear,Thistlewood,57.62,34.78,SUP-05,18,1
7429245,1428548884811402817,apparel.men.shirt,Ashgrove,15.51,7.74,SUP-08,25,1
7433330,1428548884811402817,apparel.men.shirt,Greymont,15.07,6.59,SUP-07,21,1
7448961,1590725883499271729,accessories.belts,Harlow Vale,16.47,5.13,SUP-07,21,1
7474821,1428548884811402817,apparel.men.shirt,Milbrook,44.58,21.8,SUP-12,12,1
7496477,1519748099762056932,apparel.men.outerwear,Milbrook,108.52,47.64,SUP-12,12,1
7567958,1516173523019626745,apparel.women.dress,,91.41,46.38,SUP-08,25,1
7620070,1546390003792228747,footwear.sneakers,Milbrook,63.55,31.03,SUP-12,12,1
7622260,1516173523019626745,apparel.women.dress,Ashgrove,97.13,40.81,SUP-08,25,1
7630387,1558186846391920988,apparel.kids.outerwear,Greymont,31.04,13.44,SUP-07,21,1
7660389,1508136215129873133,apparel.kids.top,,25.67,9.37,SUP-07,21,1
7692382,1429628030847824846,footwear.sandals,Palewick,43.91,22.44,SUP-11,35,1
7729308,1482972250706899052,apparel.women.pants,Ruskin & Fable,40.76,20.75,SUP-06,21,1
7801595,1589407324608544585,apparel.women.outerwear,Aldyne,91.15,44.33,SUP-01,7,1
7814384,1482972250706899052,apparel.women.pants,Palewick,74.85,32.67,SUP-11,35,1
7826018,1558364261414932063,apparel.women.top,Cinderfox,13.39,6.01,SUP-11,35,1
7864641,1508136215129873133,apparel.kids.top,,15.32,7.16,SUP-11,35,1
7871485,1508136215129873133,APPAREL.KIDS.TOP,Wrenfield,18.97,10.1,SUP-10,30,1
7941277,1594728468612408249,accessories.jewelry,,51.26,19.58,SUP-09,28,1
7946407,1519748099762056932,apparel.men.outerwear,Solmara,70.57,31.34,SUP-02,10,1
7949185,1590725883499271729,accessories.belts,Kestrel & Co,38.83,13.56,SUP-06,21,1
7954298,1516173523019626745,apparel.women.dress,Marlow Row,81.0,34.63,SUP-09,28,1
8004216,1482972250706899052,apparel.women.pants,Cinderfox,40.54,17.41,SUP-11,35,1
8016491,1546390003792228747,footwear.sneakers,Vantree,141.56,75.49,SUP-12,12,1
8089253,1516173523019626745,apparel.women.dress,Norlend,113.16,44.36,SUP-07,21,1
8110966,1558364261414932063,apparel.women.top,Solmara,19.69,9.09,SUP-02,10,1
8218381,1516173523019626745,apparel.women.dress,Cinderfox,30.68,15.06,SUP-11,35,1
8261390,1519748099762056932,apparel.men.outerwear,,162.53,79.76,SUP-08,25,1
8488816,1429628030847824846,footwear.sandals,Wrenfield,57.36,32.1,SUP-10,30,1
8511889,1594728468612408249,accessories.jewelry,,77.18,35.42,SUP-06,21,1
8536600,1508136215129873133,apparel.kids.top,,21.08,9.52,SUP-08,25,1
8634461,1428548884811402817,apparel.men.shirt,Kestrel & Co,21.75,11.93,SUP-06,21,1
8721483,1558364261414932063,apparel.women.top,Norlend,36.66,14.41,SUP-07,21,1
8728798,1508136215129873133,apparel.kids.top,Vantree,17.68,6.6,SUP-12,12,1
8746636,1482972250706899052,apparel.women.pants,Oakspire,58.93,35.24,SUP-05,18,1
8754194,1482972250706899052,apparel.women.pants,Kestrel & Co,53.98,26.22,SUP-06,21,1
8758486,1516173523019626745,apparel.women.dress,,86.49,38.73,SUP-11,35,1
8795573,1482972250706899052,apparel.women.pants,Palewick,29.43,13.78,SUP-11,35,1
8800984,1558364261414932063,apparel.women.top,Oakspire,17.31,9.77,SUP-05,18,1
8832573,1589407324608544585,apparel.women.outerwear,Harlow Vale,83.09,39.5,SUP-07,21,1
8838340,1492821164472423496,apparel.men.jeans,,36.31,16.03,SUP-03,14,1
8903471,1428548884811402817,apparel.men.shirt,,20.03,10.57,SUP-02,10,1
8926382,1558186846391920988,apparel.kids.outerwear,,40.71,14.78,SUP-03,14,1
8966163,1549623645531932356,accessories.bags,Solmara,84.78,33.31,SUP-02,10,1
9036326,1558430393367643133,accessories.hats,,8.09,3.85,SUP-05,18,1
9040237,1472209747072745335,footwear.boots,Wrenfield,118.05,64.74,SUP-10,30,1
9065490,1516173523019626745,apparel.women.dress,Aldyne,114.42,46.91,SUP-01,7,1
9075437,1558364261414932063,apparel.women.top,Cinderfox,28.04,12.92,SUP-11,35,1
9110019,1492821164472423496,apparel.men.jeans,Kestrel & Co,33.59,19.31,SUP-06,21,1
9111330,1589407324608544585,apparel.women.outerwear,Cinderfox,174.29,83.67,SUP-11,35,1
9118281,1558364261414932063,apparel.women.top,Solmara,16.93,8.59,SUP-02,10,1
9118832,1589407324608544585,apparel.women.outerwear,Ruskin & Fable,166.12,88.52,SUP-06,21,1
9172205,1508136215129873133,apparel.kids.top,Bramholt,19.87,9.12,SUP-06,21,1
9198161,1546390003792228747,footwear.sneakers,Wrenfield,120.29,75.69,SUP-10,30,1
9248008,1549623645531932356,accessories.bags,Harlow Vale,111.41,33.65,SUP-07,21,1
9261290,1482972250706899052,apparel.women.pants,Thistlewood,82.21,40.65,SUP-05,18,1
9315482,1594728468612408249,accessories.jewelry,Marlow Row,69.58,29.49,SUP-09,28,1
9319849,1472209747072745335,footwear.boots,Marlow Row,150.65,84.66,SUP-09,28,1
9351656,1428548884811402817,apparel.men.shirt,Solmara,23.67,10.74,SUP-02,10,1
9355705,1516173523019626745,apparel.women.dress,Bramholt,90.76,45.49,SUP-06,21,1
9388289,1589407324608544585,apparel.women.outerwear,Milbrook,76.31,34.63,SUP-12,12,1
9554682,1492821164472423496,apparel.men.jeans,Norlend,93.91,45.69,SUP-07,21,1
9645778,1558186846391920988,apparel.kids.outerwear,,29.42,15.27,SUP-05,18,1
9679390,1558364261414932063,apparel.women.top,,19.71,8.81,SUP-09,28,1
9691291,1429628030847824846,footwear.sandals,,48.49,24.34,SUP-03,14,1
9721204,1546390003792228747,footwear.sneakers,Vantree,45.97,23.32,SUP-12,12,1
9739117,1428548884811402817,apparel.men.shirt,Cinderfox,42.01,21.34,SUP-11,35,1
9746038,1516173523019626745,apparel.women.dress,,35.02,16.34,SUP-07,21,1
9748139,1594728468612408249,accessories.jewelry,Ferncastle,20.99,7.44,SUP-07,21,1
9755526,1589407324608544585,apparel.women.outerwear,Ashgrove,83.55,36.23,SUP-08,25,1
9800243,1492821164472423496,apparel.men.jeans,Palewick,84.46,39.07,SUP-11,35,1
9829417,1546390003792228747,footwear.sneakers,Bellcroft,126.34,68.27,SUP-03,14,1
9841830,1508136215129873133,apparel.kids.top,Wrenfield,12.25,6.3,SUP-10,30,1
9938113,1519748099762056932,apparel.men.outerwear,,65.66,28.89,SUP-02,10,1
9939190,1482972250706899052,apparel.women.pants,Marlow Row,56.92,23.35,SUP-09,28,1
9940011,1546390003792228747,footwear.sneakers,Doverly,38.58,20.24,SUP-03,14,1
