user_id,first_seen_date,country,acquisition_channel_id,is_loyalty_member,loyalty_join_date,loyalty_tier
500000001,2022-03-01,US,1,1,2022-03-01,platinum
500000002,2022-03-01,FR,7,1,2022-03-01,platinum
500000003,2022-03-01,FR,1,1,2022-03-01,platinum
500000004,2022-03-01,SE,2,1,2022-03-01,platinum
500000005,2022-03-01,US,2,0,,
500000006,2022-03-01,ES,4,1,2022-03-01,platinum
500000007,2022-03-01,FR,1,1,2022-03-01,platinum
500000008,2022-03-01,US,4,1,2022-03-01,platinum
500000009,2022-03-01,SE,1,1,2022-03-01,platinum
500000010,2022-03-01,US,3,0,,
500000011,2022-03-01,US,5,1,2022-03-01,platinum
500000012,2022-03-01,GB,6,0,,
500000013,2022-03-01,US,1,0,,
500000014,2022-03-01,GB,1,0,,
500000015,2022-03-01,IT,2,1,2022-03-01,platinum
500000016,2022-03-01,US,7,1,2022-03-01,platinum
500000017,2022-03-01,SE,1,1,2022-03-01,platinum
500000018,2022-03-01,US,1,0,,
500000019,2022-03-01,SE,5,1,2022-03-02,platinum
500000020,2022-03-01,DE,3,1,2022-03-01,platinum
500000021,2022-03-01,US,3,1,2022-03-01,platinum
500000022,2022-03-01,SE,3,1,2022-03-02,platinum
500000023,2022-03-01,GB,6,1,2022-03-01,platinum
500000024,2022-03-01,GB,2,0,,
500000025,2022-03-01,US,5,1,2022-03-01,platinum
500000026,2022-03-01,US,2,1,2022-03-01,platinum
500000027,2022-03-01,GB,3,0,,
500000028,2022-03-01,PL,3,1,2022-03-01,platinum
500000029,2022-03-01,GB,3,1,2022-03-02,platinum
500000030,2022-03-01,DE,1,0,,
500000031,2022-03-01,GB,1,0,,
500000032,2022-03-01,US,1,0,,
500000033,2022-03-01,SE,3,1,2022-03-04,platinum
500000034,2022-03-01,US,7,0,,
500000035,2022-03-01,DE,5,0,,
500000036,2022-03-01,GB,3,0,,
500000037,2022-03-01,IT,1,0,,
500000038,2022-03-01,US,4,1,2022-03-01,platinum
500000039,2022-03-01,US,5,0,,
500000040,2022-03-01,IT,5,1,2022-03-01,platinum
500000041,2022-03-01,US,4,1,2022-03-02,platinum
500000042,2022-03-01,ES,4,0,,
500000043,2022-03-01,US,3,1,2022-03-01,platinum
500000044,2022-03-01,SE,3,1,2022-03-03,platinum
500000046,2022-03-01,SE,4,0,,
500000047,2022-03-01,US,1,1,2022-03-01,platinum
500000048,2022-03-01,PL,1,1,2022-03-02,platinum
500000050,2022-03-01,DE,5,1,2022-03-02,platinum
500000051,2022-03-01,US,4,0,,
500000054,2022-03-01,FR,3,1,2022-03-01,platinum
500000055,2022-03-01,PL,2,1,2022-03-01,platinum
500000056,2022-03-01,DE,3,0,,
500000059,2022-03-01,GB,2,1,2022-03-05,platinum
500000060,2022-03-01,US,6,1,2022-03-05,platinum
500000061,2022-03-01,ES,2,1,2022-03-02,platinum
500000062,2022-03-01,PL,1,0,,
500000063,2022-03-01,CA,1,0,,
500000064,2022-03-01,FR,2,1,2022-03-05,platinum
500000065,2022-03-01,US,2,1,2022-03-01,platinum
500000072,2022-03-01,GB,1,0,,
500000073,2022-03-01,PL,2,0,,
500000074,2022-03-01,US,3,1,2022-03-02,platinum
500000077,2022-03-01,US,2,1,2022-03-01,platinum
500000078,2022-03-01,GB,2,1,2022-03-01,platinum
500000079,2022-03-01,GB,3,0,,
500000080,2022-03-01,DE,1,0,,
500000081,2022-03-01,IT,1,0,,
500000085,2022-03-01,US,3,1,2022-03-01,platinum
500000087,2022-03-01,US,3,1,2022-03-06,platinum
500000090,2022-03-01,CA,2,0,,
500000094,2022-03-01,US,1,0,,
500000095,2022-03-01,GB,7,1,2022-03-04,platinum
500000096,2022-03-01,US,1,0,,
500000100,2022-03-01,ES,7,1,2022-03-03,platinum
500000101,2022-03-01,PL,3,1,2022-03-08,platinum
500000103,2022-03-01,CA,7,0,,
500000105,2022-03-01,DE,7,1,2022-03-02,platinum
500000106,2022-03-01,GB,1,0,,
500000107,2022-03-02,FR,3,0,,
500000109,2022-03-01,US,6,1,2022-03-04,platinum
500000113,2022-03-01,GB,2,1,2022-03-05,platinum
500000116,2022-03-01,US,1,1,2022-03-05,platinum
500000129,2022-03-01,CA,4,0,,
500000131,2022-03-01,GB,3,1,2022-03-08,platinum
500000132,2022-03-01,US,4,1,2022-03-01,platinum
500000133,2022-03-01,US,1,0,,
500000139,2022-03-01,DE,3,0,,
500000143,2022-03-01,DE,2,0,,
500000152,2022-03-01,US,2,1,2022-03-06,platinum
500000156,2022-03-01,DE,2,1,2022-03-03,platinum
500000157,2022-03-01,US,1,1,2022-03-03,platinum
500000162,2022-03-01,DE,1,0,,
500000166,2022-03-01,FR,1,0,,
500000171,2022-03-01,GB,1,1,2022-03-03,platinum
500000172,2022-03-01,ES,1,1,2022-03-05,platinum
500000178,2022-03-01,IT,5,0,,
500000179,2022-03-02,DE,3,1,2022-03-05,platinum
500000184,2022-03-01,US,3,1,2022-03-01,platinum
500000186,2022-03-01,SE,2,1,2022-03-04,platinum
500000188,2022-03-01,US,3,1,2022-03-01,platinum
500000194,2022-03-02,DE,1,1,2022-03-08,platinum
500000200,2022-03-01,DE,4,0,,
500000215,2022-03-01,US,6,1,2022-03-07,platinum
500000217,2022-03-02,DE,5,0,,
500000220,2022-03-01,SE,3,1,2022-03-01,platinum
500000223,2022-03-01,IT,6,1,2022-03-05,platinum
500000227,2022-03-01,DE,1,0,,
500000228,2022-03-01,GB,4,1,2022-03-03,platinum
500000240,2022-03-01,PL,5,0,,
500000245,2022-03-01,ES,1,1,2022-03-01,platinum
500000279,2022-03-01,ES,6,0,,
500000292,2022-03-01,ES,2,1,2022-03-06,platinum
500000304,2022-03-01,SE,2,1,2022-03-08,platinum
500000305,2022-03-02,IT,1,0,,
500000316,2022-03-04,DE,1,1,2022-03-12,platinum
500000317,2022-03-02,CA,5,0,,
500000318,2022-03-01,FR,6,1,2022-03-02,platinum
500000357,2022-03-01,IT,2,1,2022-03-05,platinum
500000400,2022-03-01,GB,1,1,2022-03-04,platinum
500000408,2022-03-01,GB,3,1,2022-03-12,platinum
500000457,2022-03-01,US,3,0,,
500000463,2022-03-06,US,1,1,2022-03-11,platinum
500000496,2022-03-03,DE,1,0,,
500000558,2022-03-04,PL,7,1,2022-03-06,platinum
500000559,2022-03-05,GB,7,1,2022-03-16,gold
500000575,2022-03-01,US,5,0,,
500000683,2022-03-03,US,3,1,2022-03-06,platinum
500000834,2022-03-04,FR,7,1,2022-03-11,gold
500000846,2022-03-02,PL,6,1,2022-03-11,platinum
500000871,2022-03-12,DE,5,0,,
500000891,2022-03-02,DE,7,0,,
500000967,2022-03-02,PL,3,1,2022-03-04,gold
500000987,2022-03-05,US,2,0,,
500001108,2022-03-08,DE,3,1,2022-03-17,gold
500001182,2022-03-03,GB,3,1,2022-03-09,gold
500001591,2022-03-08,FR,3,0,,
500001674,2022-03-13,DE,3,1,2022-03-18,gold
500001706,2022-03-07,GB,4,0,,
500001896,2022-03-26,CA,2,0,,
500001989,2022-03-03,PL,1,1,2022-03-10,silver
500002126,2022-03-04,GB,3,0,,
500002596,2022-03-10,US,2,0,,
500002730,2022-03-02,PL,4,0,,
500002752,2022-03-01,CA,4,1,2022-03-08,bronze
500002833,2022-04-15,FR,3,1,2022-04-22,bronze
500002884,2022-03-14,FR,3,0,,
500002907,2022-05-01,CA,5,1,2022-05-03,silver
500003011,2022-04-09,DE,4,0,,
500003177,2022-03-02,NL,1,0,,
500003531,2022-03-14,GB,7,0,,
500003605,2022-05-18,GB,1,1,2022-05-18,bronze
500003672,2022-03-04,GB,3,0,,
500004140,2022-03-19,GB,3,0,,
500004642,2022-03-08,ES,1,0,,
500004928,2022-04-09,US,7,0,,
500005050,2022-03-19,PL,6,1,2022-04-01,bronze
500005247,2022-06-05,US,1,0,,
500006743,2022-05-22,DE,3,0,,
500008095,2022-03-07,IT,1,0,,
500008246,2022-06-01,PL,6,0,,
500008645,2022-09-03,US,5,0,,
500009828,2022-04-29,US,2,0,,
500011217,2022-06-09,SE,1,0,,
500011237,2022-03-26,DE,4,0,,
500011331,2022-11-06,US,1,0,,
500012074,2022-09-15,US,2,0,,
500012639,2022-06-11,US,4,0,,
500012775,2022-06-02,US,5,1,2022-06-02,bronze
500013023,2022-12-16,NL,4,0,,
500013538,2022-04-02,GB,3,0,,
500014609,2022-11-26,US,1,0,,
500015891,2022-04-15,NL,4,1,2022-04-20,bronze
500016446,2023-03-05,DE,4,0,,
500017212,2022-08-28,US,1,0,,
500017366,2023-03-10,US,2,0,,
500017486,2023-01-12,US,3,0,,
500018228,2022-03-07,IT,1,0,,
500019253,2022-06-20,DE,6,0,,
500023107,2022-05-16,US,1,0,,
500023685,2023-03-31,US,1,0,,
500024990,2023-12-17,NL,1,0,,
500025412,2023-03-06,DE,7,1,2023-03-15,bronze
500026392,2022-10-30,IT,6,0,,
500026448,2022-03-17,ES,1,0,,
500026628,2022-05-19,SE,3,0,,
500026748,2022-04-02,US,3,0,,
500027360,2023-07-30,FR,4,0,,
500028239,2023-06-11,US,2,0,,
500029373,2022-09-14,GB,5,0,,
500032786,2023-03-13,SE,1,1,2023-03-24,bronze
500033696,2023-06-17,SE,5,0,,
500035825,2022-03-05,SE,6,1,2022-03-10,bronze
500036492,2022-06-17,GB,3,1,2022-06-19,bronze
500036597,2023-06-25,US,2,0,,
500036871,2024-01-31,PL,4,0,,
500037569,2023-03-14,US,2,0,,
500037691,2023-10-30,DE,1,1,2023-10-30,bronze
500038421,2023-04-22,ES,2,0,,
500040167,2022-08-23,US,1,0,,
500042029,2023-04-02,CA,4,0,,
500042899,2022-03-02,US,6,0,,
500043716,2023-12-21,PL,1,0,,
500043719,2022-11-26,PL,7,0,,
500044465,2023-06-01,CA,3,0,,
500044728,2022-04-12,CA,1,0,,
500046515,2022-03-01,NL,1,0,,
500046597,2023-09-04,CA,4,0,,
500046669,2023-02-02,GB,5,0,,
500046848,2023-10-20,US,1,0,,
500047212,2023-07-25,GB,4,0,,
500052841,2023-10-10,GB,2,0,,
500055450,2023-03-07,FR,3,0,,
500056619,2022-05-10,DE,2,0,,
500061144,2022-11-27,FR,1,0,,
500070755,2023-11-24,GB,3,0,,
500073041,2022-04-18,NL,1,1,2022-04-30,bronze
500076477,2023-10-11,US,3,1,2023-10-18,bronze
500082444,2023-06-21,US,7,0,,
500099525,2023-01-26,DE,1,1,2023-01-26,bronze
500102298,2022-11-24,CA,4,0,,
500105878,2023-10-20,GB,2,0,,
500109133,2023-05-13,DE,2,1,2023-05-22,bronze
500119628,2023-04-18,DE,5,0,,
500121762,2023-03-22,PL,1,1,2023-03-23,bronze
500134480,2023-09-10,PL,5,0,,
500140819,2024-02-29,US,3,0,,
500140905,2023-11-05,FR,5,1,2023-11-05,bronze
