txn_id,user_id,order_id,txn_ts,txn_type,points
LTX0000001,500000001,,2022-03-01 00:00:00,signup_bonus,200
LTX0000002,500000002,,2022-03-01 00:00:00,signup_bonus,200
LTX0000003,500000003,,2022-03-01 00:00:00,signup_bonus,200
LTX0000004,500000004,,2022-03-01 00:00:00,signup_bonus,200
LTX0000005,500000006,,2022-03-01 00:00:00,signup_bonus,200
LTX0000006,500000007,,2022-03-01 00:00:00,signup_bonus,200
LTX0000007,500000008,,2022-03-01 00:00:00,signup_bonus,200
LTX0000008,500000009,,2022-03-01 00:00:00,signup_bonus,200
LTX0000009,500000011,,2022-03-01 00:00:00,signup_bonus,200
LTX0000010,500000015,,2022-03-01 00:00:00,signup_bonus,200
LTX0000011,500000016,,2022-03-01 00:00:00,signup_bonus,200
LTX0000013,500000020,,2022-03-01 00:00:00,signup_bonus,200
LTX0000014,500000021,,2022-03-01 00:00:00,signup_bonus,200
LTX0000015,500000023,,2022-03-01 00:00:00,signup_bonus,200
LTX0000016,500000025,,2022-03-01 00:00:00,signup_bonus,200
LTX0000018,500000028,,2022-03-01 00:00:00,signup_bonus,200
LTX0000019,500000038,,2022-03-01 00:00:00,signup_bonus,200
LTX0000020,500000040,,2022-03-01 00:00:00,signup_bonus,200
LTX0000022,500000047,,2022-03-01 00:00:00,signup_bonus,200
LTX0000023,500000054,,2022-03-01 00:00:00,signup_bonus,200
LTX0000024,500000055,,2022-03-01 00:00:00,signup_bonus,200
LTX0000025,500000065,,2022-03-01 00:00:00,signup_bonus,200
LTX0000028,500000077,,2022-03-01 00:00:00,signup_bonus,200
LTX0000029,500000078,,2022-03-01 00:00:00,signup_bonus,200
LTX0000032,500000085,,2022-03-01 00:00:00,signup_bonus,200
LTX0000041,500000188,,2022-03-01 00:00:00,signup_bonus,200
LTX0000045,500000220,,2022-03-01 00:00:00,signup_bonus,200
LTX0000046,500000245,,2022-03-01 00:00:00,signup_bonus,200
LTX0000527,500000019,,2022-03-02 00:00:00,signup_bonus,200
LTX0000528,500000022,,2022-03-02 00:00:00,signup_bonus,200
LTX0000529,500000029,,2022-03-02 00:00:00,signup_bonus,200
LTX0000530,500000041,,2022-03-02 00:00:00,signup_bonus,200
LTX0000531,500000048,,2022-03-02 00:00:00,signup_bonus,200
LTX0000532,500000050,,2022-03-02 00:00:00,signup_bonus,200
LTX0000535,500000074,,2022-03-02 00:00:00,signup_bonus,200
LTX0001025,500000156,,2022-03-03 00:00:00,signup_bonus,200
LTX0001028,500000171,,2022-03-03 00:00:00,signup_bonus,200
LTX0001032,500000228,,2022-03-03 00:00:00,signup_bonus,200
LTX0001551,500000186,,2022-03-04 00:00:00,signup_bonus,200
LTX0001887,500000001,ORD0001715,2022-03-04 18:12:00,earn,72
LTX0002056,500000059,,2022-03-05 00:00:00,signup_bonus,200
LTX0002057,500000060,,2022-03-05 00:00:00,signup_bonus,200
LTX0002062,500000116,,2022-03-05 00:00:00,signup_bonus,200
LTX0002064,500000179,,2022-03-05 00:00:00,signup_bonus,200
LTX0002748,500000558,,2022-03-06 00:00:00,signup_bonus,200
LTX0003371,500000215,,2022-03-07 00:00:00,signup_bonus,200
LTX0003911,500000101,,2022-03-08 00:00:00,signup_bonus,200
LTX0003919,500000304,,2022-03-08 00:00:00,signup_bonus,200
LTX0004185,500000004,ORD0003814,2022-03-08 12:58:52,earn,7
LTX0005081,500035825,,2022-03-10 00:00:00,signup_bonus,200
LTX0005537,500000463,,2022-03-11 00:00:00,signup_bonus,200
LTX0008181,500000002,ORD0007357,2022-03-15 12:51:26,earn,15
LTX0008297,500000001,ORD0007488,2022-03-15 17:20:21,earn,26
LTX0008750,500000001,ORD0007841,2022-03-16 13:57:26,earn,46
LTX0009549,500001674,,2022-03-18 00:00:00,signup_bonus,200
LTX0010318,500000002,ORD0009270,2022-03-19 12:27:21,earn,91
LTX0010503,500000003,ORD0009483,2022-03-19 18:24:59,earn,84
LTX0011520,500000001,ORD0010418,2022-03-21 10:34:47,earn,26
LTX0014907,500000001,ORD0013587,2022-03-27 11:55:43,earn,89
LTX0015169,500000002,ORD0013870,2022-03-27 19:32:37,earn,140
LTX0017334,500005050,,2022-04-01 00:00:00,signup_bonus,200
LTX0018670,500000001,ORD0017258,2022-04-03 11:06:42,earn,77
LTX0019741,500000004,ORD0018355,2022-04-05 10:54:43,redeem,-500
LTX0019742,500000004,ORD0018355,2022-04-05 10:54:43,earn,34
LTX0020941,500000002,ORD0019549,2022-04-07 17:50:25,earn,15
LTX0021272,500000001,ORD0019868,2022-04-08 12:00:18,earn,56
LTX0021365,500000001,ORD0019971,2022-04-08 14:39:16,earn,32
LTX0021769,500005050,ORD0020335,2022-04-09 03:37:17,earn,89
LTX0022131,500000001,ORD0020714,2022-04-09 16:11:42,earn,164
LTX0022283,500000001,ORD0020878,2022-04-09 19:07:00,earn,13
LTX0022460,500000002,ORD0021064,2022-04-09 22:17:43,earn,55
LTX0023013,500000003,ORD0021616,2022-04-10 18:29:18,earn,82
LTX0024014,500000003,ORD0022652,2022-04-12 13:10:27,earn,16
LTX0024457,500000015,ORD0023134,2022-04-13 08:04:58,earn,114
LTX0027367,500000002,ORD0026263,2022-04-17 23:24:37,earn,60
LTX0028759,500000003,ORD0027715,2022-04-20 18:03:16,earn,201
LTX0029471,500002833,,2022-04-22 00:00:00,signup_bonus,200
LTX0032699,500000002,ORD0031704,2022-04-27 19:56:24,earn,13
LTX0033788,500073041,,2022-04-30 00:00:00,signup_bonus,200
LTX0035579,500002907,,2022-05-03 00:00:00,signup_bonus,200
LTX0038024,500002907,ORD0037108,2022-05-07 15:30:56,earn,48
LTX0038225,500000004,ORD0037319,2022-05-07 20:02:26,earn,73
LTX0041052,500000001,ORD0040200,2022-05-12 19:54:23,earn,35
LTX0041153,500000001,ORD0040319,2022-05-12 23:09:15,earn,74
LTX0042316,500000003,ORD0041535,2022-05-14 22:34:48,earn,48
LTX0043930,500000001,ORD0043202,2022-05-17 18:05:42,earn,93
LTX0044112,500003605,,2022-05-18 00:00:00,signup_bonus,200
LTX0044402,500000001,ORD0043694,2022-05-18 17:22:46,earn,34
LTX0048155,500000002,ORD0047594,2022-05-25 13:08:24,earn,38
LTX0048929,500000003,ORD0048434,2022-05-26 22:28:16,earn,33
LTX0049052,500000006,ORD0048543,2022-05-27 09:24:11,earn,80
LTX0049053,500000006,ORD0048545,2022-05-27 09:25:16,earn,22
LTX0051469,500000001,ORD0051129,2022-05-31 11:03:54,redeem,-500
LTX0051470,500000001,ORD0051129,2022-05-31 11:03:54,earn,33
LTX0051530,500000001,ORD0051194,2022-05-31 12:49:54,earn,189
LTX0052245,500000001,ORD0051956,2022-06-01 18:59:49,earn,44
LTX0054230,500000001,ORD0053955,2022-06-05 12:04:20,earn,76
LTX0056059,500000011,ORD0055891,2022-06-08 20:40:18,earn,210
LTX0056328,500000003,ORD0056156,2022-06-09 12:38:05,earn,48
LTX0057883,500000001,ORD0057734,2022-06-12 09:04:13,earn,16
LTX0057909,500000001,ORD0057763,2022-06-12 09:59:15,earn,20
LTX0057983,500000001,ORD0057848,2022-06-12 12:34:25,earn,32
LTX0058622,500000008,ORD0058508,2022-06-13 12:52:32,earn,72
LTX0059268,500000002,ORD0059179,2022-06-14 19:04:10,earn,23
LTX0060176,500000003,ORD0060106,2022-06-16 17:49:46,earn,55
LTX0060488,500000025,ORD0060428,2022-06-17 11:36:42,earn,84
LTX0060835,500000004,ORD0060796,2022-06-17 22:01:56,earn,15
LTX0061073,500000001,ORD0061051,2022-06-18 12:43:20,earn,99
LTX0061512,500036492,,2022-06-19 00:00:00,signup_bonus,200
LTX0062359,500000002,ORD0062401,2022-06-20 15:28:30,earn,26
LTX0063173,500000007,ORD0063226,2022-06-22 10:00:58,earn,37
LTX0063270,500000001,ORD0063329,2022-06-22 13:12:34,earn,35
LTX0063968,500000008,ORD0064067,2022-06-23 20:15:39,earn,164
LTX0064130,500000001,ORD0064218,2022-06-24 09:01:29,earn,165
LTX0064404,500000006,ORD0064496,2022-06-24 18:36:50,earn,72
LTX0065427,500000003,ORD0065567,2022-06-26 12:42:06,earn,89
LTX0066219,500000001,ORD0066390,2022-06-27 19:52:43,earn,41
LTX0066682,500000001,ORD0066871,2022-06-28 18:23:38,redeem,-500
LTX0066683,500000001,ORD0066871,2022-06-28 18:23:38,earn,106
LTX0068461,500000001,ORD0068680,2022-07-01 21:08:01,earn,23
LTX0068504,500000001,ORD0068733,2022-07-01 22:33:07,earn,201
LTX0071890,500000001,ORD0072280,2022-07-07 12:29:08,earn,7
LTX0072566,500000001,ORD0073001,2022-07-08 15:32:42,earn,70
LTX0075682,500000021,ORD0076285,2022-07-13 13:50:42,earn,52
LTX0078220,500000001,ORD0078943,2022-07-17 14:16:57,earn,33
LTX0078341,500000001,ORD0079082,2022-07-17 17:12:34,earn,23
LTX0078920,500000004,ORD0079692,2022-07-18 17:32:10,earn,12
LTX0079112,500000004,ORD0079880,2022-07-19 00:20:11,earn,169
LTX0080334,500000001,ORD0081188,2022-07-21 19:20:13,earn,54
LTX0080339,500000003,ORD0081193,2022-07-21 19:30:11,earn,87
LTX0081483,500000002,ORD0082381,2022-07-23 23:12:22,earn,48
LTX0083728,500000001,ORD0084757,2022-07-28 17:34:55,earn,62
LTX0084533,500000001,ORD0085593,2022-07-30 11:28:22,earn,16
LTX0088814,500000001,ORD0090022,2022-08-07 11:08:33,earn,63
LTX0089812,500000016,ORD0091045,2022-08-09 01:28:38,earn,82
LTX0089904,500000002,ORD0091153,2022-08-09 12:24:57,earn,79
LTX0089946,500000002,ORD0091193,2022-08-09 14:01:14,earn,65
LTX0090051,500000001,ORD0091304,2022-08-09 17:28:44,earn,43
LTX0091353,500000009,ORD0092660,2022-08-12 11:28:47,earn,140
LTX0092238,500000006,ORD0093576,2022-08-13 21:27:45,redeem,-500
LTX0092239,500000006,ORD0093576,2022-08-13 21:27:45,earn,16
LTX0092658,500000001,ORD0094035,2022-08-14 18:38:02,earn,75
LTX0094116,500000003,ORD0095534,2022-08-17 16:09:00,earn,75
LTX0094135,500000002,ORD0095555,2022-08-17 17:04:35,redeem,-500
LTX0094136,500000002,ORD0095555,2022-08-17 17:04:35,earn,51
LTX0095786,500000002,ORD0097257,2022-08-20 20:22:06,redeem,-500
LTX0095787,500000002,ORD0097257,2022-08-20 20:22:06,earn,27
LTX0096484,500000015,ORD0098000,2022-08-21 22:03:03,earn,87
LTX0097771,500000001,ORD0099363,2022-08-24 19:22:20,earn,89
LTX0098566,500000006,ORD0100188,2022-08-26 12:33:33,earn,60
LTX0100349,500000015,ORD0102038,2022-08-29 11:25:00,earn,67
LTX0100400,500000009,ORD0102090,2022-08-29 12:53:41,earn,79
LTX0101956,500000001,ORD0103714,2022-09-01 00:21:29,redeem,-500
LTX0101957,500000001,ORD0103714,2022-09-01 00:21:29,earn,58
LTX0103280,500000001,ORD0105100,2022-09-03 10:24:12,earn,74
LTX0104440,500000006,ORD0106348,2022-09-04 18:07:46,earn,64
LTX0104596,500000001,ORD0106512,2022-09-04 20:36:28,redeem,-500
LTX0104597,500000001,ORD0106512,2022-09-04 20:36:28,earn,190
LTX0107883,500000001,ORD0109935,2022-09-10 06:23:53,earn,61
LTX0108876,500000116,ORD0110948,2022-09-11 10:58:31,earn,19
LTX0110121,500000304,ORD0112270,2022-09-13 07:35:58,earn,11
LTX0110741,500000002,ORD0112931,2022-09-14 10:58:04,earn,157
LTX0110889,500000001,ORD0113079,2022-09-14 14:58:26,earn,93
LTX0113491,500000001,ORD0115791,2022-09-18 16:39:13,earn,137
LTX0114131,500000003,ORD0116437,2022-09-19 16:48:38,earn,101
LTX0114689,500000001,ORD0117013,2022-09-20 16:45:44,earn,65
LTX0117648,500000001,ORD0120120,2022-09-25 12:47:49,earn,91
LTX0120746,500000003,ORD0123475,2022-09-30 19:23:01,earn,19
LTX0121201,500000001,ORD0123943,2022-10-01 15:16:35,redeem,-500
LTX0121202,500000001,ORD0123943,2022-10-01 15:16:35,earn,19
LTX0123225,500000003,ORD0126112,2022-10-04 19:27:33,earn,137
LTX0123420,500000001,ORD0126311,2022-10-05 07:54:54,earn,16
LTX0123729,500000002,ORD0126650,2022-10-05 17:55:27,earn,176
LTX0125265,500000002,ORD0128275,2022-10-08 12:30:19,earn,34
LTX0126390,500000001,ORD0129460,2022-10-09 22:01:30,earn,39
LTX0128091,500000001,ORD0131268,2022-10-13 09:45:54,earn,94
LTX0129051,500000001,ORD0132261,2022-10-14 21:05:40,earn,48
LTX0130107,500000004,ORD0133367,2022-10-16 12:46:54,earn,34
LTX0131325,500000002,ORD0134657,2022-10-18 12:46:17,redeem,-500
LTX0131326,500000002,ORD0134657,2022-10-18 12:46:17,earn,94
LTX0132510,500000001,ORD0135906,2022-10-20 15:28:33,earn,87
LTX0132932,500000015,ORD0136338,2022-10-21 11:50:13,earn,15
LTX0135195,500000002,ORD0138764,2022-10-24 20:49:48,earn,29
LTX0135730,500000002,ORD0139339,2022-10-25 20:22:34,earn,15
LTX0135806,500000020,ORD0139418,2022-10-25 22:15:48,earn,90
LTX0136593,500000001,ORD0140247,2022-10-27 13:06:23,redeem,-500
LTX0136594,500000001,ORD0140247,2022-10-27 13:06:23,earn,53
LTX0139701,500000002,ORD0143540,2022-11-01 13:49:06,earn,130
LTX0140830,500000001,ORD0144746,2022-11-03 18:44:14,earn,36
LTX0141017,500000002,ORD0144940,2022-11-04 03:50:18,earn,70
LTX0141804,500000001,ORD0145781,2022-11-05 17:24:26,earn,84
LTX0141818,500000008,ORD0145795,2022-11-05 17:50:33,earn,46
LTX0143154,500000055,ORD0147188,2022-11-08 08:41:11,earn,19
LTX0145155,500000003,ORD0149317,2022-11-12 12:37:27,redeem,-500
LTX0145156,500000003,ORD0149317,2022-11-12 12:37:27,earn,17
LTX0146875,500000001,ORD0151134,2022-11-15 16:36:08,earn,24
LTX0151693,500000001,ORD0156194,2022-11-24 12:39:36,earn,91
LTX0155426,500000006,ORD0160213,2022-11-26 11:53:34,earn,65
LTX0157849,500000007,ORD0162870,2022-11-27 12:33:55,earn,19
LTX0159158,500003605,ORD0164359,2022-11-27 22:02:51,earn,94
LTX0159314,500000002,ORD0164528,2022-11-27 23:48:16,earn,133
LTX0159845,500000028,ORD0165093,2022-11-29 01:54:32,earn,10
LTX0160447,500000001,ORD0165772,2022-11-30 14:14:38,earn,79
LTX0161488,500000001,ORD0166941,2022-12-02 21:59:18,redeem,-500
LTX0161489,500000001,ORD0166941,2022-12-02 21:59:18,earn,170
LTX0162406,500000001,ORD0167891,2022-12-04 18:22:44,earn,129
LTX0162480,500000001,ORD0167970,2022-12-04 19:51:37,earn,84
LTX0162824,500000006,ORD0168322,2022-12-05 15:38:12,earn,44
LTX0163842,500000001,ORD0169412,2022-12-07 22:12:21,earn,126
LTX0163978,500000001,ORD0169548,2022-12-08 11:31:02,earn,44
LTX0165547,500000001,ORD0171243,2022-12-11 16:08:02,earn,37
LTX0166351,500000001,ORD0172107,2022-12-13 14:39:23,earn,22
LTX0167712,500000001,ORD0173567,2022-12-16 16:06:37,earn,75
LTX0170308,500000003,ORD0176307,2022-12-19 20:11:15,earn,102
LTX0171442,500000001,ORD0177502,2022-12-21 15:13:34,redeem,-500
LTX0171443,500000001,ORD0177502,2022-12-21 15:13:34,earn,64
LTX0173361,500000001,ORD0179561,2022-12-24 10:47:15,earn,39
LTX0173922,500000001,ORD0180173,2022-12-24 20:56:45,earn,42
LTX0174456,500000001,ORD0180756,2022-12-25 19:53:23,earn,31
LTX0176248,500000001,ORD0182625,2022-12-30 21:05:25,earn,18
LTX0176762,500000001,ORD0183160,2023-01-01 11:00:40,redeem,-500
LTX0176763,500000001,ORD0183160,2023-01-01 11:00:40,earn,65
LTX0177579,500000002,ORD0184018,2023-01-03 14:28:35,earn,36
LTX0178727,500000001,ORD0185231,2023-01-06 15:22:22,earn,40
LTX0180021,500000003,ORD0186602,2023-01-08 13:25:19,earn,49
LTX0180321,500000002,ORD0186919,2023-01-08 19:30:31,earn,55
LTX0181472,500000001,ORD0188115,2023-01-10 14:26:28,earn,128
LTX0181523,500000002,ORD0188166,2023-01-10 16:02:05,redeem,-500
LTX0181524,500000002,ORD0188166,2023-01-10 16:02:05,earn,31
LTX0182201,500000003,ORD0188873,2023-01-11 16:43:45,earn,70
LTX0184201,500000001,ORD0190975,2023-01-14 18:01:27,earn,90
LTX0184558,500000001,ORD0191357,2023-01-15 05:47:02,earn,217
LTX0185454,500000009,ORD0192297,2023-01-16 09:40:16,earn,148
LTX0185551,500000020,ORD0192405,2023-01-16 12:45:58,earn,82
LTX0185655,500000048,ORD0192525,2023-01-16 15:47:16,earn,167
LTX0186394,500000085,ORD0193320,2023-01-17 19:09:34,earn,27
LTX0188380,500000007,ORD0195354,2023-01-20 19:09:20,earn,30
LTX0188601,500000007,ORD0195582,2023-01-21 05:52:08,earn,46
LTX0189981,500000038,ORD0197030,2023-01-22 19:34:12,earn,29
LTX0190982,500000001,ORD0198063,2023-01-24 11:39:34,earn,59
LTX0192082,500099525,,2023-01-26 00:00:00,signup_bonus,200
LTX0192983,500000001,ORD0200184,2023-01-27 14:37:46,earn,63
LTX0196413,500000002,ORD0203857,2023-02-01 12:05:01,earn,92
LTX0196644,500000002,ORD0204104,2023-02-01 18:16:02,earn,12
LTX0199384,500000001,ORD0206985,2023-02-05 18:16:49,earn,40
LTX0200551,500000001,ORD0208219,2023-02-07 16:25:36,earn,186
LTX0200871,500000077,ORD0208573,2023-02-08 08:02:52,earn,28
LTX0201656,500000001,ORD0209404,2023-02-09 14:12:24,earn,112
LTX0202075,500000001,ORD0209862,2023-02-10 10:06:02,earn,57
LTX0203538,500000002,ORD0211398,2023-02-12 10:54:16,redeem,-500
LTX0203539,500000002,ORD0211398,2023-02-12 10:54:16,earn,56
LTX0204184,500000003,ORD0212112,2023-02-13 00:22:26,earn,13
LTX0204472,500000004,ORD0212435,2023-02-13 15:34:55,earn,87
LTX0206326,500000003,ORD0214437,2023-02-16 17:42:51,earn,73
LTX0207432,500000001,ORD0215618,2023-02-18 11:32:12,earn,96
LTX0208741,500000001,ORD0216994,2023-02-19 21:38:34,earn,131
LTX0208769,500000002,ORD0217022,2023-02-19 22:17:10,earn,76
LTX0209756,500000001,ORD0218073,2023-02-21 15:20:35,earn,24
LTX0209919,500000004,ORD0218261,2023-02-21 19:15:43,earn,20
LTX0210086,500000006,ORD0218448,2023-02-21 23:03:51,earn,21
LTX0211903,500000003,ORD0220411,2023-02-24 23:39:39,earn,104
LTX0211948,500000023,ORD0220444,2023-02-25 04:15:24,earn,41
LTX0212653,500000007,ORD0221201,2023-02-25 22:06:25,earn,59
LTX0215157,500000001,ORD0223869,2023-03-01 19:53:27,earn,36
LTX0216648,500000023,ORD0225461,2023-03-04 09:00:53,redeem,-500
LTX0216649,500000023,ORD0225461,2023-03-04 09:00:53,earn,123
LTX0218112,500000002,ORD0226995,2023-03-05 22:08:56,earn,86
LTX0219283,500000001,ORD0228232,2023-03-07 19:28:45,earn,98
LTX0222557,500000001,ORD0231761,2023-03-12 17:00:20,earn,73
LTX0224201,500025412,,2023-03-15 00:00:00,signup_bonus,200
LTX0224250,500000065,ORD0233570,2023-03-15 07:53:44,earn,79
LTX0224830,500000002,ORD0234175,2023-03-15 22:16:36,earn,28
LTX0224867,500000002,ORD0234216,2023-03-15 23:46:24,earn,117
LTX0226720,500000002,ORD0236174,2023-03-18 18:49:53,redeem,-500
LTX0226721,500000002,ORD0236174,2023-03-18 18:49:53,earn,80
LTX0227674,500000001,ORD0237189,2023-03-19 20:42:12,earn,8
LTX0227703,500000001,ORD0237217,2023-03-19 21:00:30,earn,88
LTX0229648,500000001,ORD0239277,2023-03-22 20:56:23,redeem,-500
LTX0229649,500000001,ORD0239277,2023-03-22 20:56:23,earn,191
LTX0230372,500032786,,2023-03-24 00:00:00,signup_bonus,200
LTX0231395,500000002,ORD0241094,2023-03-25 14:32:32,earn,76
LTX0232381,500000001,ORD0242145,2023-03-26 16:53:10,redeem,-500
LTX0232382,500000001,ORD0242145,2023-03-26 16:53:10,earn,42
LTX0234377,500000171,ORD0244243,2023-03-29 16:21:58,earn,44
LTX0240772,500000001,ORD0251106,2023-04-07 16:05:05,redeem,-500
LTX0240773,500000001,ORD0251106,2023-04-07 16:05:05,earn,27
LTX0243717,500000002,ORD0254270,2023-04-10 19:44:28,redeem,-500
LTX0243718,500000002,ORD0254270,2023-04-10 19:44:28,earn,47
LTX0243848,500000001,ORD0254429,2023-04-10 22:17:24,redeem,-500
LTX0243849,500000001,ORD0254429,2023-04-10 22:17:24,earn,16
LTX0245317,500000003,ORD0256032,2023-04-12 20:02:28,earn,17
LTX0246074,500000004,ORD0256888,2023-04-13 20:59:01,redeem,-500
LTX0246075,500000004,ORD0256888,2023-04-13 20:59:01,earn,33
LTX0246444,500000002,ORD0257267,2023-04-14 12:11:59,earn,72
LTX0247332,500000001,ORD0258219,2023-04-15 13:56:45,redeem,-500
LTX0247333,500000001,ORD0258219,2023-04-15 13:56:45,earn,31
LTX0248665,500000074,ORD0259688,2023-04-16 20:39:28,earn,29
LTX0249065,500000002,ORD0260141,2023-04-17 13:19:22,earn,32
LTX0249493,500000001,ORD0260617,2023-04-17 23:00:51,earn,97
LTX0252354,500000003,ORD0263654,2023-04-22 09:27:18,redeem,-500
LTX0252355,500000003,ORD0263654,2023-04-22 09:27:18,earn,62
LTX0252370,500000228,ORD0263672,2023-04-22 09:48:28,earn,14
LTX0252440,500000001,ORD0263747,2023-04-22 11:27:40,earn,213
LTX0253409,500000003,ORD0264757,2023-04-23 12:53:27,earn,48
LTX0254220,500000001,ORD0265602,2023-04-24 12:00:26,earn,91
LTX0254604,500000001,ORD0266027,2023-04-24 21:00:08,earn,14
LTX0256904,500000001,ORD0268452,2023-04-28 11:33:46,earn,29
LTX0257205,500000003,ORD0268770,2023-04-28 18:46:26,earn,100
LTX0257798,500000003,ORD0269395,2023-04-29 14:34:21,earn,73
LTX0258371,500000002,ORD0270021,2023-04-30 10:04:24,earn,60
LTX0258931,500000001,ORD0270636,2023-04-30 20:14:18,redeem,-500
LTX0258932,500000001,ORD0270636,2023-04-30 20:14:18,earn,56
LTX0259700,500000001,ORD0271485,2023-05-01 21:27:07,earn,50
LTX0262309,500000019,ORD0274224,2023-05-05 17:03:22,redeem,-500
LTX0262310,500000019,ORD0274224,2023-05-05 17:03:22,earn,34
LTX0263996,500000002,ORD0276017,2023-05-07 16:23:11,earn,92
LTX0265443,500000007,ORD0277574,2023-05-09 15:00:31,earn,203
LTX0267556,500000001,ORD0279827,2023-05-12 15:36:00,earn,33
LTX0270533,500000001,ORD0283021,2023-05-16 10:19:55,earn,149
LTX0270773,500000001,ORD0283288,2023-05-16 16:26:35,earn,225
LTX0271588,500000001,ORD0284187,2023-05-17 18:39:30,earn,37
LTX0274495,500000002,ORD0287285,2023-05-21 13:31:59,earn,30
LTX0275071,500109133,,2023-05-22 00:00:00,signup_bonus,200
LTX0275602,500000004,ORD0288461,2023-05-22 19:25:41,earn,115
LTX0275741,500000001,ORD0288611,2023-05-22 22:12:52,earn,79
LTX0276019,500000006,ORD0288907,2023-05-23 13:10:59,earn,7
LTX0276086,500000004,ORD0288984,2023-05-23 15:05:50,redeem,-500
LTX0276087,500000004,ORD0288984,2023-05-23 15:05:50,earn,81
LTX0276596,500000002,ORD0289517,2023-05-24 10:28:21,earn,66
LTX0276800,500000006,ORD0289741,2023-05-24 16:04:35,earn,79
LTX0278673,500000001,ORD0291708,2023-05-27 10:39:35,earn,37
LTX0279282,500000002,ORD0292365,2023-05-27 21:20:41,earn,46
LTX0282381,500000003,ORD0295668,2023-06-01 00:28:09,earn,183
LTX0283235,500000006,ORD0296546,2023-06-02 11:20:10,earn,35
LTX0286347,500000101,ORD0299865,2023-06-06 09:17:58,redeem,-500
LTX0286348,500000101,ORD0299865,2023-06-06 09:17:58,earn,27
LTX0287606,500000001,ORD0301193,2023-06-07 23:07:51,earn,31
LTX0287850,500000004,ORD0301454,2023-06-08 13:17:15,earn,44
LTX0288418,500000001,ORD0302077,2023-06-09 12:00:17,earn,14
LTX0289091,500001674,ORD0302789,2023-06-10 10:20:46,earn,16
LTX0290368,500000002,ORD0304165,2023-06-11 18:08:32,earn,21
LTX0291298,500000001,ORD0305152,2023-06-12 21:31:09,earn,91
LTX0292419,500000001,ORD0306332,2023-06-14 16:26:28,redeem,-500
LTX0292420,500000001,ORD0306332,2023-06-14 16:26:28,earn,110
LTX0294919,500000050,ORD0309003,2023-06-17 23:33:11,earn,88
LTX0296645,500000002,ORD0310859,2023-06-20 12:48:22,earn,25
LTX0297230,500000003,ORD0311465,2023-06-21 11:56:19,earn,29
LTX0297495,500000019,ORD0311751,2023-06-21 18:45:46,redeem,-500
LTX0297496,500000019,ORD0311751,2023-06-21 18:45:46,earn,201
LTX0298184,500000001,ORD0312481,2023-06-22 18:24:19,earn,23
LTX0300300,500000004,ORD0314702,2023-06-25 12:05:40,earn,89
LTX0301749,500000001,ORD0316233,2023-06-27 10:31:00,earn,220
LTX0302144,500000016,ORD0316676,2023-06-27 19:51:33,redeem,-500
LTX0302145,500000016,ORD0316676,2023-06-27 19:51:33,earn,74
LTX0302946,500000006,ORD0317551,2023-06-28 22:25:25,earn,85
LTX0306491,500000001,ORD0321342,2023-07-02 23:52:33,earn,44
LTX0308472,500000001,ORD0323463,2023-07-05 18:20:30,earn,79
LTX0309009,500000001,ORD0324039,2023-07-06 13:22:08,earn,47
LTX0309024,500000001,ORD0324057,2023-07-06 13:49:18,earn,207
LTX0312415,500000002,ORD0327666,2023-07-10 11:28:34,redeem,-500
LTX0312416,500000002,ORD0327666,2023-07-10 11:28:34,earn,105
LTX0312459,500000002,ORD0327712,2023-07-10 12:33:52,earn,77
LTX0314166,500000001,ORD0329537,2023-07-12 17:34:39,earn,108
LTX0316347,500000006,ORD0331845,2023-07-15 12:34:25,redeem,-500
LTX0316348,500000006,ORD0331845,2023-07-15 12:34:25,earn,77
LTX0318954,500000001,ORD0334656,2023-07-18 16:42:39,earn,82
LTX0318975,500000001,ORD0334680,2023-07-18 17:13:20,earn,95
LTX0323074,500002833,ORD0339131,2023-07-25 01:06:08,earn,20
LTX0323206,500000007,ORD0339274,2023-07-25 11:23:35,earn,78
LTX0323693,500000003,ORD0339781,2023-07-25 22:26:09,redeem,-500
LTX0323694,500000003,ORD0339781,2023-07-25 22:26:09,earn,37
LTX0330544,500000001,ORD0347126,2023-08-05 09:56:39,redeem,-500
LTX0330545,500000001,ORD0347126,2023-08-05 09:56:39,earn,57
LTX0331349,500000001,ORD0347994,2023-08-06 09:44:43,earn,24
LTX0333913,500000003,ORD0350730,2023-08-09 21:08:48,earn,207
LTX0334325,500000004,ORD0351170,2023-08-10 15:07:52,earn,79
LTX0334417,500000060,ORD0351273,2023-08-10 17:43:20,earn,24
LTX0336462,500000215,ORD0353454,2023-08-13 13:54:13,earn,51
LTX0337026,500000001,ORD0354051,2023-08-14 07:54:11,earn,16
LTX0339854,500000015,ORD0357053,2023-08-18 14:41:23,earn,16
LTX0341504,500000001,ORD0358792,2023-08-20 13:58:49,earn,99
LTX0342588,500000006,ORD0359954,2023-08-21 21:52:55,earn,78
LTX0344455,500000002,ORD0361947,2023-08-24 20:40:43,earn,30
LTX0346206,500000004,ORD0363807,2023-08-27 10:06:21,earn,56
LTX0346531,500000047,ORD0364181,2023-08-27 17:49:28,earn,36
LTX0347090,500000006,ORD0364797,2023-08-28 12:49:51,earn,48
LTX0347531,500000463,ORD0365280,2023-08-28 20:59:12,earn,24
LTX0348896,500000001,ORD0366754,2023-08-30 20:16:47,earn,72
LTX0349534,500000179,ORD0367420,2023-08-31 19:14:44,earn,28
LTX0354707,500000001,ORD0372979,2023-09-06 14:37:07,earn,37
LTX0355095,500000006,ORD0373404,2023-09-06 20:54:11,earn,161
LTX0355173,500000001,ORD0373493,2023-09-06 22:35:11,redeem,-500
LTX0355174,500000001,ORD0373493,2023-09-06 22:35:11,earn,57
LTX0356258,500000001,ORD0374682,2023-09-08 13:24:15,earn,74
LTX0357872,500000001,ORD0376427,2023-09-10 01:36:55,earn,24
LTX0359341,500000001,ORD0378051,2023-09-11 17:48:42,earn,75
LTX0360262,500000007,ORD0379039,2023-09-12 21:45:27,earn,105
LTX0360394,500000001,ORD0379184,2023-09-13 08:33:58,earn,65
LTX0360779,500000001,ORD0379652,2023-09-13 18:23:27,earn,87
LTX0361643,500000003,ORD0380654,2023-09-14 22:53:43,earn,23
LTX0362358,500000002,ORD0381493,2023-09-15 23:09:12,earn,68
LTX0363603,500000003,ORD0382908,2023-09-17 13:34:28,earn,117
LTX0363811,500000156,ORD0383141,2023-09-17 17:41:41,earn,32
LTX0365894,500000188,ORD0385500,2023-09-20 15:20:30,earn,22
LTX0366932,500000001,ORD0386660,2023-09-21 21:45:36,earn,14
LTX0367262,500000001,ORD0386994,2023-09-22 12:24:47,earn,37
LTX0367399,500000007,ORD0387124,2023-09-22 15:37:45,redeem,-500
LTX0367400,500000007,ORD0387124,2023-09-22 15:37:45,earn,197
LTX0367489,500000001,ORD0387216,2023-09-22 17:29:21,earn,43
LTX0367926,500000001,ORD0387673,2023-09-23 09:16:05,earn,42
LTX0369276,500000001,ORD0389101,2023-09-24 16:08:13,earn,32
LTX0369810,500000001,ORD0389707,2023-09-25 07:17:54,redeem,-500
LTX0369811,500000001,ORD0389707,2023-09-25 07:17:54,earn,72
LTX0371708,500000220,ORD0391784,2023-09-27 18:43:54,earn,11
LTX0372037,500000002,ORD0392127,2023-09-28 07:57:23,earn,40
LTX0374520,500000002,ORD0394793,2023-10-01 09:59:29,earn,73
LTX0376227,500000001,ORD0396626,2023-10-03 12:10:29,earn,121
LTX0377550,500000002,ORD0398078,2023-10-05 06:41:00,earn,95
LTX0378627,500000011,ORD0399208,2023-10-06 15:39:42,earn,80
LTX0379674,500000003,ORD0400346,2023-10-07 18:48:31,earn,15
LTX0380242,500000003,ORD0400916,2023-10-08 11:37:51,earn,73
LTX0380371,500000001,ORD0401075,2023-10-08 14:43:52,earn,32
LTX0380828,500000059,ORD0401572,2023-10-08 21:46:46,earn,54
LTX0385958,500000001,ORD0407047,2023-10-15 14:31:03,earn,69
LTX0386602,500000007,ORD0407732,2023-10-16 08:48:28,earn,78
LTX0386770,500000001,ORD0407914,2023-10-16 13:01:05,earn,8
LTX0387976,500076477,,2023-10-18 00:00:00,signup_bonus,200
LTX0388260,500000078,ORD0409511,2023-10-18 13:52:41,earn,174
LTX0388345,500000001,ORD0409598,2023-10-18 16:03:30,earn,11
LTX0391120,500000001,ORD0412617,2023-10-22 02:14:53,earn,209
LTX0392069,500000001,ORD0413610,2023-10-23 01:33:31,earn,169
LTX0392915,500000001,ORD0414514,2023-10-24 11:00:56,earn,66
LTX0393173,500000001,ORD0414788,2023-10-24 17:08:27,earn,90
LTX0393205,500000009,ORD0414824,2023-10-24 17:54:46,earn,32
LTX0393209,500000001,ORD0414830,2023-10-24 18:02:39,earn,28
LTX0393673,500000002,ORD0415307,2023-10-25 10:47:08,earn,123
LTX0396359,500000003,ORD0418196,2023-10-28 19:09:26,earn,35
LTX0397499,500037691,,2023-10-30 00:00:00,signup_bonus,200
LTX0398029,500000021,ORD0420000,2023-10-30 19:13:32,earn,9
LTX0398351,500000001,ORD0420336,2023-10-31 10:38:55,earn,53
LTX0400801,500000001,ORD0422946,2023-11-04 08:28:48,earn,188
LTX0401338,500000001,ORD0423529,2023-11-04 19:24:57,earn,64
LTX0402137,500000004,ORD0424375,2023-11-05 19:47:09,earn,72
LTX0403736,500000048,ORD0426081,2023-11-08 11:44:36,earn,211
LTX0404101,500000001,ORD0426465,2023-11-08 20:03:46,earn,62
LTX0404148,500000001,ORD0426513,2023-11-08 21:04:21,redeem,-500
LTX0404149,500000001,ORD0426513,2023-11-08 21:04:21,earn,86
LTX0405877,500000001,ORD0428336,2023-11-11 16:34:15,earn,159
LTX0406161,500000001,ORD0428633,2023-11-11 21:42:47,earn,97
LTX0407435,500000003,ORD0430000,2023-11-13 19:09:25,earn,98
LTX0407862,500000003,ORD0430455,2023-11-14 14:02:49,redeem,-500
LTX0407863,500000003,ORD0430455,2023-11-14 14:02:49,earn,88
LTX0408313,500000001,ORD0430927,2023-11-15 10:40:54,earn,119
LTX0408518,500000003,ORD0431151,2023-11-15 17:35:31,earn,37
LTX0411733,500000002,ORD0434591,2023-11-20 14:55:05,earn,17
LTX0412225,500000001,ORD0435110,2023-11-21 11:43:56,earn,36
LTX0412409,500000001,ORD0435303,2023-11-21 16:25:21,earn,81
LTX0412794,500000001,ORD0435718,2023-11-22 10:15:00,earn,81
LTX0416572,500000001,ORD0439829,2023-11-24 13:40:00,earn,80
LTX0418734,500000002,ORD0442176,2023-11-25 10:57:27,earn,72
LTX0420479,500000003,ORD0444119,2023-11-25 19:40:35,earn,164
LTX0422527,500000001,ORD0446374,2023-11-26 14:09:50,earn,34
LTX0422670,500000001,ORD0446528,2023-11-26 14:59:59,earn,73
LTX0425128,500000001,ORD0449204,2023-11-28 09:33:24,earn,14
LTX0427930,500000003,ORD0452234,2023-12-02 18:54:53,earn,85
LTX0428618,500000001,ORD0452984,2023-12-03 18:38:30,earn,74
LTX0432547,500000001,ORD0457287,2023-12-10 13:06:53,earn,77
LTX0432665,500000001,ORD0457408,2023-12-10 15:52:34,earn,43
LTX0433540,500000003,ORD0458389,2023-12-11 22:06:05,earn,20
LTX0434815,500000002,ORD0459761,2023-12-14 11:44:00,redeem,-500
LTX0434816,500000002,ORD0459761,2023-12-14 11:44:00,earn,15
LTX0434854,500000001,ORD0459809,2023-12-14 12:49:20,earn,46
LTX0435411,500000001,ORD0460439,2023-12-15 11:41:58,earn,44
LTX0439736,500000021,ORD0465144,2023-12-19 17:32:55,redeem,-500
LTX0439737,500000021,ORD0465144,2023-12-19 17:32:55,earn,108
LTX0439995,500000001,ORD0465446,2023-12-19 21:08:36,redeem,-500
LTX0439996,500000001,ORD0465446,2023-12-19 21:08:36,earn,145
LTX0440048,500000001,ORD0465506,2023-12-19 22:09:02,earn,84
LTX0442077,500000003,ORD0467725,2023-12-22 10:31:29,earn,12
LTX0442897,500000003,ORD0468642,2023-12-23 08:44:13,earn,87
LTX0443961,500000001,ORD0469842,2023-12-24 08:47:00,earn,30
LTX0444456,500000001,ORD0470394,2023-12-24 20:23:57,earn,70
LTX0444841,500000001,ORD0470810,2023-12-25 14:51:58,earn,44
LTX0446133,500000001,ORD0472193,2023-12-28 17:27:06,earn,108
LTX0449657,500000001,ORD0475961,2024-01-05 08:47:21,earn,7
LTX0450015,500000074,ORD0476342,2024-01-05 20:01:04,earn,7
LTX0450566,500000001,ORD0476922,2024-01-06 14:51:37,earn,16
LTX0451386,500000002,ORD0477777,2024-01-07 10:44:54,earn,26
LTX0451503,500000011,ORD0477906,2024-01-07 12:40:04,earn,52
LTX0452547,500000009,ORD0479054,2024-01-08 13:21:26,earn,32
LTX0458040,500000004,ORD0484855,2024-01-14 18:01:41,earn,189
LTX0459534,500000001,ORD0486426,2024-01-16 12:20:31,earn,179
LTX0459813,500000002,ORD0486715,2024-01-16 18:14:53,earn,26
LTX0460498,500000002,ORD0487450,2024-01-17 16:47:17,redeem,-500
LTX0460499,500000002,ORD0487450,2024-01-17 16:47:17,earn,39
LTX0461315,500000001,ORD0488303,2024-01-18 16:22:19,earn,77
LTX0461383,500000003,ORD0488379,2024-01-18 17:39:55,earn,20
LTX0462362,500000001,ORD0489416,2024-01-19 20:09:00,earn,169
LTX0462365,500000007,ORD0489419,2024-01-19 20:09:27,earn,73
LTX0464975,500000004,ORD0492201,2024-01-22 12:57:00,earn,18
LTX0465146,500000001,ORD0492381,2024-01-22 16:39:00,earn,36
LTX0465293,500000003,ORD0492538,2024-01-22 19:04:57,earn,44
LTX0466523,500000001,ORD0493844,2024-01-24 11:22:49,earn,59
LTX0466990,500000002,ORD0494367,2024-01-24 20:21:47,earn,83
LTX0467132,500000003,ORD0494519,2024-01-24 22:59:08,earn,13
LTX0468055,500000001,ORD0495512,2024-01-26 08:59:43,earn,58
LTX0474639,500000004,ORD0502521,2024-02-02 15:04:05,earn,36
LTX0475421,500000040,ORD0503373,2024-02-03 13:53:44,earn,13
LTX0475425,500000002,ORD0503378,2024-02-03 13:59:52,earn,68
LTX0475519,500000001,ORD0503485,2024-02-03 15:46:02,earn,93
LTX0475923,500000001,ORD0503912,2024-02-03 20:39:40,earn,70
LTX0476701,500000004,ORD0504793,2024-02-04 18:35:37,redeem,-500
LTX0476702,500000004,ORD0504793,2024-02-04 18:35:37,earn,35
LTX0477491,500000002,ORD0505682,2024-02-05 17:52:53,earn,81
LTX0478026,500000001,ORD0506260,2024-02-06 12:31:03,earn,69
LTX0478317,500000001,ORD0506570,2024-02-06 18:47:09,earn,73
LTX0480085,500000015,ORD0508527,2024-02-08 23:05:35,earn,66
LTX0482749,500000001,ORD0511383,2024-02-11 19:19:48,earn,161
LTX0484848,500000007,ORD0513708,2024-02-14 12:15:51,earn,64
LTX0487401,500000020,ORD0516552,2024-02-17 14:21:37,earn,64
LTX0487876,500000003,ORD0517090,2024-02-17 21:23:09,earn,89
LTX0492729,500000001,ORD0522612,2024-02-23 21:45:00,earn,33
LTX0493000,500000007,ORD0522901,2024-02-24 10:43:24,earn,138
LTX0493129,500000002,ORD0523044,2024-02-24 12:54:50,earn,91
LTX0493774,500000001,ORD0523774,2024-02-24 23:34:25,earn,14
LTX0497354,500000006,ORD0527714,2024-02-29 12:55:29,earn,74
LTX0497526,500000001,ORD0527914,2024-02-29 17:07:52,earn,36
