budget_month,campaign_id,budget_amount
2022-03-01,CMP-01,9500.0
2022-03-01,CMP-02,25400.0
2022-03-01,CMP-03,18500.0
2022-03-01,CMP-04,450.0
2022-03-01,CMP-07,11400.0
2022-03-01,CMP-08,6350.0
2022-03-01,CMP-09,100.0
2022-03-01,CMP-12,4550.0
2022-03-01,CMP-13,2250.0
2022-03-01,CMP-16,11400.0
2022-04-01,CMP-01,10550.0
2022-04-01,CMP-02,31300.0
2022-04-01,CMP-03,19500.0
2022-04-01,CMP-04,500.0
2022-04-01,CMP-07,12650.0
2022-04-01,CMP-08,6550.0
2022-04-01,CMP-09,100.0
2022-04-01,CMP-12,4050.0
2022-04-01,CMP-13,2300.0
2022-04-01,CMP-16,12250.0
2022-04-01,CMP-26,8400.0
2022-04-01,CMP-28,1200.0
2022-05-01,CMP-01,14150.0
2022-05-01,CMP-02,32300.0
2022-05-01,CMP-03,22350.0
2022-05-01,CMP-04,600.0
2022-05-01,CMP-07,11200.0
2022-05-01,CMP-08,7350.0
2022-05-01,CMP-09,100.0
2022-05-01,CMP-12,4750.0
2022-05-01,CMP-13,3000.0
2022-05-01,CMP-16,12550.0
2022-06-01,CMP-01,12300.0
2022-06-01,CMP-02,28400.0
2022-06-01,CMP-03,23350.0
2022-06-01,CMP-04,500.0
2022-06-01,CMP-07,10550.0
2022-06-01,CMP-08,6150.0
2022-06-01,CMP-09,100.0
2022-06-01,CMP-12,4950.0
2022-06-01,CMP-13,2600.0
2022-06-01,CMP-16,13350.0
2022-06-01,CMP-30,2150.0
2022-06-01,CMP-32,850.0
2022-07-01,CMP-01,12650.0
2022-07-01,CMP-02,34300.0
2022-07-01,CMP-03,17750.0
2022-07-01,CMP-04,500.0
2022-07-01,CMP-07,10500.0
2022-07-01,CMP-08,5850.0
2022-07-01,CMP-09,100.0
2022-07-01,CMP-12,4100.0
2022-07-01,CMP-13,2250.0
2022-07-01,CMP-16,14050.0
2022-07-01,CMP-30,12200.0
2022-07-01,CMP-32,4150.0
2022-07-01,CMP-34,1650.0
2022-08-01,CMP-01,10800.0
2022-08-01,CMP-02,35600.0
2022-08-01,CMP-03,21000.0
2022-08-01,CMP-04,450.0
2022-08-01,CMP-07,9600.0
2022-08-01,CMP-08,6050.0
2022-08-01,CMP-09,50.0
2022-08-01,CMP-12,4300.0
2022-08-01,CMP-13,2200.0
2022-08-01,CMP-16,12200.0
2022-08-01,CMP-36,2050.0
2022-08-01,CMP-38,200.0
2022-09-01,CMP-01,13300.0
2022-09-01,CMP-02,32750.0
2022-09-01,CMP-03,24800.0
2022-09-01,CMP-04,650.0
2022-09-01,CMP-07,12900.0
2022-09-01,CMP-08,5800.0
2022-09-01,CMP-09,100.0
2022-09-01,CMP-12,5200.0
2022-09-01,CMP-13,2700.0
2022-09-01,CMP-16,13000.0
2022-09-01,CMP-36,2750.0
2022-09-01,CMP-38,850.0
2022-10-01,CMP-01,15550.0
2022-10-01,CMP-02,41600.0
2022-10-01,CMP-03,28550.0
2022-10-01,CMP-04,500.0
2022-10-01,CMP-07,13100.0
2022-10-01,CMP-08,7850.0
2022-10-01,CMP-09,100.0
2022-10-01,CMP-12,5150.0
2022-10-01,CMP-13,3450.0
2022-10-01,CMP-16,12100.0
2022-11-01,CMP-01,12100.0
2022-11-01,CMP-02,40450.0
2022-11-01,CMP-03,23550.0
2022-11-01,CMP-04,550.0
2022-11-01,CMP-07,13350.0
2022-11-01,CMP-08,6800.0
2022-11-01,CMP-09,100.0
2022-11-01,CMP-12,5200.0
2022-11-01,CMP-13,2800.0
2022-11-01,CMP-16,11600.0
2022-11-01,CMP-18,18800.0
2022-11-01,CMP-20,6450.0
2022-11-01,CMP-22,1550.0
2022-11-01,CMP-24,3500.0
2022-12-01,CMP-01,11500.0
2022-12-01,CMP-02,33100.0
2022-12-01,CMP-03,22700.0
2022-12-01,CMP-04,500.0
2022-12-01,CMP-07,12400.0
2022-12-01,CMP-08,7300.0
2022-12-01,CMP-09,100.0
2022-12-01,CMP-12,5200.0
2022-12-01,CMP-13,2450.0
2022-12-01,CMP-16,7450.0
2022-12-01,CMP-18,650.0
2022-12-01,CMP-21,500.0
2022-12-01,CMP-24,4850.0
2023-01-01,CMP-01,11750.0
2023-01-01,CMP-02,35000.0
2023-01-01,CMP-03,19050.0
2023-01-01,CMP-04,550.0
2023-01-01,CMP-07,14950.0
2023-01-01,CMP-08,7700.0
2023-01-01,CMP-09,100.0
2023-01-01,CMP-12,5500.0
2023-01-01,CMP-13,2350.0
2023-01-01,CMP-16,16500.0
2023-01-01,CMP-19,17700.0
2023-01-01,CMP-21,3250.0
2023-01-01,CMP-23,1450.0
2023-02-01,CMP-01,12700.0
2023-02-01,CMP-02,34500.0
2023-02-01,CMP-03,25250.0
2023-02-01,CMP-04,700.0
2023-02-01,CMP-07,12850.0
2023-02-01,CMP-08,7650.0
2023-02-01,CMP-09,100.0
2023-02-01,CMP-12,6300.0
2023-02-01,CMP-13,2750.0
2023-02-01,CMP-16,14150.0
2023-02-01,CMP-19,800.0
2023-03-01,CMP-01,17800.0
2023-03-01,CMP-02,39650.0
2023-03-01,CMP-03,30600.0
2023-03-01,CMP-04,750.0
2023-03-01,CMP-07,18600.0
2023-03-01,CMP-08,8450.0
2023-03-01,CMP-09,100.0
2023-03-01,CMP-12,5450.0
2023-03-01,CMP-13,3100.0
2023-03-01,CMP-16,17850.0
2023-04-01,CMP-01,17200.0
2023-04-01,CMP-02,42200.0
2023-04-01,CMP-03,26050.0
2023-04-01,CMP-04,700.0
2023-04-01,CMP-07,17750.0
2023-04-01,CMP-08,11600.0
2023-04-01,CMP-09,100.0
2023-04-01,CMP-12,5800.0
2023-04-01,CMP-13,3450.0
2023-04-01,CMP-16,18000.0
2023-04-01,CMP-25,14350.0
2023-04-01,CMP-27,1650.0
2023-05-01,CMP-01,17100.0
2023-05-01,CMP-02,51650.0
2023-05-01,CMP-03,27600.0
2023-05-01,CMP-04,750.0
2023-05-01,CMP-07,21000.0
2023-05-01,CMP-08,10600.0
2023-05-01,CMP-09,100.0
2023-05-01,CMP-12,6000.0
2023-05-01,CMP-13,3750.0
2023-05-01,CMP-16,17900.0
2023-06-01,CMP-01,15950.0
2023-06-01,CMP-02,47550.0
2023-06-01,CMP-03,30650.0
2023-06-01,CMP-04,700.0
2023-06-01,CMP-07,16000.0
2023-06-01,CMP-08,8900.0
2023-06-01,CMP-09,100.0
2023-06-01,CMP-12,5750.0
2023-06-01,CMP-13,3300.0
2023-06-01,CMP-16,16350.0
2023-06-01,CMP-29,3950.0
2023-06-01,CMP-31,1700.0
2023-06-01,CMP-33,150.0
2023-07-01,CMP-01,16400.0
2023-07-01,CMP-02,42150.0
2023-07-01,CMP-03,31250.0
2023-07-01,CMP-04,600.0
2023-07-01,CMP-07,13000.0
2023-07-01,CMP-08,8400.0
2023-07-01,CMP-09,100.0
2023-07-01,CMP-12,6300.0
2023-07-01,CMP-13,2900.0
2023-07-01,CMP-16,21250.0
2023-07-01,CMP-29,15250.0
2023-07-01,CMP-31,6950.0
2023-07-01,CMP-33,1900.0
2023-08-01,CMP-01,20200.0
2023-08-01,CMP-02,42100.0
2023-08-01,CMP-03,28300.0
2023-08-01,CMP-04,700.0
2023-08-01,CMP-07,17200.0
2023-08-01,CMP-08,8450.0
2023-08-01,CMP-09,100.0
2023-08-01,CMP-12,5900.0
2023-08-01,CMP-13,3900.0
2023-08-01,CMP-16,18950.0
2023-08-01,CMP-35,3200.0
2023-08-01,CMP-37,450.0
2023-09-01,CMP-01,19750.0
2023-09-01,CMP-02,51350.0
2023-09-01,CMP-03,32000.0
2023-09-01,CMP-04,850.0
2023-09-01,CMP-07,17500.0
2023-09-01,CMP-08,9900.0
2023-09-01,CMP-09,150.0
2023-09-01,CMP-12,7250.0
2023-09-01,CMP-13,4050.0
2023-09-01,CMP-16,17750.0
2023-09-01,CMP-35,4350.0
2023-09-01,CMP-37,1300.0
2023-10-01,CMP-01,21400.0
2023-10-01,CMP-02,52600.0
2023-10-01,CMP-03,32950.0
2023-10-01,CMP-04,950.0
2023-10-01,CMP-07,16800.0
2023-10-01,CMP-08,10250.0
2023-10-01,CMP-09,150.0
2023-10-01,CMP-12,8350.0
2023-10-01,CMP-13,4100.0
2023-10-01,CMP-16,19900.0
2023-11-01,CMP-01,19600.0
2023-11-01,CMP-02,51850.0
2023-11-01,CMP-03,36550.0
2023-11-01,CMP-04,800.0
2023-11-01,CMP-05,29550.0
2023-11-01,CMP-07,17500.0
2023-11-01,CMP-08,9200.0
2023-11-01,CMP-09,100.0
2023-11-01,CMP-10,9500.0
2023-11-01,CMP-12,6250.0
2023-11-01,CMP-13,3750.0
2023-11-01,CMP-14,2400.0
2023-11-01,CMP-16,17800.0
2023-11-01,CMP-17,4900.0
2023-12-01,CMP-01,18750.0
2023-12-01,CMP-02,40900.0
2023-12-01,CMP-03,26100.0
2023-12-01,CMP-04,600.0
2023-12-01,CMP-07,14250.0
2023-12-01,CMP-08,8850.0
2023-12-01,CMP-09,100.0
2023-12-01,CMP-11,1050.0
2023-12-01,CMP-12,7050.0
2023-12-01,CMP-13,3900.0
2023-12-01,CMP-16,11400.0
2023-12-01,CMP-17,6450.0
2024-01-01,CMP-01,16250.0
2024-01-01,CMP-02,39200.0
2024-01-01,CMP-03,25300.0
2024-01-01,CMP-04,600.0
2024-01-01,CMP-06,28850.0
2024-01-01,CMP-07,15700.0
2024-01-01,CMP-08,9250.0
2024-01-01,CMP-09,150.0
2024-01-01,CMP-11,4600.0
2024-01-01,CMP-12,6550.0
2024-01-01,CMP-13,3350.0
2024-01-01,CMP-15,1900.0
2024-01-01,CMP-16,18350.0
2024-02-01,CMP-01,19550.0
2024-02-01,CMP-02,49900.0
2024-02-01,CMP-03,34800.0
2024-02-01,CMP-04,850.0
2024-02-01,CMP-07,22450.0
2024-02-01,CMP-08,11900.0
2024-02-01,CMP-09,150.0
2024-02-01,CMP-12,7400.0
2024-02-01,CMP-13,3800.0
2024-02-01,CMP-16,21650.0
