order_id,user_session,user_id,order_ts,status,discount_pct,discount_code,payment_method,shipping_country,shipping_fee_charged,shipping_cost,payment_fee,loyalty_points_used,loyalty_discount,cancelled_at,cancellation_reason
ORD0001715,5f06caed910f989df07d575d6597b7e8,500000001,2022-03-04 18:12:00,completed,10,SAVE10,paypal,US,0.0,8.18,2.82,0,0.0,,
ORD0003814,22d84530a6b4425ecfaf3e8d68b93571,500000004,2022-03-08 12:58:52,completed,0,,apple_pay,SE,6.99,7.91,0.52,0,0.0,,
ORD0007357,cf41c8523b4a611c4b1f15ee373de941,500000002,2022-03-15 12:51:26,completed,15,VIP15,card,FR,6.99,6.69,0.76,0,0.0,,
ORD0007488,5c501b8b4fbc91b82bcf3e7eb289844e,500000001,2022-03-15 17:20:21,completed,10,FRIEND10,card,US,6.99,9.7,1.06,0,0.0,,
ORD0007841,771c2600fa59842918ad6d8203a722c7,500000001,2022-03-16 13:57:26,completed,0,,card,US,6.99,10.83,1.66,0,0.0,,
ORD0008582,b48ad64063b76348eaf7053826946be1,500026448,2022-03-17 22:16:28,cancelled,0,,bnpl,ES,0.0,0.0,0.0,0,0.0,2022-03-18 23:26:28,duplicate_order
ORD0008730,bf794d8fb1b6512ecf26e4d034d6c051,500000037,2022-03-18 11:18:00,completed,0,,card,IT,6.99,5.84,2.22,0,0.0,,
ORD0009270,3dab2c45d82fd240c185404a04d836c6,500000002,2022-03-19 12:27:21,completed,0,,card,FR,0.0,5.68,2.95,0,0.0,,
ORD0009483,ba22ed74448e6765c0cb3da149c32915,500000003,2022-03-19 18:24:59,completed,0,,card,FR,0.0,6.31,2.76,0,0.0,,
ORD0010418,78b99ff6f1a38a1d1a5b20a5c8576987,500000001,2022-03-21 10:34:47,completed,0,,paypal,US,6.99,8.34,1.25,0,0.0,,
ORD0012244,2ae9c59e8673d675421122e984b78a26,500000133,2022-03-24 22:53:25,completed,0,,card,US,6.99,8.99,1.32,0,0.0,,
ORD0013587,760b5937246b90b0e4a3c22f2c4d841e,500000001,2022-03-27 11:55:43,completed,0,,card,US,0.0,8.36,2.91,0,0.0,,
ORD0013870,3d6a118863be37aa19c849a85fa803f3,500000002,2022-03-27 19:32:37,completed,0,,paypal,FR,0.0,6.88,5.13,0,0.0,,
ORD0017258,1f5826885d88552d643484882c37afba,500000001,2022-04-03 11:06:42,completed,5,NEWSLETTER5,card,US,0.0,8.68,2.54,0,0.0,,
ORD0018355,43b94b9e771bcb50aaf7ad12ad44a21e,500000004,2022-04-05 10:54:43,completed,0,,apple_pay,SE,6.99,7.38,1.45,500,5.0,,
ORD0018869,be379691253d0ea00288d377e51d0e09,500000003,2022-04-06 10:34:05,cancelled,0,,card,FR,0.0,0.0,0.0,0,0.0,2022-04-07 06:00:05,customer_changed_mind
ORD0019549,ac6ab2f4dff4f7d55846a262623329e4,500000002,2022-04-07 17:50:25,completed,0,,google_pay,FR,6.99,6.57,0.76,0,0.0,,
ORD0019868,08ca57f2ff198f03463f0d68d3593621,500000001,2022-04-08 12:00:18,completed,15,VIP15,bnpl,US,6.99,10.41,3.7,0,0.0,,
ORD0019971,b173e3584ad37df40c13bc527bbc7fc3,500000001,2022-04-08 14:39:16,completed,15,SPRING15-22,apple_pay,US,6.99,8.7,1.25,0,0.0,,
ORD0020335,d8128d708cc55ced2106902fd5519688,500005050,2022-04-09 03:37:17,completed,10,FRIEND10,card,PL,0.0,4.5,2.89,0,0.0,,
ORD0020487,a6a7c8763a1676cf64e83f96700269ee,500000010,2022-04-09 11:03:59,completed,0,,card,US,6.99,8.54,1.98,0,0.0,,
ORD0020714,40e91bec741a6d7a790d4762e29b2b64,500000001,2022-04-09 16:11:42,completed,10,SAVE10,apple_pay,US,0.0,9.02,5.08,0,0.0,,
ORD0020878,695ca2b6cc106e5bf7aa11d11afa7985,500000001,2022-04-09 19:07:00,completed,0,,apple_pay,US,6.99,9.03,0.69,0,0.0,,
ORD0021064,a7aa5d3a7352ba44e19d13b57bca2c18,500000002,2022-04-09 22:17:43,completed,0,,apple_pay,FR,6.99,6.49,1.9,0,0.0,,
ORD0021616,4adf51847dfc489ffdc1b27371afedf7,500000003,2022-04-10 18:29:18,completed,0,,paypal,FR,0.0,5.7,3.16,0,0.0,,
ORD0022652,a8495528eac28407a5086b7c014ca339,500000003,2022-04-12 13:10:27,completed,0,,paypal,FR,6.99,5.76,0.92,0,0.0,,
ORD0022981,46291748c7522783f885c792d1d73939,500000012,2022-04-12 21:05:20,completed,0,,paypal,GB,6.99,7.37,1.82,0,0.0,,
ORD0023134,56a28c14c03b79f64d74f7c479fe8528,500000015,2022-04-13 08:04:58,completed,0,,card,IT,0.0,5.99,3.61,0,0.0,,
ORD0025100,124cb6b6380cc1f033f6c0a0d3e55515,500000001,2022-04-16 13:49:18,cancelled,0,,card,US,0.0,0.0,0.0,0,0.0,2022-04-18 23:16:18,item_out_of_stock
ORD0026263,0a26441a4f753ce077437c549d12e279,500000002,2022-04-17 23:24:37,completed,0,,card,FR,6.99,7.19,2.05,0,0.0,,
ORD0026367,372a80d7a12f047b8abf37f1ed698de3,500000031,2022-04-18 10:06:10,completed,20,FLASH20,paypal,GB,6.99,6.75,0.55,0,0.0,,
ORD0027715,ed4d7abb8cd66e877e9a5e2d83e8d214,500000003,2022-04-20 18:03:16,completed,0,,paypal,FR,0.0,6.67,7.21,0,0.0,,
ORD0031704,bf634d484f5daa48d1ba36eb4fe6986c,500000002,2022-04-27 19:56:24,completed,0,,apple_pay,FR,6.99,7.51,0.69,0,0.0,,
ORD0037108,710819e3e90067dbecd92f8f879cbdca,500002907,2022-05-07 15:30:56,completed,0,,card,CA,6.99,11.07,1.71,0,0.0,,
ORD0037319,1dac40ebad316c17225f2c585f1d7ed6,500000004,2022-05-07 20:02:26,completed,15,VIP15,apple_pay,SE,0.0,6.88,2.44,0,0.0,,
ORD0037653,9b1e33f1ca2cf0db88e752488ff207fc,500000001,2022-05-08 11:53:05,cancelled,5,NEWSLETTER5,google_pay,US,0.0,0.0,0.0,0,0.0,2022-05-10 09:11:05,payment_failed
ORD0040200,696a4d2edf1bb038a744cbab31f1fc68,500000001,2022-05-12 19:54:23,completed,0,,paypal,US,6.99,8.64,1.56,0,0.0,,
ORD0040319,e59816a16b145bd424d40d66ba74f6b1,500000001,2022-05-12 23:09:15,completed,0,,google_pay,US,6.99,8.46,2.47,0,0.0,,
ORD0041198,d8e1ee940ffab8c426777f8441646411,500000010,2022-05-14 15:46:37,cancelled,0,,card,US,0.0,0.0,0.0,0,0.0,2022-05-16 09:46:37,payment_failed
ORD0041535,ccb6be7d9f5a2e12e040266e91dc460f,500000003,2022-05-14 22:34:48,completed,0,,paypal,FR,6.99,7.43,1.99,0,0.0,,
ORD0042695,d867c90bfe99db8a977ca26c85588a88,500000063,2022-05-16 18:38:58,completed,0,,paypal,CA,6.99,11.97,2.18,0,0.0,,
ORD0043202,55e553cd856ba2d900077baa281304cf,500000001,2022-05-17 18:05:42,completed,0,,paypal,US,0.0,9.42,3.52,0,0.0,,
ORD0043694,90f3b0e79a26aeacd10eb737f77f4d0b,500000001,2022-05-18 17:22:46,completed,0,,bank_transfer,US,6.99,10.96,0.28,0,0.0,,
ORD0047594,8929a6360411a47cb441cf000809a4ec,500000002,2022-05-25 13:08:24,completed,5,WELCOME5,card,FR,6.99,6.27,1.42,0,0.0,,
ORD0048434,8d0e0f46ad1b5b64be1f7f8ee2805204,500000003,2022-05-26 22:28:16,completed,0,,card,FR,6.99,6.31,1.27,0,0.0,,
ORD0048543,b518efd4e6041cd7fcd8d889cdb4f5ff,500000006,2022-05-27 09:24:11,completed,5,NEWSLETTER5,paypal,ES,0.0,6.99,3.09,0,0.0,,
ORD0048545,e7d748095d5c6c335f3cc52c9a42e0c8,500000006,2022-05-27 09:25:16,completed,0,,card,ES,6.99,7.09,0.94,0,0.0,,
ORD0050738,ca069dc6ee15ba600e989c638c09ad8e,500000001,2022-05-30 15:55:04,cancelled,0,,bank_transfer,US,0.0,0.0,0.0,0,0.0,2022-05-31 18:09:04,customer_changed_mind
ORD0051129,f2ec77fc6076623774d0ae105776bbf3,500000001,2022-05-31 11:03:54,completed,0,,paypal,US,6.99,11.05,1.66,500,5.0,,
ORD0051194,77a19773a86d0e8e154750190f06fab6,500000001,2022-05-31 12:49:54,completed,15,VIP15,card,US,0.0,8.99,5.81,0,0.0,,
ORD0051956,bb989898c50c9d3950616e4c862f5795,500000001,2022-06-01 18:59:49,completed,0,,bank_transfer,US,6.99,10.81,0.36,0,0.0,,
ORD0053955,809d612ce572b7395dfab082e3d58261,500000001,2022-06-05 12:04:20,completed,0,,card,US,0.0,10.08,2.53,0,0.0,,
ORD0055891,dcf4dda0d07e1546dca3468a4343dfc5,500000011,2022-06-08 20:40:18,completed,0,,google_pay,US,0.0,10.09,6.42,0,0.0,,
ORD0056156,88aab2860d40eaaf3001f3cb3505275d,500000003,2022-06-09 12:38:05,completed,0,,bank_transfer,FR,6.99,6.45,0.39,0,0.0,,
ORD0057734,068c11d6d549e4e1f2682b16c4a02f8c,500000001,2022-06-12 09:04:13,completed,10,SAVE10,card,US,6.99,9.06,0.79,0,0.0,,
ORD0057763,8d129bbba264d8c275df2018c3227d41,500000001,2022-06-12 09:59:15,completed,0,,paypal,US,6.99,9.01,1.04,0,0.0,,
ORD0057848,48411af5335ce2de8dd8b489971bf157,500000001,2022-06-12 12:34:25,completed,0,,card,US,6.99,9.79,1.24,0,0.0,,
ORD0058508,e128d0f31ab4e0ce80b256c67d8496d1,500000008,2022-06-13 12:52:32,completed,0,,bank_transfer,US,6.99,9.06,0.58,0,0.0,,
ORD0059179,a18e9ac176fc950594425fee46d2ff45,500000002,2022-06-14 19:04:10,completed,0,,paypal,FR,6.99,5.9,1.15,0,0.0,,
ORD0060106,ca5267f9c8e6d0ac6c7dcf198fdfb139,500000003,2022-06-16 17:49:46,completed,0,,apple_pay,FR,6.99,7.14,1.9,0,0.0,,
ORD0060428,295c258402c07184d4d6eeb56ccda456,500000025,2022-06-17 11:36:42,completed,5,NEWSLETTER5,card,US,0.0,10.81,2.74,0,0.0,,
ORD0060796,d1e7abe0eb31bfd0236dee5f264b73a6,500000004,2022-06-17 22:01:56,completed,0,,card,SE,6.99,7.44,0.75,0,0.0,,
ORD0061051,92457d2c0f8b6ee946f10952579f6f9f,500000001,2022-06-18 12:43:20,completed,0,,card,US,0.0,9.7,3.18,0,0.0,,
ORD0061723,791c260259a7402bca4d213ed8e78c37,500000005,2022-06-19 13:11:07,completed,0,,bnpl,US,0.0,11.06,7.32,0,0.0,,
ORD0062401,545c537a1a24bc55a12440d0255ab970,500000002,2022-06-20 15:28:30,completed,0,,google_pay,FR,6.99,6.91,1.06,0,0.0,,
ORD0063226,a6769fd18f42d532b1790a0647f6f913,500000007,2022-06-22 10:00:58,completed,0,,card,FR,6.99,7.29,1.4,0,0.0,,
ORD0063329,4834dec2987beb1e9c824fcc4d46fc79,500000001,2022-06-22 13:12:34,completed,5,WELCOME5,paypal,US,6.99,10.18,1.54,0,0.0,,
ORD0064067,fadbb0b9be763013423b9a7dcde7293e,500000008,2022-06-23 20:15:39,completed,0,,apple_pay,US,0.0,10.52,5.06,0,0.0,,
ORD0064218,7815adaae3760255695818f1b9a0a656,500000001,2022-06-24 09:01:29,completed,20,FLASH20,bnpl,US,0.0,9.6,10.24,0,0.0,,
ORD0064496,3173b9690f402ad8cc25539eebe5563b,500000006,2022-06-24 18:36:50,completed,0,,card,ES,6.99,6.67,2.39,0,0.0,,
ORD0065567,fa6bdbb93c592146527462d11724569d,500000003,2022-06-26 12:42:06,completed,0,,card,FR,0.0,6.17,2.88,0,0.0,,
ORD0066390,c3f5444584eb0c5b66f0acbca79ce3c1,500000001,2022-06-27 19:52:43,completed,0,,paypal,US,6.99,10.55,1.76,0,0.0,,
ORD0066871,3b1b099339a15913305ce0bee8f95bc8,500000001,2022-06-28 18:23:38,completed,5,WELCOME5,paypal,US,0.0,9.75,4.12,500,5.0,,
ORD0068680,b022dc2e4ee8290a5f5f88abeffe9e63,500000001,2022-07-01 21:08:01,completed,0,,paypal,US,6.99,10.62,1.15,0,0.0,,
ORD0068733,6998866672d3089a1fb2a3ece50e9214,500000001,2022-07-01 22:33:07,completed,10,SUMMER10-22,bnpl,US,0.0,8.54,12.36,0,0.0,,
ORD0069936,e94fe7c1d0628e76b59b6d2c639da071,500000002,2022-07-03 17:00:22,cancelled,10,FRIEND10,google_pay,FR,0.0,0.0,0.0,0,0.0,2022-07-05 05:24:22,duplicate_order
ORD0070174,0579da45674f7a1cfc04f5346f5ae31b,500000005,2022-07-03 20:58:23,completed,0,,card,US,0.0,9.38,6.99,0,0.0,,
ORD0070409,6b18c64dda4a512b391c7491f869d57b,500000010,2022-07-04 10:52:38,cancelled,10,SAVE10,card,US,0.0,0.0,0.0,0,0.0,2022-07-06 08:54:38,payment_failed
ORD0072280,623c6080537f2cf2356d05793b81a68b,500000001,2022-07-07 12:29:08,completed,15,VIP15,bnpl,US,6.99,9.85,0.74,0,0.0,,
ORD0073001,60b1411641b783ac8f948b0e52a14809,500000001,2022-07-08 15:32:42,completed,0,,card,US,6.99,9.49,2.35,0,0.0,,
ORD0074972,482a13371a77f2bbc5601cf36f3e309a,500000178,2022-07-11 09:27:25,completed,5,NEWSLETTER5,paypal,IT,6.99,6.91,2.66,0,0.0,,
ORD0076223,743285d21a0c51dc079c77c09a0b9ff4,500000001,2022-07-13 12:09:38,cancelled,0,,card,US,0.0,0.0,0.0,0,0.0,2022-07-13 19:18:38,item_out_of_stock
ORD0076285,cfcbed30595674eb79d946c96b89188b,500000021,2022-07-13 13:50:42,completed,5,NEWSLETTER5,card,US,6.99,9.53,1.82,0,0.0,,
ORD0078790,dbca183fba2cb04a9e04f13a10227169,500000013,2022-07-17 10:25:45,completed,10,SAVE10,card,US,6.99,10.38,1.0,0,0.0,,
ORD0078943,cdfb8d51469bdebfdfa324f8645f570a,500000001,2022-07-17 14:16:57,completed,10,FRIEND10,card,US,6.99,8.79,1.28,0,0.0,,
ORD0079082,e195537a7a919597a87a576b3556bd57,500000001,2022-07-17 17:12:34,completed,0,,card,US,6.99,9.73,0.97,0,0.0,,
ORD0079692,ce27f8373ca7101540eabb90929659d5,500000004,2022-07-18 17:32:10,completed,5,NEWSLETTER5,card,SE,6.99,7.99,0.67,0,0.0,,
ORD0079880,96a23bfcde97b10076cc78c45fb23b69,500000004,2022-07-19 00:20:11,completed,0,,google_pay,SE,0.0,7.11,5.2,0,0.0,,
ORD0080993,14167e3e4d7ea1d4adea1d56735c3434,500000012,2022-07-21 12:12:43,completed,5,WELCOME5,apple_pay,GB,6.99,6.53,0.88,0,0.0,,
ORD0081188,e7b299eb87af3c6df67c86bc58dc2947,500000001,2022-07-21 19:20:13,completed,0,,card,US,6.99,10.16,1.87,0,0.0,,
ORD0081193,08e72fdc40a72dc087a203c0d55ecdad,500000003,2022-07-21 19:30:11,completed,0,,paypal,FR,0.0,7.4,3.32,0,0.0,,
ORD0082041,ef68ef88be7408a20ffbef310bcba070,500000005,2022-07-23 14:46:43,completed,5,NEWSLETTER5,paypal,US,0.0,10.74,7.58,0,0.0,,
ORD0082381,d6cf0c1fb7df5142b6d67a8841220122,500000002,2022-07-23 23:12:22,completed,0,,paypal,FR,6.99,5.87,1.98,0,0.0,,
ORD0083678,28e5cce81f5526c8074fa1e31d3b9191,500000001,2022-07-26 13:17:50,cancelled,0,,card,US,0.0,0.0,0.0,0,0.0,2022-07-26 14:26:50,customer_changed_mind
ORD0084757,9d8396609896e30c65261fad7f221638,500000001,2022-07-28 17:34:55,completed,10,FRIEND10,card,US,6.99,10.74,2.1,0,0.0,,
ORD0085593,312139d0680930291d089cd1cf7abdda,500000001,2022-07-30 11:28:22,completed,15,VIP15,card,US,6.99,9.39,0.78,0,0.0,,
ORD0088222,8d8b6049f07a9c6993b5aa71df02d03f,500000001,2022-08-03 21:18:12,cancelled,15,VIP15,apple_pay,US,0.0,0.0,0.0,0,0.0,2022-08-04 22:53:12,customer_changed_mind
ORD0090022,e77352fceed30f5d51a2bec7c1b21752,500000001,2022-08-07 11:08:33,completed,20,FLASH20,apple_pay,US,0.0,10.39,2.15,0,0.0,,
ORD0091045,651bf8ebf9cd57678faa381fbcaa95ed,500000016,2022-08-09 01:28:38,completed,0,,apple_pay,US,0.0,9.28,2.69,0,0.0,,
ORD0091153,128b272945057626120fc74527be0e4b,500000002,2022-08-09 12:24:57,completed,0,,card,FR,0.0,5.93,2.61,0,0.0,,
ORD0091193,0136488aa4a66e8dd5e3a5a0d8b79bce,500000002,2022-08-09 14:01:14,completed,0,,google_pay,FR,6.99,6.98,2.19,0,0.0,,
ORD0091304,cec0f361fd25acc22971efcff25c3389,500000001,2022-08-09 17:28:44,completed,0,,apple_pay,US,6.99,9.31,1.56,0,0.0,,
ORD0092660,c731cdef68567e247a99456ef46c4e6e,500000009,2022-08-12 11:28:47,completed,5,NEWSLETTER5,card,SE,0.0,8.75,4.38,0,0.0,,
ORD0093576,4a58de828f590778fa5810fe6c916d11,500000006,2022-08-13 21:27:45,completed,0,,google_pay,ES,6.99,5.97,0.91,500,5.0,,
ORD0094035,a3a842e272ea847a110a6770ee435ea2,500000001,2022-08-14 18:38:02,completed,0,,card,US,0.0,9.45,2.49,0,0.0,,
ORD0095534,fd925b8ed347d4e389bfcf88d4f322ff,500000003,2022-08-17 16:09:00,completed,10,FRIEND10,google_pay,FR,0.0,6.7,2.49,0,0.0,,
ORD0095555,92bdbdda7a36ede6bd66a9f017130fb5,500000002,2022-08-17 17:04:35,completed,0,,card,FR,6.99,5.96,1.95,500,5.0,,
ORD0097257,04656a574d91cfa8b008b8512ea07661,500000002,2022-08-20 20:22:06,completed,0,,card,FR,6.99,6.11,1.24,500,5.0,,
ORD0098000,b77065ba62623f4fb1dad4dc0b3ea72b,500000015,2022-08-21 22:03:03,completed,0,,card,IT,0.0,6.27,2.85,0,0.0,,
ORD0099363,c495f44403c1450469c3a3bf74a5cde4,500000001,2022-08-24 19:22:20,completed,5,NEWSLETTER5,card,US,0.0,10.11,2.88,0,0.0,,
ORD0100188,54be0d3a3c726f3a9ea88d90cee039f4,500000006,2022-08-26 12:33:33,completed,10,SAVE10,paypal,ES,6.99,5.67,2.42,0,0.0,,
ORD0102038,c45744ea3ae3c48f9232c50c98da1222,500000015,2022-08-29 11:25:00,completed,10,SAVE10,apple_pay,IT,0.0,6.45,2.26,0,0.0,,
ORD0102090,3ca8959341ae053a6857addc573dded5,500000009,2022-08-29 12:53:41,completed,0,,card,SE,0.0,7.44,2.61,0,0.0,,
ORD0103714,f58793ca0d06d7ba1bae006d2fa90353,500000001,2022-09-01 00:21:29,completed,20,FLASH20,apple_pay,US,0.0,9.35,2.15,500,5.0,,
ORD0104274,044d5e7f3da665ab7e1663e0239cd4fb,500000001,2022-09-01 22:59:41,cancelled,0,,bank_transfer,US,0.0,0.0,0.0,0,0.0,2022-09-02 09:55:41,duplicate_order
ORD0105100,895b091621e389ea21ec22f3388d820d,500000001,2022-09-03 10:24:12,completed,0,,card,US,6.99,10.95,2.46,0,0.0,,
ORD0106348,d297c110bae92014dbd24b1b7adbc534,500000006,2022-09-04 18:07:46,completed,0,,bank_transfer,ES,6.99,6.85,0.51,0,0.0,,
ORD0106512,b39a2401676aad68fb07b1ec3f66aba0,500000001,2022-09-04 20:36:28,completed,0,,card,US,0.0,9.91,5.97,500,5.0,,
ORD0109935,8cc056a169123008e25f4e352201dd4c,500000001,2022-09-10 06:23:53,completed,10,BTS10-22,paypal,US,6.99,11.14,2.44,0,0.0,,
ORD0110948,6c9a75e735870764f62dc0560fd0ef3d,500000116,2022-09-11 10:58:31,completed,10,SAVE10,card,US,6.99,10.51,0.85,0,0.0,,
ORD0112270,e6cc61fef72576a730ff58ac8c89c771,500000304,2022-09-13 07:35:58,completed,0,,card,SE,6.99,7.76,0.64,0,0.0,,
ORD0112931,fd5d9d7e806326be02c96321386ecb4f,500000002,2022-09-14 10:58:04,completed,10,SAVE10,card,FR,0.0,6.42,4.87,0,0.0,,
ORD0113079,d97906d4046e5e1bfe8f4ff88c8568e0,500000001,2022-09-14 14:58:26,completed,5,NEWSLETTER5,card,US,0.0,10.27,3.0,0,0.0,,
ORD0115791,eac83a097371d545a78c0feb749136af,500000001,2022-09-18 16:39:13,completed,0,,bank_transfer,US,0.0,10.22,1.1,0,0.0,,
ORD0116437,d4fd7d3077f5214c46d7ffbac0279c49,500000003,2022-09-19 16:48:38,completed,5,WELCOME5,card,FR,0.0,7.0,3.24,0,0.0,,
ORD0116944,ffd4413e044c8e44994f2f9ae79447c7,500000005,2022-09-20 14:31:22,completed,0,,card,US,0.0,8.56,3.39,0,0.0,,
ORD0117013,3d174e8787d1f33cdb9c6790313edb39,500000001,2022-09-20 16:45:44,completed,0,,paypal,US,6.99,8.34,2.56,0,0.0,,
ORD0119450,fb8f1fa908c982ad613719a2a8711e11,500000002,2022-09-24 14:09:13,cancelled,0,,google_pay,FR,0.0,0.0,0.0,0,0.0,2022-09-26 19:27:13,item_out_of_stock
ORD0120120,f934f07af2a077c2f8a178470e4bfd7e,500000001,2022-09-25 12:47:49,completed,0,,card,US,0.0,8.43,2.95,0,0.0,,
ORD0121192,150a442c38fc4eb361a1a6234a4648e4,500000002,2022-09-26 21:54:39,cancelled,20,FLASH20,paypal,FR,0.0,0.0,0.0,0,0.0,2022-09-27 07:59:39,customer_changed_mind
ORD0122522,e449880cadba35a5254766455feb468d,500000031,2022-09-29 09:40:40,completed,5,WELCOME5,card,GB,6.99,7.25,1.26,0,0.0,,
ORD0123475,1db31272e82e2acd2120ac5fc5b79738,500000003,2022-09-30 19:23:01,completed,0,,card,FR,6.99,7.48,0.88,0,0.0,,
ORD0123943,e630318c29e1551f92f6d78803bd50f5,500000001,2022-10-01 15:16:35,completed,0,,card,US,6.99,9.12,1.0,500,5.0,,
ORD0126112,7e592a4b3bc15b67dbba838b78e92426,500000003,2022-10-04 19:27:33,completed,20,FLASH20,apple_pay,FR,0.0,6.96,4.29,0,0.0,,
ORD0126311,554e4885c9079c30ba420ba22653179f,500000001,2022-10-05 07:54:54,completed,0,,card,US,6.99,10.35,0.78,0,0.0,,
ORD0126650,1172782d2093f2a61aaed0241dc6df39,500000002,2022-10-05 17:55:27,completed,0,,google_pay,FR,0.0,7.27,5.41,0,0.0,,
ORD0128275,bfad6095d2352f2c3955e91378c61fb8,500000002,2022-10-08 12:30:19,completed,0,,paypal,FR,6.99,6.06,1.52,0,0.0,,
ORD0129460,5232171213a756c7e47e1b7bb7420eab,500000001,2022-10-09 22:01:30,completed,5,NEWSLETTER5,card,US,6.99,10.67,1.45,0,0.0,,
ORD0130311,24b3e3efbfd55621b5e6665094030ffc,500000027,2022-10-11 15:42:31,completed,0,,paypal,GB,0.0,8.65,3.16,0,0.0,,
ORD0130803,824267934895a9dcd598bdcc525b171d,500000001,2022-10-12 13:36:50,cancelled,5,WELCOME5,paypal,US,0.0,0.0,0.0,0,0.0,2022-10-13 16:22:50,delivery_time_too_long
ORD0131268,4b58b2203e40cbbc9989ed17630da1bb,500000001,2022-10-13 09:45:54,completed,0,,google_pay,US,0.0,9.61,3.05,0,0.0,,
ORD0132261,6faf74c1a3e99316c7c8f31b0b5474ac,500000001,2022-10-14 21:05:40,completed,0,,card,US,6.99,9.06,1.71,0,0.0,,
ORD0133367,0c4b062eb670ecf943b967e93acb5bf5,500000004,2022-10-16 12:46:54,completed,0,,card,SE,6.99,8.49,1.31,0,0.0,,
ORD0134657,6b1949303b2d692beee06ec70faa5e76,500000002,2022-10-18 12:46:17,completed,0,,paypal,FR,0.0,7.03,3.72,500,5.0,,
ORD0135906,d7b1192750d80687915100e0d244ea7d,500000001,2022-10-20 15:28:33,completed,0,,google_pay,US,0.0,10.4,2.84,0,0.0,,
ORD0136338,b37cb12d54861e2f23c3100215407636,500000015,2022-10-21 11:50:13,completed,0,,paypal,IT,6.99,6.59,0.86,0,0.0,,
ORD0138764,87388ca38aa7bd5b557bfe4a8e140156,500000002,2022-10-24 20:49:48,completed,0,,bank_transfer,FR,6.99,7.64,0.24,0,0.0,,
ORD0139339,408bff61943e980b1beb0bbf3dfd3134,500000002,2022-10-25 20:22:34,completed,0,,paypal,FR,6.99,7.22,0.87,0,0.0,,
ORD0139418,15883ea7bb91cfd5e1efc9d4582b35d9,500000020,2022-10-25 22:15:48,completed,0,,card,DE,0.0,7.02,2.91,0,0.0,,
ORD0140247,911e0ddda49bd70806075ba93550a697,500000001,2022-10-27 13:06:23,completed,0,,card,US,6.99,9.88,2.01,500,5.0,,
ORD0143540,95133a44c046d7e0cf3a438162b9bc85,500000002,2022-11-01 13:49:06,completed,0,,bank_transfer,FR,0.0,7.5,1.05,0,0.0,,
ORD0144093,e8c80247caa7466a55aa15d45030c64d,500000005,2022-11-02 13:08:44,cancelled,0,,card,US,0.0,0.0,0.0,0,0.0,2022-11-02 18:46:44,suspected_fraud
ORD0144746,84ff596840e9031ac0ff93661fa9d89b,500000001,2022-11-03 18:44:14,completed,10,SAVE10,card,US,6.99,8.49,1.37,0,0.0,,
ORD0144940,ddfe7278fa959e338fe95a480500eaa3,500000002,2022-11-04 03:50:18,completed,0,,paypal,FR,6.99,7.05,2.74,0,0.0,,
ORD0145781,0815ddb8985203e1fc0fab054393a632,500000001,2022-11-05 17:24:26,completed,0,,card,US,0.0,11.01,2.75,0,0.0,,
ORD0145795,9b0ef08518719acc66ced45751cfacf6,500000008,2022-11-05 17:50:33,completed,0,,google_pay,US,6.99,8.97,1.64,0,0.0,,
ORD0147188,60f20c5bf6be441c7088942ef678bb02,500000055,2022-11-08 08:41:11,completed,15,VIP15,card,PL,6.99,4.0,0.87,0,0.0,,
ORD0148368,709f6db6354e6225b6fbb266c855cd5c,500000002,2022-11-10 15:51:32,cancelled,5,NEWSLETTER5,card,FR,0.0,0.0,0.0,0,0.0,2022-11-11 13:19:32,address_issue
ORD0149317,799a0b46cd96eab49e91e716aaed8f0d,500000003,2022-11-12 12:37:27,completed,0,,card,FR,6.99,7.67,0.94,500,5.0,,
ORD0151134,4dd25330b3667760d5a4783bc9868265,500000001,2022-11-15 16:36:08,completed,0,,paypal,US,6.99,8.9,1.19,0,0.0,,
ORD0154694,00878aa086914ff7829d0520bd87201c,500000001,2022-11-22 12:02:52,cancelled,0,,card,US,0.0,0.0,0.0,0,0.0,2022-11-22 12:44:52,payment_failed
ORD0156194,a3512e2fe3c34e6a17ecd43381fa5f6f,500000001,2022-11-24 12:39:36,completed,0,,card,US,0.0,10.28,2.97,0,0.0,,
ORD0158768,ccb7d00de4f3701827bd0cbbda86664e,500000005,2022-11-25 17:42:30,completed,15,AUTUMN15-22,bank_transfer,US,6.99,10.21,0.46,0,0.0,,
ORD0160213,c5acf690003aa22359d1ee9f78958c43,500000006,2022-11-26 11:53:34,completed,10,SAVE10,card,ES,6.99,5.9,2.19,0,0.0,,
ORD0162870,0fb964d20c5455dd5968b199319c617c,500000007,2022-11-27 12:33:55,completed,20,FLASH20,bnpl,FR,6.99,7.59,1.49,0,0.0,,
ORD0164359,58c620bca226a5ab8afb9736a2a16baa,500003605,2022-11-27 22:02:51,completed,15,BF15-22,google_pay,GB,0.0,7.46,3.05,0,0.0,,
ORD0164528,7ff96cc001456e629d869b1d76ef5a55,500000002,2022-11-27 23:48:16,completed,15,VIP15,paypal,FR,0.0,7.08,4.9,0,0.0,,
ORD0165093,94597897a6b3a5807c1af154ab10317d,500000028,2022-11-29 01:54:32,completed,0,,apple_pay,PL,6.99,4.04,0.6,0,0.0,,
ORD0165279,8ceb6d50f1c59d2b6f4ba907918fac17,500000001,2022-11-29 13:48:21,cancelled,5,NEWSLETTER5,card,US,0.0,0.0,0.0,0,0.0,2022-11-30 04:23:21,delivery_time_too_long
ORD0165772,b3ab700df0ba46275d17118fcb6ef6e1,500000001,2022-11-30 14:14:38,completed,0,,bnpl,US,0.0,10.2,5.09,0,0.0,,
ORD0166941,941ad1fd44b398c7d8a345ae2455c9e5,500000001,2022-12-02 21:59:18,completed,0,,card,US,0.0,10.4,5.4,500,5.0,,
ORD0167891,115fc471459b88666fb4deccc3344bfc,500000001,2022-12-04 18:22:44,completed,20,FLASH20,card,US,0.0,10.25,4.06,0,0.0,,
ORD0167970,77a54d442f5509cafa3bea90a3d6440f,500000001,2022-12-04 19:51:37,completed,0,,card,US,0.0,8.75,2.75,0,0.0,,
ORD0168322,a4829ba999f3b71a2981daaab61cbdd9,500000006,2022-12-05 15:38:12,completed,0,,card,ES,6.99,6.35,1.59,0,0.0,,
ORD0168355,b7f09e295285bcd3dfbf085b85dcbf1b,500000003,2022-12-05 16:47:34,cancelled,0,,card,FR,0.0,0.0,0.0,0,0.0,2022-12-07 15:22:34,item_out_of_stock
ORD0169412,f9750a21330d8a63db73bde991cbadc0,500000001,2022-12-07 22:12:21,completed,0,,google_pay,US,0.0,8.92,3.98,0,0.0,,
ORD0169548,ce579bf04d8e08d8829e96c49920870b,500000001,2022-12-08 11:31:02,completed,5,WELCOME5,paypal,US,6.99,9.95,1.85,0,0.0,,
ORD0170629,20031361339022a10e72d9fa1820cf7f,500000001,2022-12-10 16:27:18,cancelled,0,,bnpl,US,0.0,0.0,0.0,0,0.0,2022-12-11 19:57:18,address_issue
ORD0171243,f0fa8af4d59b6e8ba2183115a00fd468,500000001,2022-12-11 16:08:02,completed,0,,card,US,6.99,10.74,1.38,0,0.0,,
ORD0171348,a29f1e8693a82a06e29006f19a1c23c7,500000006,2022-12-11 18:49:09,cancelled,0,,paypal,ES,0.0,0.0,0.0,0,0.0,2022-12-13 18:42:09,item_out_of_stock
ORD0171907,1d914ac1528b67a99a466efb6937cf43,500000001,2022-12-12 22:19:12,cancelled,10,SAVE10,google_pay,US,0.0,0.0,0.0,0,0.0,2022-12-13 08:40:12,item_out_of_stock
ORD0172107,7f773a7684344c2ad09fc2426631a923,500000001,2022-12-13 14:39:23,completed,0,,card,US,6.99,9.01,0.94,0,0.0,,
ORD0173567,9d183e7034f873b928c88bc45908af0a,500000001,2022-12-16 16:06:37,completed,15,VIP15,card,US,0.0,8.67,2.48,0,0.0,,
ORD0176307,a37e7c7e6fa6a78c08a960745a57a19a,500000003,2022-12-19 20:11:15,completed,10,XMAS10-22,card,FR,0.0,7.18,3.28,0,0.0,,
ORD0177502,86e36e655daed42708f86b9111823bcf,500000001,2022-12-21 15:13:34,completed,15,XMAS15-22,card,US,0.0,9.2,2.3,500,5.0,,
ORD0179431,f2d465cba4c01b69db59b9fff046a427,500000005,2022-12-24 06:35:19,completed,0,,google_pay,US,6.99,9.47,1.86,0,0.0,,
ORD0179561,83b7472b92ae3c63ca7894e0546a2684,500000001,2022-12-24 10:47:15,completed,0,,card,US,6.99,9.23,1.44,0,0.0,,
ORD0180173,dc4fe0167d44749da0f0c2180086aa16,500000001,2022-12-24 20:56:45,completed,10,FRIEND10,bnpl,US,6.99,10.6,2.88,0,0.0,,
ORD0180756,106c088d6ef9410e9d0e259bd0bbbdf3,500000001,2022-12-25 19:53:23,completed,15,WINTER15-22,card,US,6.99,11.04,1.2,0,0.0,,
ORD0182050,a08fb3c6a75dacde1889481793cfadb3,500000010,2022-12-29 06:12:27,completed,0,,card,US,6.99,8.47,1.47,0,0.0,,
ORD0182625,a7900b3351654d66c7d240e27471658f,500000001,2022-12-30 21:05:25,completed,0,,paypal,US,6.99,10.96,0.97,0,0.0,,
ORD0183160,09b28be335066347f3b31550c3c0e5dc,500000001,2023-01-01 11:00:40,completed,5,WELCOME5,card,US,6.99,8.98,2.35,500,5.0,,
ORD0183272,a893cf3b36aa8a6c1169571e5029f3f4,500000012,2023-01-01 16:03:35,cancelled,5,WELCOME5,bank_transfer,GB,0.0,0.0,0.0,0,0.0,2023-01-01 16:34:35,customer_changed_mind
ORD0184018,2951e8c907177bb16ec5605e5aa22487,500000002,2023-01-03 14:28:35,completed,0,,card,FR,6.99,6.56,1.35,0,0.0,,
ORD0185231,9de2fd7b0e33d03f56552ab983d3ef7d,500000001,2023-01-06 15:22:22,completed,0,,card,US,6.99,10.43,1.46,0,0.0,,
ORD0186602,6d61d2822c85d7955c32e3af688017ba,500000003,2023-01-08 13:25:19,completed,5,NEWSLETTER5,card,FR,6.99,7.55,1.75,0,0.0,,
ORD0186919,8bf59245c403b5c1ed3429e563ff1e06,500000002,2023-01-08 19:30:31,completed,0,,paypal,FR,6.99,7.18,2.23,0,0.0,,
ORD0188115,550fc155a885c97489d86183e17ead22,500000001,2023-01-10 14:26:28,completed,5,NEWSLETTER5,card,US,0.0,10.95,4.04,0,0.0,,
ORD0188166,c367130dcf9c5c22a128f20ca7f58fdc,500000002,2023-01-10 16:02:05,completed,0,,card,FR,6.99,6.55,1.35,500,5.0,,
ORD0188873,e3a92b06204aa1d84cd31e2962bdfbd1,500000003,2023-01-11 16:43:45,completed,20,JAN20-23,card,FR,0.0,6.68,2.36,0,0.0,,
ORD0190975,00ad5e3a5f3e58e8dcf9ec657f656924,500000001,2023-01-14 18:01:27,completed,0,,bnpl,US,0.0,9.42,5.75,0,0.0,,
ORD0191357,8e2429537659953a25c19c1b27138fd0,500000001,2023-01-15 05:47:02,completed,0,,google_pay,US,0.0,8.69,6.6,0,0.0,,
ORD0192297,d37d7a3e9500c6ef5e8a3e97101ed317,500000009,2023-01-16 09:40:16,completed,5,WELCOME5,card,SE,0.0,7.98,4.61,0,0.0,,
ORD0192405,61d9cbfa6f9c1b205ac188c224e15d56,500000020,2023-01-16 12:45:58,completed,0,,paypal,DE,0.0,6.7,3.14,0,0.0,,
ORD0192525,91380f52b2ce23af461ddf57208440f8,500000048,2023-01-16 15:47:16,completed,20,FLASH20,card,PL,0.0,4.1,5.17,0,0.0,,
ORD0193320,1895b7a3f522ba613290b7cb614d9dfc,500000085,2023-01-17 19:09:34,completed,0,,apple_pay,US,6.99,9.5,1.1,0,0.0,,
ORD0194477,ccaddecf5c3f7fca116a2df01a78f1f5,500000558,2023-01-19 14:44:41,cancelled,5,WELCOME5,bank_transfer,PL,0.0,0.0,0.0,0,0.0,2023-01-20 10:12:41,customer_changed_mind
ORD0195354,66dd5ab20033ae6b91811e796ed83a35,500000007,2023-01-20 19:09:20,completed,10,SAVE10,card,FR,6.99,6.48,1.19,0,0.0,,
ORD0195582,4e04c9fc4a54365e1197013d218beadf,500000007,2023-01-21 05:52:08,completed,5,WELCOME5,card,FR,6.99,6.92,1.65,0,0.0,,
ORD0197030,f3dc288131411e360e5b92d7e93c7f91,500000038,2023-01-22 19:34:12,completed,5,NEWSLETTER5,card,US,6.99,9.79,1.15,0,0.0,,
ORD0198063,d10461fbe75eab89d2746b723c617c44,500000001,2023-01-24 11:39:34,completed,0,,card,US,6.99,10.52,2.02,0,0.0,,
ORD0199285,cbfcab0a07ff5849b3a91701b6acea35,500000001,2023-01-26 08:25:10,cancelled,0,,card,US,0.0,0.0,0.0,0,0.0,2023-01-27 07:55:10,customer_changed_mind
ORD0200184,9ec2145dea735d3c82be82b03337616b,500000001,2023-01-27 14:37:46,completed,10,FRIEND10,paypal,US,6.99,10.13,2.49,0,0.0,,
ORD0203857,c16c49f1f694e601917de9ecd4a2a5dd,500000002,2023-02-01 12:05:01,completed,0,,card,FR,0.0,6.99,2.99,0,0.0,,
ORD0204032,e74a35e014a6cab65de691665b25b786,500000063,2023-02-01 16:43:23,completed,10,SAVE10,card,CA,0.0,10.34,4.33,0,0.0,,
ORD0204104,386996f1ae8c93b0df9c3c7f894f6d8a,500000002,2023-02-01 18:16:02,completed,0,,card,FR,6.99,6.39,0.67,0,0.0,,
ORD0204654,4516c5d8f6c2155fcc1439ad4531a3ab,500000001,2023-02-02 15:08:16,cancelled,0,,card,US,0.0,0.0,0.0,0,0.0,2023-02-03 05:56:16,duplicate_order
ORD0206985,0f9083b3c5e1021f5acfde2c894eb82c,500000001,2023-02-05 18:16:49,completed,0,,card,US,6.99,8.58,1.47,0,0.0,,
ORD0208219,79585d6e782e557a38978879eebdcef1,500000001,2023-02-07 16:25:36,completed,0,,card,US,0.0,9.27,5.72,0,0.0,,
ORD0208573,317a495c98f53503bb766bb45b266da8,500000077,2023-02-08 08:02:52,completed,0,,apple_pay,US,6.99,10.62,1.13,0,0.0,,
ORD0209404,1c72c3ad70e8b8462e8ff72910596897,500000001,2023-02-09 14:12:24,completed,5,NEWSLETTER5,card,US,0.0,9.71,3.57,0,0.0,,
ORD0209862,73bce629fa2e69ff7d47d2af156a4ce8,500000001,2023-02-10 10:06:02,completed,0,,card,US,6.99,9.6,1.97,0,0.0,,
ORD0211398,e225706e2a9f8895bf62afb58d7baacf,500000002,2023-02-12 10:54:16,completed,10,FRIEND10,card,FR,6.99,6.16,2.08,500,5.0,,
ORD0212112,22733cc1f2486137582e45a15e15b895,500000003,2023-02-13 00:22:26,completed,0,,bank_transfer,FR,6.99,5.81,0.11,0,0.0,,
ORD0212435,ffc9a3eda53a452cb8bd9d6ea5e0546b,500000004,2023-02-13 15:34:55,completed,0,,bank_transfer,SE,0.0,6.76,0.7,0,0.0,,
ORD0214437,fbc98edf3169eda41d0e3eb16259bcc5,500000003,2023-02-16 17:42:51,completed,10,FRIEND10,apple_pay,FR,0.0,7.68,2.42,0,0.0,,
ORD0215618,e95d4691dd0de31d94512ada695d2ac6,500000001,2023-02-18 11:32:12,completed,0,,bank_transfer,US,0.0,8.65,0.77,0,0.0,,
ORD0216994,4a533aff4dc001143cb83f74531a9069,500000001,2023-02-19 21:38:34,completed,10,SAVE10,bnpl,US,0.0,10.05,8.2,0,0.0,,
ORD0217022,180cec169700340b0005e4001235e351,500000002,2023-02-19 22:17:10,completed,5,WELCOME5,paypal,FR,0.0,5.83,2.96,0,0.0,,
ORD0218073,7efeef2f0f7cc8edbd6943f50336ac35,500000001,2023-02-21 15:20:35,completed,0,,card,US,6.99,10.81,1.01,0,0.0,,
ORD0218261,2c6b9097e459731e11e2374c55848a2f,500000004,2023-02-21 19:15:43,completed,0,,card,SE,6.99,7.35,0.89,0,0.0,,
ORD0218448,b0155afb8160b4add27087a9d7ab7aa8,500000006,2023-02-21 23:03:51,completed,0,,card,ES,6.99,7.55,0.92,0,0.0,,
ORD0220411,b3f5586a4a1de5a253a38ab4dfc4698a,500000003,2023-02-24 23:39:39,completed,0,,card,FR,0.0,6.92,3.34,0,0.0,,
ORD0220444,69d24c41cef109fb64e64178a993535a,500000023,2023-02-25 04:15:24,completed,0,,card,GB,6.99,8.85,1.52,0,0.0,,
ORD0221201,5f378ed5486dadd79bb8d682ade92e67,500000007,2023-02-25 22:06:25,completed,5,WELCOME5,card,FR,6.99,7.35,2.02,0,0.0,,
ORD0222441,dcf245a0c6b5f801eeb410217f854fa9,500000001,2023-02-27 17:19:55,cancelled,10,FRIEND10,bank_transfer,US,0.0,0.0,0.0,0,0.0,2023-02-28 10:34:55,customer_changed_mind
ORD0223869,b5f614a161037130944cff56fbda93bc,500000001,2023-03-01 19:53:27,completed,0,,card,US,6.99,8.52,1.36,0,0.0,,
ORD0225461,445cec4bef933a06a9166024cf375e8b,500000023,2023-03-04 09:00:53,completed,0,,google_pay,GB,0.0,7.12,4.02,500,5.0,,
ORD0226995,932a2e7014cb9d273fadfdfd6a9e8b3d,500000002,2023-03-05 22:08:56,completed,0,,card,FR,0.0,5.81,2.8,0,0.0,,
ORD0227915,179ef070cfa5adefed9eb537364efbc1,500055450,2023-03-07 12:29:32,completed,0,,card,FR,0.0,7.13,2.94,0,0.0,,
ORD0228232,c60449c67b0e784bb1afacf4a3adfe6a,500000001,2023-03-07 19:28:45,completed,0,,card,US,0.0,10.44,3.15,0,0.0,,
ORD0231761,41238165f141aaccf3c598c3a3344b33,500000001,2023-03-12 17:00:20,completed,0,,paypal,US,6.99,10.77,2.83,0,0.0,,
ORD0233570,ed026110127a9f94541c1cc0cc3e588d,500000065,2023-03-15 07:53:44,completed,0,,card,US,0.0,11.25,2.6,0,0.0,,
ORD0233662,847c3b809f50ca5cd97ff1f7afa468a0,500000042,2023-03-15 10:59:14,completed,0,,card,ES,0.0,6.39,2.96,0,0.0,,
ORD0234175,0b2015c1fad420d3ee65f2777d70d0b4,500000002,2023-03-15 22:16:36,completed,0,,google_pay,FR,6.99,7.56,1.12,0,0.0,,
ORD0234216,6501642a67985c05b40b5da94191ee62,500000002,2023-03-15 23:46:24,completed,0,,card,FR,0.0,6.36,3.7,0,0.0,,
ORD0236174,5d479492f0b948afbb776d263f069634,500000002,2023-03-18 18:49:53,completed,5,NEWSLETTER5,card,FR,0.0,7.36,2.77,500,5.0,,
ORD0237189,a4ed81895d37bc0dcbd23e14e99c3c4e,500000001,2023-03-19 20:42:12,completed,0,,paypal,US,6.99,9.01,0.65,0,0.0,,
ORD0237217,f4862a839e5b76d13db5b32d48291a35,500000001,2023-03-19 21:00:30,completed,0,,card,US,0.0,9.95,2.86,0,0.0,,
ORD0237316,3d4bfbcfa40c2d656034058761d4c72f,500000018,2023-03-19 23:04:07,completed,0,,bank_transfer,US,0.0,10.1,0.93,0,0.0,,
ORD0239277,e07d69512e598df08fe04681234b9158,500000001,2023-03-22 20:56:23,completed,5,WELCOME5,apple_pay,US,0.0,9.03,5.99,500,5.0,,
ORD0241094,47e59459464cf406155ad395f968afc3,500000002,2023-03-25 14:32:32,completed,0,,card,FR,0.0,6.46,2.53,0,0.0,,
ORD0242145,afc5c4ac32bd32773ada5b101afabedf,500000001,2023-03-26 16:53:10,completed,0,,apple_pay,US,6.99,10.66,1.69,500,5.0,,
ORD0244243,42f5a45459337f2d66d68ca7842e2156,500000171,2023-03-29 16:21:58,completed,0,,card,GB,6.99,8.05,1.59,0,0.0,,
ORD0251106,4011e51f99ccf3c4bf576f465cd6830d,500000001,2023-04-07 16:05:05,completed,10,SAVE10,card,US,6.99,9.98,1.24,500,5.0,,
ORD0254270,e20730c0d01280c6519fbc4f07468f23,500000002,2023-04-10 19:44:28,completed,15,SPRING15-23,card,FR,6.99,7.07,1.82,500,5.0,,
ORD0254429,a45fc77c503e64dd65d9087ace71ca5b,500000001,2023-04-10 22:17:24,completed,0,,card,US,6.99,10.94,0.91,500,5.0,,
ORD0256032,47b553c78e3cdf746932f206d04efd2b,500000003,2023-04-12 20:02:28,completed,10,SAVE10,paypal,FR,6.99,6.73,0.95,0,0.0,,
ORD0256574,268815733797ae30cb1b8578e546035c,500000005,2023-04-13 15:43:46,completed,0,,paypal,US,6.99,10.37,2.4,0,0.0,,
ORD0256888,6473080d553076ac32eba1015a772461,500000004,2023-04-13 20:59:01,completed,0,,card,SE,6.99,8.73,1.42,500,5.0,,
ORD0257047,b36f1cda2f0408f38a1524d9f3550dfe,500000006,2023-04-14 05:56:47,cancelled,20,FLASH20,card,ES,0.0,0.0,0.0,0,0.0,2023-04-15 16:09:47,delivery_time_too_long
ORD0257267,8b9dffbefd013d6d3ea358768cec95d3,500000002,2023-04-14 12:11:59,completed,10,FRIEND10,card,FR,0.0,7.29,2.41,0,0.0,,
ORD0258219,903dfc69325a027c794e24338d0ff4f0,500000001,2023-04-15 13:56:45,completed,0,,card,US,6.99,10.76,1.36,500,5.0,,
ORD0259688,fc142f7689965b2ab6239fdf83dfd064,500000074,2023-04-16 20:39:28,completed,0,,google_pay,US,6.99,10.84,1.14,0,0.0,,
ORD0260141,2cf58829756a4f97409a58b517c1df05,500000002,2023-04-17 13:19:22,completed,0,,paypal,FR,6.99,7.29,1.45,0,0.0,,
ORD0260617,37142a35314f6c2de3add25daf15c92f,500000001,2023-04-17 23:00:51,completed,0,,paypal,US,0.0,10.19,3.65,0,0.0,,
ORD0260978,0b88fbf0f21c798e7122d678ad73c62f,500000010,2023-04-18 15:14:54,completed,0,,card,US,6.99,9.17,2.41,0,0.0,,
ORD0262275,b0f3cba7234335622d0c4b6c09dfd530,500000001,2023-04-20 11:52:07,cancelled,5,NEWSLETTER5,bnpl,US,0.0,0.0,0.0,0,0.0,2023-04-21 00:11:07,delivery_time_too_long
ORD0263536,00628440d6980db27997773d4282a959,500000001,2023-04-22 00:39:01,cancelled,15,VIP15,google_pay,US,0.0,0.0,0.0,0,0.0,2023-04-23 01:06:01,suspected_fraud
ORD0263654,58b59200f7a1c7adfcfe6d709938cdfc,500000003,2023-04-22 09:27:18,completed,0,,paypal,FR,6.99,6.4,2.65,500,5.0,,
ORD0263672,7a0a9d46483f8e556e34013a802fadae,500000228,2023-04-22 09:48:28,completed,10,SAVE10,card,GB,6.99,6.89,0.73,0,0.0,,
ORD0263747,b4f63060c975c0f31a92a7930ad8fae3,500000001,2023-04-22 11:27:40,completed,0,,paypal,US,0.0,11.03,7.61,0,0.0,,
ORD0264757,9a07d2b23c7f9545a97986120a46c2fb,500000003,2023-04-23 12:53:27,completed,0,,card,FR,6.99,6.41,1.71,0,0.0,,
ORD0265361,c4a2465159ebf2cc58d97adc7f010965,500000005,2023-04-23 22:26:29,completed,0,,paypal,US,0.0,11.16,3.35,0,0.0,,
ORD0265562,583ed674d104702351b49fc2b801bbae,500038421,2023-04-24 10:53:27,completed,0,,paypal,ES,6.99,7.11,2.18,0,0.0,,
ORD0265602,10ce292ef7bbc76dae1172a2b5d747a5,500000001,2023-04-24 12:00:26,completed,0,,card,US,0.0,11.53,2.96,0,0.0,,
ORD0266027,b2e0adcc24bc3ea12af160cfe74d9adf,500000001,2023-04-24 21:00:08,completed,15,VIP15,card,US,6.99,8.61,0.73,0,0.0,,
ORD0268452,b9ec2b2310523063cd05e2d85b613fb8,500000001,2023-04-28 11:33:46,completed,0,,card,US,6.99,10.42,1.16,0,0.0,,
ORD0268770,765e3152db4f30492949a2846a64ec7f,500000003,2023-04-28 18:46:26,completed,0,,card,FR,0.0,6.67,3.21,0,0.0,,
ORD0269395,66056c8568ad3e3f6a9a65c50e9c5240,500000003,2023-04-29 14:34:21,completed,5,NEWSLETTER5,google_pay,FR,0.0,6.82,2.44,0,0.0,,
ORD0269709,3b3b702f5fa183f49efa9ab51708fae2,500000005,2023-04-29 19:50:50,completed,0,,card,US,0.0,9.24,2.57,0,0.0,,
ORD0270021,06bbb0494c58bbfccfaa61a82a7ea716,500000002,2023-04-30 10:04:24,completed,0,,card,FR,6.99,6.56,2.05,0,0.0,,
ORD0270636,fd55c56c482c2b5f74e541d9c8328956,500000001,2023-04-30 20:14:18,completed,0,,paypal,US,6.99,10.27,2.45,500,5.0,,
ORD0271485,1a04bc40b1602a3abca34117d2240189,500000001,2023-05-01 21:27:07,completed,0,,paypal,US,6.99,8.77,2.07,0,0.0,,
ORD0272473,ac696f932f74258ed456a7a176972433,500000024,2023-05-03 11:25:10,completed,10,SAVE10,bnpl,GB,6.99,7.26,2.0,0,0.0,,
ORD0274224,8b5b0b8f205fee1535993ce50612db5c,500000019,2023-05-05 17:03:22,completed,0,,card,SE,6.99,7.28,1.45,500,5.0,,
ORD0274317,700ce773ccca8f74e3892854097fbf0a,500000010,2023-05-05 18:42:43,completed,0,,card,US,6.99,8.68,0.9,0,0.0,,
ORD0274685,3f6f7000d6e10f3cf1ac5c54854abba9,500000005,2023-05-06 09:27:59,completed,0,,paypal,US,6.99,11.55,1.58,0,0.0,,
ORD0276017,8cb2deb534a7b8fc1596cc5cd0e0934b,500000002,2023-05-07 16:23:11,completed,0,,card,FR,0.0,6.82,2.97,0,0.0,,
ORD0277574,197ee032c57f15fe3978af5ff63976e2,500000007,2023-05-09 15:00:31,completed,0,,card,FR,0.0,6.75,6.2,0,0.0,,
ORD0279827,6c0da9f538234b037c7251549dfcb91c,500000001,2023-05-12 15:36:00,completed,0,,google_pay,US,6.99,8.65,1.28,0,0.0,,
ORD0280718,2631de9f69d4083f6c06bdb1cccfd03c,500000186,2023-05-13 15:53:20,cancelled,0,,apple_pay,SE,0.0,0.0,0.0,0,0.0,2023-05-13 17:38:20,duplicate_order
ORD0283021,51acf375689047e01b8a2fadf05886dc,500000001,2023-05-16 10:19:55,completed,0,,card,US,0.0,9.11,4.62,0,0.0,,
ORD0283288,f3e6f877fa0e9d658acb27f7464af4c4,500000001,2023-05-16 16:26:35,completed,0,,card,US,0.0,9.1,6.83,0,0.0,,
ORD0284187,c2f6d4e024ccf59211df7a8ee568462c,500000001,2023-05-17 18:39:30,completed,0,,bank_transfer,US,6.99,10.39,0.3,0,0.0,,
ORD0287285,2890a02a057143b5c3eff8bea8a25fe1,500000002,2023-05-21 13:31:59,completed,0,,card,FR,6.99,6.97,1.19,0,0.0,,
ORD0287586,54a17ea0d96d5b46277e1aa315ad784a,500000004,2023-05-21 18:36:06,cancelled,0,,paypal,SE,0.0,0.0,0.0,0,0.0,2023-05-23 04:26:06,payment_failed
ORD0288461,91423340f24309ac008d574f21fbe775,500000004,2023-05-22 19:25:41,completed,10,FRIEND10,card,SE,0.0,8.93,3.65,0,0.0,,
ORD0288611,e3345ea576070dbc7685d7297f1401f7,500000001,2023-05-22 22:12:52,completed,0,,paypal,US,0.0,9.6,3.04,0,0.0,,
ORD0288907,1effa3394e849035271b49456c324024,500000006,2023-05-23 13:10:59,completed,5,WELCOME5,card,ES,6.99,7.62,0.52,0,0.0,,
ORD0288963,ed525394fa5b79699845ac73aa304c1e,500000034,2023-05-23 14:32:06,completed,0,,apple_pay,US,6.99,11.07,1.29,0,0.0,,
ORD0288984,0b0ca064bdbd2fda276b9d55e232c4cf,500000004,2023-05-23 15:05:50,completed,20,FLASH20,card,SE,0.0,7.39,2.8,500,5.0,,
ORD0289517,b3dc464e446f17457bbe76b1233bc61e,500000002,2023-05-24 10:28:21,completed,15,VIP15,paypal,FR,0.0,6.9,2.61,0,0.0,,
ORD0289741,d530e802614e3be0800dd8322825c023,500000006,2023-05-24 16:04:35,completed,0,,card,ES,0.0,6.5,2.59,0,0.0,,
ORD0290031,25cd2ddfc2be07c2434cc478eead1aab,500000217,2023-05-24 21:43:46,cancelled,10,FRIEND10,apple_pay,DE,0.0,0.0,0.0,0,0.0,2023-05-26 01:49:46,delivery_time_too_long
ORD0290229,cda7087cdfd9c000380f9d32e9dd0bf8,500000080,2023-05-25 10:49:55,completed,0,,apple_pay,DE,0.0,7.36,2.54,0,0.0,,
ORD0291708,44cc6713578b86ac920a7b284cf1e6c3,500000001,2023-05-27 10:39:35,completed,0,,card,US,6.99,8.58,1.39,0,0.0,,
ORD0292365,dc4d2e46a331c1b1716256d2b2eae0eb,500000002,2023-05-27 21:20:41,completed,20,FLASH20,card,FR,6.99,6.92,1.66,0,0.0,,
ORD0295386,bb2c49780769ac4f96ce750c0582035c,500000080,2023-05-31 18:05:39,completed,10,SAVE10,card,DE,6.99,6.28,1.05,0,0.0,,
ORD0295668,c6afb7ea0a4d4867788b03e9161ece97,500000003,2023-06-01 00:28:09,completed,15,VIP15,paypal,FR,0.0,7.92,6.58,0,0.0,,
ORD0296546,7b5b575ad586d62a0dc138a22e3cc829,500000006,2023-06-02 11:20:10,completed,0,,card,ES,6.99,6.83,1.32,0,0.0,,
ORD0299865,17ab4738d9690139ede9ebf950505f43,500000101,2023-06-06 09:17:58,completed,15,VIP15,paypal,PL,6.99,5.01,1.45,500,5.0,,
ORD0301193,dd16afc8ff9e6f246d46b88ebe526d23,500000001,2023-06-07 23:07:51,completed,10,FRIEND10,card,US,6.99,11.26,1.22,0,0.0,,
ORD0301454,f5bc94846431a071ae03383fa14fc74e,500000004,2023-06-08 13:17:15,completed,0,,card,SE,6.99,7.42,1.58,0,0.0,,
ORD0302077,e09b4a41bc441aabb000667a6987606b,500000001,2023-06-09 12:00:17,completed,5,NEWSLETTER5,card,US,6.99,9.06,0.72,0,0.0,,
ORD0302789,ce0ef2d37bfbce5976aa1a0e098eb65a,500001674,2023-06-10 10:20:46,completed,5,NEWSLETTER5,card,DE,6.99,6.88,0.77,0,0.0,,
ORD0304165,06a9a0f8ff4478b848ff24c8df6fa3fc,500000002,2023-06-11 18:08:32,completed,20,FLASH20,card,FR,6.99,6.01,0.94,0,0.0,,
ORD0305152,a70470c73c9001c5f366f01f33972754,500000001,2023-06-12 21:31:09,completed,0,,google_pay,US,0.0,10.25,2.95,0,0.0,,
ORD0306332,b6c6cefeb0a01e0771a4f2a8e333692a,500000001,2023-06-14 16:26:28,completed,0,,paypal,US,0.0,10.71,4.28,500,5.0,,
ORD0307183,500ecf14a61c39613af1dbfd6bfbabc7,500000010,2023-06-15 19:55:33,completed,0,,google_pay,US,6.99,9.59,2.23,0,0.0,,
ORD0309003,364c76e8db240fdb1b4a5d72808deef7,500000050,2023-06-17 23:33:11,completed,5,WELCOME5,card,DE,0.0,7.22,2.86,0,0.0,,
ORD0310575,8f255deee0456f5b69f3e4253beb04b1,500000003,2023-06-19 21:12:17,cancelled,10,FRIEND10,paypal,FR,0.0,0.0,0.0,0,0.0,2023-06-20 23:55:17,customer_changed_mind
ORD0310859,a21fa15d33c91df70a221aee32dc4a4f,500000002,2023-06-20 12:48:22,completed,0,,card,FR,6.99,7.03,1.03,0,0.0,,
ORD0311465,38781d95d4e4bfafd66070af1fda239a,500000003,2023-06-21 11:56:19,completed,5,NEWSLETTER5,card,FR,6.99,7.3,1.16,0,0.0,,
ORD0311751,3bab383d68bfb1a38fe3f1b07af91d82,500000019,2023-06-21 18:45:46,completed,0,,card,SE,0.0,6.84,6.29,500,5.0,,
ORD0312481,9537276d114e9e6397b686c23e0e4c84,500000001,2023-06-22 18:24:19,completed,15,VIP15,bnpl,US,6.99,9.78,1.69,0,0.0,,
ORD0314702,c8b5c64113a219433049f8ec4301e13a,500000004,2023-06-25 12:05:40,completed,0,,google_pay,SE,0.0,8.5,2.91,0,0.0,,
ORD0314712,097a7e1567da15e441ce29f146efa2b4,500000024,2023-06-25 12:15:39,completed,0,,card,GB,0.0,8.83,6.73,0,0.0,,
ORD0316233,a3705a4561519721bd5cc506ed7b52fd,500000001,2023-06-27 10:31:00,completed,0,,card,US,0.0,11.51,6.68,0,0.0,,
ORD0316676,4fced8598b38422bf33c759d8ec8f0cd,500000016,2023-06-27 19:51:33,completed,0,,card,US,0.0,11.65,2.62,500,5.0,,
ORD0317551,1889c10dc305914988daed4c45bf7877,500000006,2023-06-28 22:25:25,completed,0,,bank_transfer,ES,0.0,6.77,0.69,0,0.0,,
ORD0321342,5813eb7e2279b9c6fb4007b6c0bb8d01,500000001,2023-07-02 23:52:33,completed,0,,paypal,US,6.99,8.88,1.87,0,0.0,,
ORD0323463,5e5580bdf6bf31e265515b7810136e7d,500000001,2023-07-05 18:20:30,completed,10,FRIEND10,card,US,0.0,10.77,2.59,0,0.0,,
ORD0324039,02dfb787888c2382b53c84455fcf1f19,500000001,2023-07-06 13:22:08,completed,5,WELCOME5,paypal,US,6.99,11.55,1.97,0,0.0,,
ORD0324057,147124ecd615de7af651a1998e105b4a,500000001,2023-07-06 13:49:18,completed,0,,paypal,US,0.0,11.41,7.41,0,0.0,,
ORD0325412,f8c116b33340449f04a2e00eeb8385ed,500000023,2023-07-08 02:02:29,cancelled,0,,paypal,GB,0.0,0.0,0.0,0,0.0,2023-07-08 22:20:29,price_difference
ORD0325979,e61e1df675f3cf256bdbec56c96e0a32,500000002,2023-07-08 17:09:57,cancelled,20,FLASH20,bank_transfer,FR,0.0,0.0,0.0,0,0.0,2023-07-10 14:39:57,payment_failed
ORD0327200,4be78597438eec92940c8106dc41743c,500000003,2023-07-09 19:15:10,cancelled,15,SUMMER15-23,card,FR,0.0,0.0,0.0,0,0.0,2023-07-11 00:38:10,payment_failed
ORD0327666,fc7cceaa1cd7c5b0328115dcfe90455c,500000002,2023-07-10 11:28:34,completed,0,,apple_pay,FR,0.0,6.69,3.52,500,5.0,,
ORD0327712,888f59132087d3930c9f4fa282bea21c,500000002,2023-07-10 12:33:52,completed,5,WELCOME5,apple_pay,FR,0.0,6.92,2.54,0,0.0,,
ORD0327754,1f14adbe63df5abe9caabf05c89bc4ff,500000024,2023-07-10 13:35:49,completed,15,SUMMER15-23,card,GB,6.99,7.78,0.81,0,0.0,,
ORD0329537,6c54f829a5098c0173058de4a6d520c7,500000001,2023-07-12 17:34:39,completed,10,SUMMER10-23,bnpl,US,0.0,9.94,6.83,0,0.0,,
ORD0330222,f5b4171d7abd46deb242bf945fbd7a4c,500000073,2023-07-13 14:37:24,completed,10,FRIEND10,card,PL,0.0,4.11,2.55,0,0.0,,
ORD0331845,5654792284443b690bdf9b19da0155a1,500000006,2023-07-15 12:34:25,completed,15,SUMMER15-23,card,ES,0.0,7.9,2.69,500,5.0,,
ORD0332647,3646b5df6e7668c66e3b08a3a408d7e5,500000041,2023-07-16 05:33:42,cancelled,5,WELCOME5,paypal,US,0.0,0.0,0.0,0,0.0,2023-07-17 10:00:42,payment_failed
ORD0332724,6ac21387954d00e0dd20c91f7c907bb7,500000001,2023-07-16 09:11:57,cancelled,5,WELCOME5,paypal,US,0.0,0.0,0.0,0,0.0,2023-07-18 00:55:57,item_out_of_stock
ORD0334656,eaa07658c7f2276a2fb7e4e4a4e18364,500000001,2023-07-18 16:42:39,completed,0,,card,US,0.0,10.01,2.7,0,0.0,,
ORD0334680,0638998f1aa539593a01f13ad96336fb,500000001,2023-07-18 17:13:20,completed,0,,apple_pay,US,0.0,10.84,3.07,0,0.0,,
ORD0339131,6dc15de29f030cf0b4c831cd70afc3a5,500002833,2023-07-25 01:06:08,completed,0,,card,FR,6.99,7.82,0.88,0,0.0,,
ORD0339274,8eb02b94a1be660cb0718ed8ad526c09,500000007,2023-07-25 11:23:35,completed,0,,card,FR,0.0,6.67,2.58,0,0.0,,
ORD0339492,e9f46940f8d83ba3114136c93197c452,500047212,2023-07-25 16:14:39,completed,10,FRIEND10,card,GB,6.99,7.38,1.35,0,0.0,,
ORD0339498,4f5a2e1977e2529e5148370cd36efccd,500000001,2023-07-25 16:22:22,cancelled,0,,paypal,US,0.0,0.0,0.0,0,0.0,2023-07-26 01:11:22,delivery_time_too_long
ORD0339781,fbd39c80f4d99b73d33feb755580bb68,500000003,2023-07-25 22:26:09,completed,15,VIP15,google_pay,FR,6.99,6.41,1.54,500,5.0,,
ORD0343315,5304439d32ec4243b1c2bbd15876295c,500000010,2023-07-30 18:39:34,completed,0,,bank_transfer,US,0.0,11.01,0.97,0,0.0,,
ORD0347126,807d84eea67d06547770acc4787c34cd,500000001,2023-08-05 09:56:39,completed,0,,bank_transfer,US,6.99,10.97,0.5,500,5.0,,
ORD0347994,cbad1af52674e3c16bb4871c93de15b0,500000001,2023-08-06 09:44:43,completed,10,SAVE10,card,US,6.99,10.97,1.02,0,0.0,,
ORD0350730,88c968ce6f54733a1818f1bae0b814f3,500000003,2023-08-09 21:08:48,completed,5,WELCOME5,card,FR,0.0,6.47,6.3,0,0.0,,
ORD0351170,f0dc1658f1cd1e9c9f94a22fb704c4c7,500000004,2023-08-10 15:07:52,completed,0,,card,SE,0.0,7.2,2.62,0,0.0,,
ORD0351273,67935feaf65b90fa00d7087667bc0491,500000060,2023-08-10 17:43:20,completed,5,NEWSLETTER5,card,US,6.99,9.62,1.0,0,0.0,,
ORD0353454,ab811a845810dcc0bc9bb65ab8e67e9c,500000215,2023-08-13 13:54:13,completed,0,,card,US,6.99,8.85,1.79,0,0.0,,
ORD0354051,5be6bd300bb3273a257d249ae27f9022,500000001,2023-08-14 07:54:11,completed,0,,bnpl,US,6.99,11.7,1.31,0,0.0,,
ORD0357053,9d09eeda4d68428e8ba8a6ee3d1eef21,500000015,2023-08-18 14:41:23,completed,5,NEWSLETTER5,card,IT,6.99,7.94,0.78,0,0.0,,
ORD0358792,9ed73d5ae8996901ac45b4f7d9443cf1,500000001,2023-08-20 13:58:49,completed,0,,paypal,US,0.0,10.35,3.72,0,0.0,,
ORD0359954,baecf5adf59e153c143e05ae3ac65535,500000006,2023-08-21 21:52:55,completed,0,,card,ES,0.0,6.75,2.58,0,0.0,,
ORD0360147,01962ea35446fdb1c9804b14c6405934,500000005,2023-08-22 10:45:38,completed,0,,card,US,6.99,8.8,1.64,0,0.0,,
ORD0361947,c97cc4c6b51c6f33601cd9f433739baf,500000002,2023-08-24 20:40:43,completed,10,SAVE10,bank_transfer,FR,6.99,6.48,0.24,0,0.0,,
ORD0363807,03e8103fd5374642877b83ae6f8d27f5,500000004,2023-08-27 10:06:21,completed,10,FRIEND10,card,SE,6.99,8.33,1.94,0,0.0,,
ORD0364181,46af9fbbf666212ce4dd5b109624c50a,500000047,2023-08-27 17:49:28,completed,0,,bank_transfer,US,6.99,9.63,0.29,0,0.0,,
ORD0364797,bb309126ba362bc70d297c2151953b4d,500000006,2023-08-28 12:49:51,completed,0,,card,ES,6.99,5.98,1.71,0,0.0,,
ORD0365280,d2b483aa9658db3e7847e39fb2d82920,500000463,2023-08-28 20:59:12,completed,10,SAVE10,card,US,6.99,10.54,1.0,0,0.0,,
ORD0366370,11e30b89adc743167d6ae8f481b8a5cd,500000002,2023-08-30 12:48:57,cancelled,15,BTS15-23,paypal,FR,0.0,0.0,0.0,0,0.0,2023-09-01 12:42:57,duplicate_order
ORD0366754,0ba8034d4d1e9fb255442e6fd347d452,500000001,2023-08-30 20:16:47,completed,5,WELCOME5,card,US,0.0,10.39,2.41,0,0.0,,
ORD0367420,a979f58f93ea92aa60a22f883bacacf0,500000179,2023-08-31 19:14:44,completed,0,,paypal,DE,6.99,7.11,1.3,0,0.0,,
ORD0372694,568e089974419f4c41de7fa1bf903d2b,500000001,2023-09-06 09:01:49,cancelled,15,BTS15-23,apple_pay,US,0.0,0.0,0.0,0,0.0,2023-09-08 16:08:49,delivery_time_too_long
ORD0372979,ee50e2b420d968cb1949d296b1c17178,500000001,2023-09-06 14:37:07,completed,0,,paypal,US,6.99,9.63,1.63,0,0.0,,
ORD0373404,e075d6c293e142638793c34c5f3cf131,500000006,2023-09-06 20:54:11,completed,10,SAVE10,card,ES,0.0,6.38,4.97,0,0.0,,
ORD0373493,a2886c0b5d84d234019120d14f591bff,500000001,2023-09-06 22:35:11,completed,0,,paypal,US,6.99,11.31,2.49,500,5.0,,
ORD0374682,461e7336e02b9b849aef0bfaa35dae72,500000001,2023-09-08 13:24:15,completed,10,SAVE10,paypal,US,0.0,10.95,2.87,0,0.0,,
ORD0376427,619267594badc33a861e7b0dd4128785,500000001,2023-09-10 01:36:55,completed,15,BTS15-23,card,US,6.99,11.7,1.01,0,0.0,,
ORD0378051,63f1ce312c9dde74301689f134bb280e,500000001,2023-09-11 17:48:42,completed,5,NEWSLETTER5,card,US,0.0,9.7,2.48,0,0.0,,
ORD0379039,757609806625c74c39ea8722d41651d8,500000007,2023-09-12 21:45:27,completed,0,,paypal,FR,0.0,6.57,3.94,0,0.0,,
ORD0379184,e9f364bc54b76317ba225366b3c598fc,500000001,2023-09-13 08:33:58,completed,10,SAVE10,apple_pay,US,6.99,8.83,2.19,0,0.0,,
ORD0379652,e66e6874967b580e664103ba17e84bfe,500000001,2023-09-13 18:23:27,completed,0,,google_pay,US,0.0,9.45,2.84,0,0.0,,
ORD0380282,d6205b5a891f79e3dc3ab3adaf1366fe,500000002,2023-09-14 15:28:10,cancelled,5,NEWSLETTER5,card,FR,0.0,0.0,0.0,0,0.0,2023-09-17 06:25:10,item_out_of_stock
ORD0380654,0089cb0196b7beab617cdfa9d4c98ddc,500000003,2023-09-14 22:53:43,completed,0,,apple_pay,FR,6.99,7.07,0.97,0,0.0,,
ORD0381493,933f4387e974603d1bf805327e023bcc,500000002,2023-09-15 23:09:12,completed,10,SAVE10,card,FR,0.0,7.55,2.3,0,0.0,,
ORD0382450,fbf682868110aebbd7041a0699a34799,500000001,2023-09-16 22:17:14,cancelled,5,NEWSLETTER5,card,US,0.0,0.0,0.0,0,0.0,2023-09-19 04:40:14,item_out_of_stock
ORD0382908,dfad176149658c822e7a6eec100ec803,500000003,2023-09-17 13:34:28,completed,0,,card,FR,0.0,6.44,3.69,0,0.0,,
ORD0383141,5bd0e338844f2bed347aaffb605174d0,500000156,2023-09-17 17:41:41,completed,0,,paypal,DE,6.99,7.91,1.44,0,0.0,,
ORD0383520,815fddd96b3dd4c29e3653e149df4e00,500000014,2023-09-17 23:03:39,completed,0,,card,GB,0.0,7.38,5.33,0,0.0,,
ORD0383831,2f147a29d3e834690b16dfb6adca551f,500000001,2023-09-18 13:21:51,cancelled,10,FRIEND10,paypal,US,0.0,0.0,0.0,0,0.0,2023-09-20 10:38:51,item_out_of_stock
ORD0384720,b987f9fee7f5b2b29143e23f5eb5c159,500000032,2023-09-19 15:50:34,cancelled,0,,card,US,0.0,0.0,0.0,0,0.0,2023-09-20 06:53:34,duplicate_order
ORD0385162,b5c5e3cabfe64530c81da1d60c5907bb,500000003,2023-09-20 05:05:32,cancelled,0,,apple_pay,FR,0.0,0.0,0.0,0,0.0,2023-09-20 09:44:32,customer_changed_mind
ORD0385500,c63d55e15e5dc256c75cb11f19078309,500000188,2023-09-20 15:20:30,completed,0,,paypal,US,6.99,10.82,1.1,0,0.0,,
ORD0386660,3394bc82120f5f558edd4e0a228ec4ab,500000001,2023-09-21 21:45:36,completed,0,,card,US,6.99,9.88,0.71,0,0.0,,
ORD0386994,9c2ecca75775a95248cec90c85abed8c,500000001,2023-09-22 12:24:47,completed,0,,card,US,6.99,11.28,1.39,0,0.0,,
ORD0387124,6e888aaa94ef69cf973bfed126286faf,500000007,2023-09-22 15:37:45,completed,0,,paypal,FR,0.0,6.7,7.23,500,5.0,,
ORD0387216,8d886fce4fac7fc7c6d4188b8f444c71,500000001,2023-09-22 17:29:21,completed,0,,apple_pay,US,6.99,10.32,1.56,0,0.0,,
ORD0387673,3920b90aad7170b0b7cd0b2b27ebeaab,500000001,2023-09-23 09:16:05,completed,0,,google_pay,US,6.99,9.96,1.54,0,0.0,,
ORD0389101,8459ec49bf36e4445ac238e010458a74,500000001,2023-09-24 16:08:13,completed,10,FRIEND10,apple_pay,US,6.99,11.19,1.25,0,0.0,,
ORD0389707,fc6269237c62dcef1b7847296f93e39c,500000001,2023-09-25 07:17:54,completed,0,,card,US,0.0,11.01,2.55,500,5.0,,
ORD0391784,24d8fe688ee2ccac4574633a00c86e13,500000220,2023-09-27 18:43:54,completed,0,,bnpl,SE,6.99,8.16,0.98,0,0.0,,
ORD0392127,45527264f42cc5b5cf3bf0a5f069dac5,500000002,2023-09-28 07:57:23,completed,0,,card,FR,6.99,7.28,1.48,0,0.0,,
ORD0394793,d578611e437b48259cd5612b5339deef,500000002,2023-10-01 09:59:29,completed,0,,google_pay,FR,6.99,6.96,2.43,0,0.0,,
ORD0396626,9b42c34f23d14bcc90f53f0475105f06,500000001,2023-10-03 12:10:29,completed,0,,card,US,0.0,8.88,3.83,0,0.0,,
ORD0396789,2f87a20fe6ea4a37b5f0cabca81abe12,500000037,2023-10-03 15:37:56,completed,0,,card,IT,6.99,6.61,2.35,0,0.0,,
ORD0398078,4915a0a5e9614ec2bf4259fb3c2fd008,500000002,2023-10-05 06:41:00,completed,0,,paypal,FR,0.0,6.52,3.59,0,0.0,,
ORD0399208,e40a9d37ac6e445db48715c1d8b93bb3,500000011,2023-10-06 15:39:42,completed,0,,paypal,US,0.0,9.84,3.1,0,0.0,,
ORD0400346,bb397d3dae454236b79afb28867c8414,500000003,2023-10-07 18:48:31,completed,0,,card,FR,6.99,6.6,0.76,0,0.0,,
ORD0400916,bf8dfb0b535c46a79bb2a3e6afbd4cb7,500000003,2023-10-08 11:37:51,completed,0,,card,FR,6.99,6.83,2.44,0,0.0,,
ORD0401075,b44460c5b5ce4775b4fe7dafc216c8b4,500000001,2023-10-08 14:43:52,completed,15,VIP15,google_pay,US,6.99,9.93,1.25,0,0.0,,
ORD0401572,26d713ca61a643f58d86dd2bac531fbd,500000059,2023-10-08 21:46:46,completed,15,AUTUMN15,card,GB,6.99,7.96,1.88,0,0.0,,
ORD0403353,e0dd91ab360c423e8d3e7472081c763d,500000010,2023-10-11 10:23:22,completed,0,,card,US,6.99,10.18,1.47,0,0.0,,
ORD0406958,5ce1f6edf9734e0f955352bad2f0a042,500000013,2023-10-15 12:58:02,completed,0,,card,US,6.99,10.84,1.54,0,0.0,,
ORD0407047,78415f997d6f4e2f9ab6af7ca633e3be,500000001,2023-10-15 14:31:03,completed,0,,card,US,6.99,10.61,2.32,0,0.0,,
ORD0407732,bdc9a654ada342ce8547999ba36e7015,500000007,2023-10-16 08:48:28,completed,10,FRIEND10,card,FR,0.0,8.07,2.59,0,0.0,,
ORD0407914,4b09ad6b8ef5450285647a474e3dbb4f,500000001,2023-10-16 13:01:05,completed,0,,card,US,6.99,10.56,0.54,0,0.0,,
ORD0409511,c6db2e3b30eb4a6c9f5ec77ed7d3c459,500000078,2023-10-18 13:52:41,completed,10,SAVE10,google_pay,GB,0.0,8.37,5.35,0,0.0,,
ORD0409598,aa67a6a220b0463dafe1e66a80d25a3d,500000001,2023-10-18 16:03:30,completed,0,,apple_pay,US,6.99,9.6,0.63,0,0.0,,
ORD0409806,0b0c62b26d59428c96407ceac7f3e3e4,500000001,2023-10-18 20:03:00,cancelled,0,,card,US,0.0,0.0,0.0,0,0.0,2023-10-19 06:28:00,delivery_time_too_long
ORD0411741,ca8ef9a0b14f45aebb3ffe104cae9743,500000020,2023-10-21 10:50:26,cancelled,0,,card,DE,0.0,0.0,0.0,0,0.0,2023-10-22 17:44:26,customer_changed_mind
ORD0412617,5f084adae9d44da685a526d117ac4599,500000001,2023-10-22 02:14:53,completed,0,,card,US,0.0,11.69,6.37,0,0.0,,
ORD0412886,e9349c199b564957b5c85cd6ff3f9875,500000054,2023-10-22 12:28:33,cancelled,0,,bank_transfer,FR,0.0,0.0,0.0,0,0.0,2023-10-24 05:34:33,item_out_of_stock
ORD0413610,3927b322f3d0467cab6ccaacc833386e,500000001,2023-10-23 01:33:31,completed,5,WELCOME5,paypal,US,0.0,9.26,6.12,0,0.0,,
ORD0414514,d82b6170e9af4854b4050eb5a0122d89,500000001,2023-10-24 11:00:56,completed,10,FRIEND10,paypal,US,6.99,9.36,2.6,0,0.0,,
ORD0414788,09350d3a9c1847e3a01610a562ab8071,500000001,2023-10-24 17:08:27,completed,0,,card,US,0.0,9.94,2.92,0,0.0,,
ORD0414824,e00c146db71448fd91ec56f9b9b66cf2,500000009,2023-10-24 17:54:46,completed,10,SAVE10,card,SE,6.99,9.07,1.25,0,0.0,,
ORD0414830,59d79cc711a24e5b9316a20ddf6405ef,500000001,2023-10-24 18:02:39,completed,20,FLASH20,card,US,6.99,10.42,1.12,0,0.0,,
ORD0415204,5a9b33de08ae467f85e7325aca1f976c,500000139,2023-10-25 07:26:03,completed,5,WELCOME5,apple_pay,DE,6.99,6.2,2.02,0,0.0,,
ORD0415307,92aa829c30a44b6eb6f274ae5231053c,500000002,2023-10-25 10:47:08,completed,0,,google_pay,FR,0.0,7.2,3.87,0,0.0,,
ORD0418196,1418c7d5cfe54869aa9dce9aab116bad,500000003,2023-10-28 19:09:26,completed,0,,paypal,FR,6.99,6.89,1.57,0,0.0,,
ORD0420000,5ac1df38bc3d47829b7b1e795651a92b,500000021,2023-10-30 19:13:32,completed,20,FLASH20,bnpl,US,6.99,11.82,0.85,0,0.0,,
ORD0420336,1a64d55ee43d4decb6329ba8e812f444,500000001,2023-10-31 10:38:55,completed,0,,card,US,6.99,10.81,1.86,0,0.0,,
ORD0422946,0b9f96c1bce44de7ae339165ab6554b8,500000001,2023-11-04 08:28:48,completed,0,,paypal,US,0.0,9.22,6.77,0,0.0,,
ORD0423529,25798ea18c124e18984617b974df5130,500000001,2023-11-04 19:24:57,completed,15,VIP15,card,US,0.0,9.88,2.18,0,0.0,,
ORD0424193,46f12029940e4e93a17d0a7cd0033053,500000871,2023-11-05 16:46:02,completed,0,,card,DE,6.99,6.67,1.37,0,0.0,,
ORD0424375,1e85efbedf8d454dbb2c8670b6d2b8fe,500000004,2023-11-05 19:47:09,completed,5,NEWSLETTER5,apple_pay,SE,0.0,8.22,2.41,0,0.0,,
ORD0426081,db3a785903a24a0c83a973ba903723ae,500000048,2023-11-08 11:44:36,completed,0,,card,PL,0.0,4.81,6.44,0,0.0,,
ORD0426465,3492cbe35e3f498fb5d54b2a16d62d65,500000001,2023-11-08 20:03:46,completed,10,SAVE10,card,US,6.99,9.55,2.1,0,0.0,,
ORD0426513,65cb0d9031904c4b8514567729239430,500000001,2023-11-08 21:04:21,completed,5,WELCOME5,card,US,0.0,11.63,2.95,500,5.0,,
ORD0428336,7d11e66dd3e84d4c983881c8bc5d796d,500000001,2023-11-11 16:34:15,completed,0,,card,US,0.0,9.85,4.94,0,0.0,,
ORD0428633,2f99dad7ebce467ca41bdc59d8d7777f,500000001,2023-11-11 21:42:47,completed,0,,bank_transfer,US,0.0,11.42,0.78,0,0.0,,
ORD0430000,f9d851833ce643cc84aa63b07aad493e,500000003,2023-11-13 19:09:25,completed,0,,bank_transfer,FR,0.0,6.56,0.79,0,0.0,,
ORD0430455,dd679640b25e4a83ab67ffee8ff809e1,500000003,2023-11-14 14:02:49,completed,0,,paypal,FR,0.0,7.49,3.53,500,5.0,,
ORD0430927,2787e26151f84c16812176456a9703cd,500000001,2023-11-15 10:40:54,completed,5,NEWSLETTER5,card,US,0.0,9.76,3.77,0,0.0,,
ORD0431151,09bdea5212744883b8184a748af90dae,500000003,2023-11-15 17:35:31,completed,0,,card,FR,6.99,7.17,1.37,0,0.0,,
ORD0432514,20f9284b2cd745d895dee15d9db29288,500000245,2023-11-17 18:55:19,cancelled,0,,card,ES,0.0,0.0,0.0,0,0.0,2023-11-19 06:45:19,payment_failed
ORD0434591,71c78258ad6b47af8a38eb8682bcea47,500000002,2023-11-20 14:55:05,completed,0,,card,FR,6.99,6.4,0.8,0,0.0,,
ORD0435110,7c7b97422e6744589e3ce3b2ce064d66,500000001,2023-11-21 11:43:56,completed,0,,card,US,6.99,9.38,1.35,0,0.0,,
ORD0435303,36c9c9b681fe4a6a90e001870ff21b46,500000001,2023-11-21 16:25:21,completed,0,,card,US,0.0,10.3,2.65,0,0.0,,
ORD0435718,75f1c7d4aea042e8a33865ba6345f91f,500000001,2023-11-22 10:15:00,completed,10,SAVE10,card,US,0.0,8.87,2.67,0,0.0,,
ORD0437636,77a4d2c078774dae9294d0c2d3bb3609,500000200,2023-11-23 16:38:49,completed,15,AUTUMN15,card,DE,0.0,7.88,2.74,0,0.0,,
ORD0439829,5e75a33837e6474e849218c0b8366008,500000001,2023-11-24 13:40:00,completed,10,SAVE10,apple_pay,US,0.0,11.76,2.63,0,0.0,,
ORD0440373,3b5e85ee13bb409f9369054b1ef41b03,500000005,2023-11-24 17:17:24,completed,10,SAVE10,apple_pay,US,6.99,10.2,0.76,0,0.0,,
ORD0442064,c77804c6d6014847a7d52797e73ff875,500000010,2023-11-25 10:22:44,completed,15,AUTUMN15,paypal,US,0.0,10.08,6.59,0,0.0,,
ORD0442176,ef613e3b23df423fa85ce8a3cee53a47,500000002,2023-11-25 10:57:27,completed,10,BF10,apple_pay,FR,0.0,7.43,2.41,0,0.0,,
ORD0443334,6523981830b24a0dbf6c76539310681d,500000079,2023-11-25 16:37:00,completed,20,BF20,apple_pay,GB,0.0,8.47,2.34,0,0.0,,
ORD0444119,b466c35d78d24d4cb6d396801e3c71fe,500000003,2023-11-25 19:40:35,completed,15,VIP15,card,FR,0.0,7.8,5.08,0,0.0,,
ORD0444451,4c603147d9de4c6cb34ceaea5608f021,500000036,2023-11-25 20:44:14,cancelled,0,,apple_pay,GB,0.0,0.0,0.0,0,0.0,2023-11-26 06:45:14,item_out_of_stock
ORD0446374,c0c1c40028c74b0788909897a74878a3,500000001,2023-11-26 14:09:50,completed,15,BF15,paypal,US,6.99,11.53,1.53,0,0.0,,
ORD0446528,46d5fa0a28924cae9de76ffa53117293,500000001,2023-11-26 14:59:59,completed,20,BF20,paypal,US,0.0,10.9,2.84,0,0.0,,
ORD0446653,bd6c72ddc7f048e8842d2d28bec30935,500000317,2023-11-26 15:36:16,completed,15,AUTUMN15,card,CA,0.0,11.8,4.28,0,0.0,,
ORD0449204,8b5816da5ee842b1bde031185b39a6ec,500000001,2023-11-28 09:33:24,completed,0,,bank_transfer,US,6.99,8.84,0.12,0,0.0,,
ORD0450652,9f36f9e0949e4664bb40cba2e0368827,500000002,2023-11-30 12:31:12,cancelled,5,NEWSLETTER5,paypal,FR,0.0,0.0,0.0,0,0.0,2023-12-01 09:40:12,delivery_time_too_long
ORD0452234,60bf7e3d9d4d49689fa69f604961565c,500000003,2023-12-02 18:54:53,completed,0,,card,FR,0.0,7.52,2.78,0,0.0,,
ORD0452962,c3271c2df2ad4033b31702c00fe6dd4b,500046515,2023-12-03 18:20:21,completed,0,,card,NL,6.99,5.69,2.38,0,0.0,,
ORD0452984,7c8e19661a6543049c43ad341fe72ea6,500000001,2023-12-03 18:38:30,completed,10,SAVE10,bank_transfer,US,0.0,8.82,0.6,0,0.0,,
ORD0457287,dd64070e6c3a4b72b37834789edf23a3,500000001,2023-12-10 13:06:53,completed,0,,google_pay,US,0.0,10.24,2.54,0,0.0,,
ORD0457366,e389ff58e88e48c0a6537eb556dd1637,500000007,2023-12-10 14:43:33,cancelled,0,,card,FR,0.0,0.0,0.0,0,0.0,2023-12-11 23:45:33,item_out_of_stock
ORD0457408,cacfb790ccd445fab3f86081ddfc8872,500000001,2023-12-10 15:52:34,completed,0,,card,US,6.99,10.09,1.55,0,0.0,,
ORD0458389,5e0159c631114b388acbdfd4fa68fb3f,500000003,2023-12-11 22:06:05,completed,0,,card,FR,6.99,6.44,0.88,0,0.0,,
ORD0458908,fdab49391a464e67bb67b9c094ac9b7c,500000002,2023-12-12 20:25:20,cancelled,0,,bnpl,FR,0.0,0.0,0.0,0,0.0,2023-12-12 22:32:20,customer_changed_mind
ORD0459761,9da0ba353c41434db65819ed95ea4789,500000002,2023-12-14 11:44:00,completed,0,,paypal,FR,6.99,6.9,1.06,500,5.0,,
ORD0459809,81b389e3de994fdea4b517d42c446cbe,500000001,2023-12-14 12:49:20,completed,0,,card,US,6.99,9.29,1.64,0,0.0,,
ORD0460439,e79b66aa181b4a248042168c587e0fe4,500000001,2023-12-15 11:41:58,completed,5,WELCOME5,card,US,6.99,8.87,1.59,0,0.0,,
ORD0465144,8a02bcf99b8f47d286e73b9cc59f1218,500000021,2023-12-19 17:32:55,completed,0,,card,US,0.0,10.24,3.6,500,5.0,,
ORD0465446,f5a18872e0d540fe869fb84a0574e38d,500000001,2023-12-19 21:08:36,completed,15,VIP15,google_pay,US,0.0,11.57,4.66,500,5.0,,
ORD0465506,078f11c79980417db655dd36324792a7,500000001,2023-12-19 22:09:02,completed,5,WELCOME5,card,US,0.0,10.47,2.76,0,0.0,,
ORD0466051,ef21a607a0c343da8c4782d2a159fa57,500000046,2023-12-20 15:37:15,cancelled,15,WINTER15,card,SE,0.0,0.0,0.0,0,0.0,2023-12-22 11:40:15,item_out_of_stock
ORD0467725,7833c5cb498747a7a8f9e0da4c252f12,500000003,2023-12-22 10:31:29,completed,0,,apple_pay,FR,6.99,7.31,0.67,0,0.0,,
ORD0468642,5e8afe5b07904b7f89533f2756a8826e,500000003,2023-12-23 08:44:13,completed,5,NEWSLETTER5,paypal,FR,0.0,7.72,3.32,0,0.0,,
ORD0469842,07c8df4de1e5467bbb36bb36a84e80d4,500000001,2023-12-24 08:47:00,completed,0,,paypal,US,6.99,10.32,1.4,0,0.0,,
ORD0470394,6fd7dd24acf6436d81fbf11f33b2174d,500000001,2023-12-24 20:23:57,completed,10,SAVE10,card,US,0.0,11.82,2.34,0,0.0,,
ORD0470810,3f2ad917575e4f56927ce63698cee9c2,500000001,2023-12-25 14:51:58,completed,0,,paypal,US,6.99,11.74,1.86,0,0.0,,
ORD0472193,d694a334557840d3b0a87b7fd204ba4e,500000001,2023-12-28 17:27:06,completed,0,,card,US,0.0,8.95,3.43,0,0.0,,
ORD0475169,e7f3d012c55f415aaee882b4269ad2f3,500000014,2024-01-03 17:46:05,completed,0,,bank_transfer,GB,0.0,8.57,0.92,0,0.0,,
ORD0475961,4575be17d2bf4134a452056eb414675b,500000001,2024-01-05 08:47:21,completed,0,,apple_pay,US,6.99,10.73,0.53,0,0.0,,
ORD0476342,f8fa74473bef4a22923b8ba0eefb91c8,500000074,2024-01-05 20:01:04,completed,5,NEWSLETTER5,paypal,US,6.99,10.52,0.61,0,0.0,,
ORD0476922,043fda5f6ea24dfdaa185164ebfd9500,500000001,2024-01-06 14:51:37,completed,15,JAN15,apple_pay,US,6.99,9.36,0.77,0,0.0,,
ORD0477777,b1730e2ff1ca4f9eba14b41b0f141696,500000002,2024-01-07 10:44:54,completed,20,JAN20,card,FR,6.99,7.07,1.07,0,0.0,,
ORD0477906,9779b275c9f84785a8b7fe0fc9c0e278,500000011,2024-01-07 12:40:04,completed,20,FLASH20,card,US,6.99,11.53,1.81,0,0.0,,
ORD0479054,1ec333f07b7841799d5f9fa212d1f10c,500000009,2024-01-08 13:21:26,completed,20,FLASH20,paypal,SE,6.99,8.79,1.46,0,0.0,,
ORD0484855,df2e9028c7c94158834613b3f6e60a04,500000004,2024-01-14 18:01:41,completed,10,JAN10,card,SE,0.0,8.1,5.8,0,0.0,,
ORD0486426,39ac9d4a6cd54180b54f694a1d7b4a52,500000001,2024-01-16 12:20:31,completed,5,WELCOME5,google_pay,US,0.0,11.56,5.5,0,0.0,,
ORD0486715,345513e040384c47b65685dfa210376a,500000002,2024-01-16 18:14:53,completed,0,,bnpl,FR,6.99,7.32,1.92,0,0.0,,
ORD0486917,bfa2b8b83aa944cc83b4bde1900f4895,500000005,2024-01-16 21:16:56,completed,10,FRIEND10,paypal,US,0.0,9.49,3.1,0,0.0,,
ORD0487450,1e717fb1253241fb867e39418a9a5172,500000002,2024-01-17 16:47:17,completed,5,WELCOME5,card,FR,6.99,6.97,1.6,500,5.0,,
ORD0488303,bdae94f54ba14c87bd3c104c1b206e6a,500000001,2024-01-18 16:22:19,completed,5,NEWSLETTER5,card,US,0.0,11.69,2.55,0,0.0,,
ORD0488379,e8bbdb4a99534052b853eb076be282d3,500000003,2024-01-18 17:39:55,completed,10,FRIEND10,card,FR,6.99,6.5,0.88,0,0.0,,
ORD0489277,9a1384db96c341aaa68a84dbf13d3be6,500000001,2024-01-19 18:15:43,cancelled,20,FLASH20,paypal,US,0.0,0.0,0.0,0,0.0,2024-01-21 09:33:43,item_out_of_stock
ORD0489416,af46fdaa49284cf98b0832eabfd3a2d1,500000001,2024-01-19 20:09:00,completed,0,,apple_pay,US,0.0,10.46,5.21,0,0.0,,
ORD0489419,83cf9f64028c4eb6be4b384dffa3e784,500000007,2024-01-19 20:09:27,completed,15,VIP15,bnpl,FR,0.0,7.23,4.69,0,0.0,,
ORD0492201,23b0f8a3d6f34f09972255391a26b92a,500000004,2024-01-22 12:57:00,completed,0,,google_pay,SE,6.99,7.96,0.83,0,0.0,,
ORD0492381,4f8bc0c6db2c4842aff497a16fcb0f14,500000001,2024-01-22 16:39:00,completed,5,WELCOME5,card,US,6.99,9.76,1.37,0,0.0,,
ORD0492538,f32fd1618ba34b049a5ddaf0fa4c1aa0,500000003,2024-01-22 19:04:57,completed,0,,card,FR,6.99,7.91,1.58,0,0.0,,
ORD0493844,6b32b90c0654448cb9abf0571af3ef4b,500000001,2024-01-24 11:22:49,completed,0,,card,US,6.99,10.18,2.03,0,0.0,,
ORD0494367,c0d656ced4a449f8bc37ac12e3c8e135,500000002,2024-01-24 20:21:47,completed,0,,bnpl,FR,0.0,7.08,5.28,0,0.0,,
ORD0494519,da17b9404ed645a6b44fb7055e6d5994,500000003,2024-01-24 22:59:08,completed,0,,card,FR,6.99,6.97,0.68,0,0.0,,
ORD0495512,432e5c3970524d7593bf605529eb1528,500000001,2024-01-26 08:59:43,completed,0,,card,US,6.99,10.49,2.0,0,0.0,,
ORD0501668,e0ef7fb2a3bc4c3abfeaef71309908f6,500000006,2024-02-01 14:28:24,cancelled,20,FLASH20,paypal,ES,0.0,0.0,0.0,0,0.0,2024-02-01 21:17:24,duplicate_order
ORD0502521,8238db98f3ff4c8bad43f14a75c99d67,500000004,2024-02-02 15:04:05,completed,0,,paypal,SE,6.99,8.76,1.6,0,0.0,,
ORD0503373,5cd2b6efbabd4733b783208c3f0ca75e,500000040,2024-02-03 13:53:44,completed,15,WINTER15,paypal,IT,6.99,6.78,0.81,0,0.0,,
ORD0503378,7de15b5361174fe89cae5d9e26c3947d,500000002,2024-02-03 13:59:52,completed,15,WINTER15,bnpl,FR,0.0,7.76,4.4,0,0.0,,
ORD0503485,08d299f92f664390942efead39b0e30e,500000001,2024-02-03 15:46:02,completed,0,,card,US,0.0,8.93,3.0,0,0.0,,
ORD0503912,74dc7bac967e47da9354c0b580f75604,500000001,2024-02-03 20:39:40,completed,15,WINTER15,card,US,0.0,11.18,2.33,0,0.0,,
ORD0504785,a0a378c7c7ba4c94838029abf4ebf0ad,500001706,2024-02-04 18:27:12,completed,0,,card,GB,6.99,9.0,1.72,0,0.0,,
ORD0504793,2b8459b263854c64a8fbc9bfa377424b,500000004,2024-02-04 18:35:37,completed,20,FLASH20,card,SE,6.99,8.36,1.47,500,5.0,,
ORD0505682,3c0a11304c874052b618d0306f58dbfc,500000002,2024-02-05 17:52:53,completed,0,,card,FR,0.0,7.14,2.67,0,0.0,,
ORD0506260,3685b885f98e423ab2a3e51c72cec89c,500000001,2024-02-06 12:31:03,completed,0,,apple_pay,US,6.99,11.01,2.3,0,0.0,,
ORD0506570,c1e4512a5c3b435dba397cdf8cd50aca,500000001,2024-02-06 18:47:09,completed,15,WINTER15,card,US,0.0,11.31,2.44,0,0.0,,
ORD0506656,0c0735e5ea0d4a1ca54178ff68add2a5,500000014,2024-02-06 20:13:11,completed,0,,card,GB,6.99,7.53,1.6,0,0.0,,
ORD0508527,3a83beb66db447a288dce0c4c485d4f7,500000015,2024-02-08 23:05:35,completed,0,,apple_pay,IT,6.99,6.43,2.24,0,0.0,,
ORD0509375,1894ac22a7b942f6be7373371ee92042,500000001,2024-02-09 23:35:36,cancelled,0,,card,US,0.0,0.0,0.0,0,0.0,2024-02-12 13:10:36,delivery_time_too_long
ORD0510451,75287b0ede204982b6158a82f292a466,500000001,2024-02-10 22:06:00,cancelled,0,,card,US,0.0,0.0,0.0,0,0.0,2024-02-11 17:00:00,suspected_fraud
ORD0511383,cbb52cf2946e4b5184ec1004ac0d8650,500000001,2024-02-11 19:19:48,completed,5,WELCOME5,card,US,0.0,11.65,4.99,0,0.0,,
ORD0513708,5ce2621d7eef45278cfc8d4438faff41,500000007,2024-02-14 12:15:51,completed,15,VIP15,paypal,FR,0.0,7.03,2.53,0,0.0,,
ORD0514793,b4980329f53f4b9abc3d534fb10fd513,500000022,2024-02-15 16:29:38,cancelled,10,FRIEND10,card,SE,0.0,0.0,0.0,0,0.0,2024-02-16 11:55:38,customer_changed_mind
ORD0516552,97b587b020c0452dbce63dbed1845974,500000020,2024-02-17 14:21:37,completed,10,FRIEND10,bank_transfer,DE,6.99,6.28,0.51,0,0.0,,
ORD0517090,1d3d7885ed3448cbaab41f2ea9ea495b,500000003,2024-02-17 21:23:09,completed,0,,apple_pay,FR,0.0,7.41,2.9,0,0.0,,
ORD0520478,6339a9dc5169442394b19edfc22b79b3,500000010,2024-02-21 14:56:50,cancelled,0,,card,US,0.0,0.0,0.0,0,0.0,2024-02-23 17:44:50,item_out_of_stock
ORD0521298,0d72b037182f4ee589e9c9ebdb3b57cd,500000029,2024-02-22 14:09:29,cancelled,0,,paypal,GB,0.0,0.0,0.0,0,0.0,2024-02-24 09:29:29,item_out_of_stock
ORD0522390,598bb257f6f949d5ae87f4e3655da1f2,500000014,2024-02-23 18:41:47,completed,0,,apple_pay,GB,6.99,7.35,1.02,0,0.0,,
ORD0522612,2c3f5c2b20aa4d0b888b2470bd2fd9eb,500000001,2024-02-23 21:45:00,completed,0,,bnpl,US,6.99,8.92,2.33,0,0.0,,
ORD0522901,7bb7b17c26b34841bccd3ee6d1cdf84c,500000007,2024-02-24 10:43:24,completed,0,,paypal,FR,0.0,7.77,5.06,0,0.0,,
ORD0523044,fe053250805d46e789a60fa70bd27f40,500000002,2024-02-24 12:54:50,completed,0,,card,FR,0.0,7.86,2.96,0,0.0,,
ORD0523774,6503ff1d1d09463185eac0321b055007,500000001,2024-02-24 23:34:25,completed,0,,card,US,6.99,10.15,0.73,0,0.0,,
ORD0527714,e8e6987f9430435f9a89c7c5f0a31365,500000006,2024-02-29 12:55:29,completed,0,,apple_pay,ES,6.99,8.19,2.45,0,0.0,,
ORD0527914,eb219a238de444858c812eae2291c7d6,500000001,2024-02-29 17:07:52,completed,0,,google_pay,US,6.99,10.12,1.37,0,0.0,,
