return_id,order_id,line_no,product_id,return_date,quantity,refund_amount,reason
RET0002147,ORD0027715,1,5234930,2022-04-25,1,201.84,damaged
RET0003450,ORD0040200,1,2102225,2022-05-20,1,35.53,wrong_size
RET0003760,ORD0042695,1,8754194,2022-05-26,1,53.83,changed_mind
RET0004442,ORD0048434,1,2931280,2022-06-08,1,33.56,late_delivery
RET0004813,ORD0051956,1,2295523,2022-06-15,1,44.7,damaged
RET0004882,ORD0053955,1,3428363,2022-06-16,1,76.89,changed_mind
RET0005027,ORD0051129,1,2102225,2022-06-19,1,38.59,wrong_size
RET0005112,ORD0057848,1,2102225,2022-06-20,1,32.27,quality_issue
RET0005182,ORD0061051,1,5186154,2022-06-21,1,99.48,wrong_size
RET0005256,ORD0055891,1,1162680,2022-06-23,1,210.98,wrong_size
RET0005389,ORD0063329,1,2102225,2022-06-25,1,35.05,wrong_size
RET0005435,ORD0064067,1,9319849,2022-06-26,1,164.13,not_as_described
RET0005583,ORD0057763,1,8634461,2022-06-30,1,20.29,quality_issue
RET0005723,ORD0059179,1,4098324,2022-07-03,1,23.59,quality_issue
RET0005890,ORD0063226,1,9746038,2022-07-06,1,37.91,changed_mind
RET0006018,ORD0070174,1,1162680,2022-07-08,1,230.6,quality_issue
RET0006886,ORD0076285,1,8754194,2022-07-23,1,52.43,not_as_described
RET0007423,ORD0082381,1,5847380,2022-08-02,1,48.02,quality_issue
RET0007458,ORD0079880,1,9118832,2022-08-03,1,169.02,not_as_described
RET0007462,ORD0081188,1,1111123,2022-08-03,1,54.3,quality_issue
RET0008461,ORD0090022,1,9388289,2022-08-22,1,63.69,wrong_size
RET0008675,ORD0095534,1,4747587,2022-08-25,1,75.45,damaged
RET0008887,ORD0092660,1,9319849,2022-08-30,1,140.62,wrong_size
RET0008931,ORD0094035,1,4747587,2022-08-31,1,75.56,not_as_described
RET0009088,ORD0097257,1,2527689,2022-09-03,1,32.46,not_as_described
RET0009463,ORD0099363,1,7182700,2022-09-10,1,89.05,changed_mind
RET0009641,ORD0102090,1,8966163,2022-09-13,1,79.68,changed_mind
RET0010006,ORD0106348,1,2317989,2022-09-19,1,64.23,damaged
RET0010333,ORD0112931,1,4123600,2022-09-24,1,157.69,changed_mind
RET0010600,ORD0117013,1,7275086,2022-09-28,1,65.02,quality_issue
RET0011089,ORD0123943,1,4098324,2022-10-05,1,24.12,changed_mind
RET0011288,ORD0120120,1,4476707,2022-10-09,1,91.36,wrong_size
RET0011731,ORD0126112,1,9118832,2022-10-16,1,137.48,changed_mind
RET0011967,ORD0130311,1,4747587,2022-10-20,1,82.6,wrong_size
RET0012682,ORD0139339,1,1099410,2022-11-01,1,15.32,changed_mind
RET0012706,ORD0133367,1,2102225,2022-11-02,1,34.84,not_as_described
RET0012811,ORD0139418,1,8966163,2022-11-03,1,90.1,changed_mind
RET0014698,ORD0151134,1,7660389,2022-12-04,1,24.57,not_as_described
RET0015314,ORD0167891,1,9319849,2022-12-10,1,129.73,quality_issue
RET0015558,ORD0164359,1,7279985,2022-12-13,1,94.79,not_as_described
RET0016478,ORD0176307,1,5027667,2022-12-28,1,102.79,wrong_size
RET0017373,ORD0185231,1,5862621,2023-01-12,1,40.0,damaged
RET0017901,ORD0188166,1,5520674,2023-01-22,1,36.21,quality_issue
RET0018282,ORD0197030,1,1356979,2023-01-27,1,29.4,changed_mind
RET0018383,ORD0188873,1,8966163,2023-01-29,1,70.96,damaged
RET0018559,ORD0198063,1,8754194,2023-01-31,1,59.31,wrong_size
RET0019057,ORD0195582,1,3781033,2023-02-07,1,46.46,wrong_size
RET0019848,ORD0211398,1,7620070,2023-02-17,1,61.45,changed_mind
RET0020079,ORD0206985,1,7729308,2023-02-21,1,40.44,damaged
RET0020369,ORD0216994,1,9319849,2023-02-24,1,131.71,wrong_size
RET0020394,ORD0209404,1,9829417,2023-02-25,1,112.8,not_as_described
RET0020588,ORD0209862,1,3698437,2023-02-28,1,57.72,wrong_size
RET0021086,ORD0218261,1,8634461,2023-03-07,1,20.5,wrong_size
RET0021252,ORD0218073,1,4098324,2023-03-09,1,24.44,quality_issue
RET0021536,ORD0227915,1,9755526,2023-03-12,1,91.05,wrong_size
RET0021727,ORD0228232,1,2993399,2023-03-15,1,98.16,quality_issue
RET0021750,ORD0220411,1,5466720,2023-03-16,1,104.66,changed_mind
RET0021823,ORD0220444,1,3243048,2023-03-17,1,41.9,wrong_size
RET0021827,ORD0221201,1,7620070,2023-03-17,1,59.35,not_as_described
RET0023462,ORD0237316,1,8089253,2023-04-07,1,116.05,changed_mind
RET0023488,ORD0242145,1,3243048,2023-04-07,1,47.93,wrong_size
RET0024653,ORD0256574,1,2317989,2023-04-21,1,60.2,changed_mind
RET0024752,ORD0259688,1,8795573,2023-04-22,1,29.12,changed_mind
RET0025109,ORD0260978,1,3852546,2023-04-26,1,72.87,changed_mind
RET0025352,ORD0257267,1,8966163,2023-04-29,1,72.71,changed_mind
RET0025417,ORD0254270,1,8488816,2023-04-30,1,52.51,not_as_described
RET0025486,ORD0263747,1,1162680,2023-04-30,1,213.4,damaged
RET0025649,ORD0263654,1,9315482,2023-05-02,1,67.73,quality_issue
RET0026036,ORD0260141,1,4663963,2023-05-07,1,32.41,changed_mind
RET0026598,ORD0269395,1,9755526,2023-05-14,1,73.75,quality_issue
RET0026852,ORD0269709,1,9388289,2023-05-17,1,78.32,not_as_described
RET0027118,ORD0270636,1,4489659,2023-05-20,1,61.62,changed_mind
RET0027137,ORD0274224,1,3301602,2023-05-20,1,39.72,changed_mind
RET0027302,ORD0272473,1,2118773,2023-05-22,1,28.3,wrong_size
RET0027397,ORD0277574,1,1162680,2023-05-23,1,203.31,wrong_size
RET0027703,ORD0279827,1,6024870,2023-05-26,1,33.63,wrong_size
RET0028358,ORD0288963,1,2102225,2023-06-02,1,34.04,quality_issue
RET0028439,ORD0288461,1,5678537,2023-06-03,1,115.35,quality_issue
RET0028548,ORD0289517,1,7814384,2023-06-04,1,66.43,changed_mind
RET0028638,ORD0288984,1,3006131,2023-06-05,1,86.17,damaged
RET0028826,ORD0291708,1,2102225,2023-06-07,1,37.58,not_as_described
RET0029034,ORD0295668,1,5908484,2023-06-09,1,183.09,quality_issue
RET0030034,ORD0302077,1,7429245,2023-06-20,1,14.57,changed_mind
RET0030299,ORD0304165,1,3583619,2023-06-23,1,21.92,quality_issue
RET0030963,ORD0316233,1,5908484,2023-06-30,1,220.06,not_as_described
RET0031109,ORD0311751,1,1162680,2023-07-02,1,206.66,wrong_size
RET0031113,ORD0312481,1,8795573,2023-07-02,1,23.09,wrong_size
RET0031377,ORD0314702,1,7567958,2023-07-05,1,89.87,wrong_size
RET0031917,ORD0311465,1,6693651,2023-07-11,1,29.49,wrong_size
RET0031951,ORD0316676,1,9755526,2023-07-11,1,79.9,damaged
RET0031988,ORD0321342,1,3781033,2023-07-11,1,44.78,changed_mind
RET0032174,ORD0323463,1,7182700,2023-07-13,1,79.03,changed_mind
RET0033829,ORD0334656,1,5711182,2023-07-30,1,82.69,quality_issue
RET0035839,ORD0347994,1,8795573,2023-08-23,1,24.89,quality_issue
RET0036076,ORD0360147,1,7692382,2023-08-25,1,46.25,wrong_size
RET0036181,ORD0353454,1,6944057,2023-08-27,1,51.23,not_as_described
RET0036350,ORD0354051,1,4720552,2023-08-29,1,16.82,damaged
RET0037093,ORD0364181,1,4958034,2023-09-06,1,36.87,changed_mind
RET0037674,ORD0365280,1,5530296,2023-09-12,1,24.04,changed_mind
RET0038410,ORD0380654,1,1640473,2023-09-18,1,23.05,changed_mind
RET0038461,ORD0372979,1,2102225,2023-09-19,1,37.79,not_as_described
RET0038466,ORD0373404,1,1260475,2023-09-19,1,161.06,wrong_size
RET0038715,ORD0379039,1,1079923,2023-09-21,1,105.52,wrong_size
RET0039094,ORD0376427,1,9075437,2023-09-25,1,24.33,wrong_size
RET0039891,ORD0387673,1,3243048,2023-10-02,1,42.83,not_as_described
RET0040255,ORD0394793,1,1083413,2023-10-05,1,73.31,changed_mind
RET0040547,ORD0391784,1,6497266,2023-10-08,1,11.32,quality_issue
RET0040603,ORD0385500,1,1517547,2023-10-09,1,22.11,wrong_size
RET0040617,ORD0387124,1,5234930,2023-10-09,1,202.28,wrong_size
RET0040619,ORD0387216,1,5862621,2023-10-09,1,43.51,changed_mind
RET0041205,ORD0399208,1,4747587,2023-10-14,1,80.8,quality_issue
RET0041676,ORD0396626,1,2377662,2023-10-19,1,121.75,damaged
RET0041753,ORD0407047,1,4194454,2023-10-19,1,69.76,changed_mind
RET0042403,ORD0403353,1,3243048,2023-10-26,1,40.4,changed_mind
RET0042878,ORD0415307,1,1522015,2023-10-30,1,123.19,late_delivery
RET0042925,ORD0407732,1,5711182,2023-10-31,1,78.89,changed_mind
RET0043416,ORD0420336,1,1367097,2023-11-04,1,53.73,late_delivery
RET0043590,ORD0414824,1,2102225,2023-11-06,1,32.73,quality_issue
RET0044133,ORD0413610,1,5234930,2023-11-12,1,169.76,not_as_described
RET0044139,ORD0414514,1,7814384,2023-11-12,1,66.27,wrong_size
RET0044207,ORD0424193,1,8721483,2023-11-12,1,36.89,wrong_size
RET0044349,ORD0418196,1,8838340,2023-11-14,1,35.82,changed_mind
RET0044364,ORD0420000,1,9841830,2023-11-14,1,9.19,not_as_described
RET0044574,ORD0426081,1,1162680,2023-11-16,1,211.7,wrong_size
RET0044811,ORD0422946,1,6380274,2023-11-19,1,188.84,wrong_size
RET0044839,ORD0426513,1,7182700,2023-11-19,1,91.45,quality_issue
RET0045930,ORD0446374,1,3243048,2023-11-29,1,34.71,not_as_described
RET0045933,ORD0446653,1,6380274,2023-11-29,1,137.38,not_as_described
RET0046034,ORD0439829,1,8966163,2023-11-30,1,80.24,not_as_described
RET0046138,ORD0430455,1,7182700,2023-12-01,1,93.54,quality_issue
RET0046277,ORD0446528,1,6474782,2023-12-01,1,73.22,wrong_size
RET0046324,ORD0431151,1,2804964,2023-12-02,1,37.01,quality_issue
RET0046562,ORD0442064,1,4365384,2023-12-03,1,183.64,wrong_size
RET0046733,ORD0444119,1,5908484,2023-12-04,1,164.72,wrong_size
RET0048153,ORD0449204,1,5599767,2023-12-13,1,14.96,wrong_size
RET0048356,ORD0457408,1,5862621,2023-12-14,1,43.26,wrong_size
RET0049035,ORD0458389,1,4098324,2023-12-21,1,20.1,changed_mind
RET0049120,ORD0457287,1,4747587,2023-12-22,1,77.15,quality_issue
RET0049236,ORD0460439,1,3243048,2023-12-23,1,44.58,quality_issue
RET0049793,ORD0465446,1,1260475,2023-12-28,1,150.26,damaged
RET0050368,ORD0469842,1,6693651,2024-01-02,1,30.75,wrong_size
RET0050619,ORD0472193,1,1428173,2024-01-04,1,108.01,changed_mind
RET0051147,ORD0477906,1,3676700,2024-01-10,1,52.01,wrong_size
RET0051955,ORD0479054,1,4958034,2024-01-19,1,32.66,quality_issue
RET0052047,ORD0477777,1,6693651,2024-01-20,1,26.42,changed_mind
RET0052106,ORD0484855,1,1162680,2024-01-20,1,189.55,quality_issue
RET0052611,ORD0476922,1,4705110,2024-01-25,1,16.11,quality_issue
RET0052807,ORD0489419,1,8758486,2024-01-26,1,73.12,not_as_described
RET0053660,ORD0492201,1,9118281,2024-02-02,1,18.23,damaged
RET0053837,ORD0486426,1,5234930,2024-02-04,1,179.38,wrong_size
RET0054003,ORD0492538,1,7729308,2024-02-05,1,44.18,quality_issue
RET0054102,ORD0492381,1,4236332,2024-02-06,1,36.95,wrong_size
RET0054827,ORD0506656,1,2295523,2024-02-11,1,44.85,not_as_described
RET0054867,ORD0495512,1,5822751,2024-02-12,1,58.62,wrong_size
RET0055202,ORD0504793,1,2380478,2024-02-14,1,40.44,wrong_size
RET0055472,ORD0503485,1,7182700,2024-02-16,1,93.14,changed_mind
RET0055947,ORD0502521,1,4236332,2024-02-20,1,36.64,quality_issue
RET0056085,ORD0506260,1,5822751,2024-02-21,1,69.01,quality_issue
