plan_month,category_group,net_revenue_target,orders_target,gross_margin_pct_target
2022-03-01,accessories,205200.0,3280.0,62.5
2022-03-01,apparel.kids,27200.0,1080.0,58.9
2022-03-01,apparel.men,196000.0,3060.0,52.8
2022-03-01,apparel.women,480800.0,6790.0,56.1
2022-03-01,footwear,150500.0,1490.0,47.6
2022-04-01,accessories,208200.0,3420.0,62.5
2022-04-01,apparel.kids,23500.0,880.0,58.9
2022-04-01,apparel.men,219000.0,3290.0,52.8
2022-04-01,apparel.women,478000.0,7480.0,56.1
2022-04-01,footwear,158300.0,1530.0,47.6
2022-05-01,accessories,234500.0,4020.0,62.5
2022-05-01,apparel.kids,25700.0,1150.0,58.9
2022-05-01,apparel.men,221100.0,3440.0,52.8
2022-05-01,apparel.women,521600.0,7330.0,56.1
2022-05-01,footwear,167800.0,1640.0,47.6
2022-06-01,accessories,194600.0,3550.0,62.5
2022-06-01,apparel.kids,24100.0,930.0,58.9
2022-06-01,apparel.men,202700.0,3010.0,52.8
2022-06-01,apparel.women,477100.0,6940.0,56.1
2022-06-01,footwear,147800.0,1340.0,47.6
2022-07-01,accessories,243000.0,4040.0,62.5
2022-07-01,apparel.kids,28500.0,1090.0,58.9
2022-07-01,apparel.men,227200.0,3860.0,52.8
2022-07-01,apparel.women,574800.0,8200.0,56.1
2022-07-01,footwear,183900.0,1610.0,47.6
2022-08-01,accessories,200800.0,3350.0,62.5
2022-08-01,apparel.kids,26600.0,1020.0,58.9
2022-08-01,apparel.men,229500.0,3360.0,52.8
2022-08-01,apparel.women,473000.0,7020.0,56.1
2022-08-01,footwear,158500.0,1510.0,47.6
2022-09-01,accessories,246000.0,4430.0,62.5
2022-09-01,apparel.kids,26400.0,1080.0,58.9
2022-09-01,apparel.men,272400.0,3910.0,52.8
2022-09-01,apparel.women,606000.0,8560.0,56.1
2022-09-01,footwear,194800.0,1860.0,47.6
2022-10-01,accessories,249100.0,4320.0,62.5
2022-10-01,apparel.kids,28300.0,1110.0,58.9
2022-10-01,apparel.men,256400.0,3910.0,52.8
2022-10-01,apparel.women,568800.0,8510.0,56.1
2022-10-01,footwear,180000.0,1760.0,47.6
2022-11-01,accessories,258300.0,4470.0,62.5
2022-11-01,apparel.kids,30500.0,1270.0,58.9
2022-11-01,apparel.men,269000.0,4240.0,52.8
2022-11-01,apparel.women,638200.0,9410.0,56.1
2022-11-01,footwear,197900.0,1950.0,47.6
2022-12-01,accessories,206900.0,3480.0,62.5
2022-12-01,apparel.kids,23400.0,970.0,58.9
2022-12-01,apparel.men,218600.0,3330.0,52.8
2022-12-01,apparel.women,512000.0,6860.0,56.1
2022-12-01,footwear,158800.0,1530.0,47.6
2023-01-01,accessories,250600.0,4330.0,62.5
2023-01-01,apparel.kids,29000.0,1290.0,58.9
2023-01-01,apparel.men,254900.0,4260.0,52.8
2023-01-01,apparel.women,620300.0,8870.0,56.1
2023-01-01,footwear,199500.0,1940.0,47.6
2023-02-01,accessories,244500.0,4100.0,62.5
2023-02-01,apparel.kids,28600.0,1200.0,58.9
2023-02-01,apparel.men,243100.0,3890.0,52.8
2023-02-01,apparel.women,579900.0,8230.0,56.1
2023-02-01,footwear,180500.0,1740.0,47.6
2023-03-01,accessories,251800.0,4250.0,62.0
2023-03-01,apparel.kids,32800.0,1330.0,58.4
2023-03-01,apparel.men,251600.0,4030.0,52.3
2023-03-01,apparel.women,612000.0,8660.0,55.6
2023-03-01,footwear,189200.0,1840.0,47.1
2023-04-01,accessories,264200.0,4740.0,62.0
2023-04-01,apparel.kids,30800.0,1210.0,58.4
2023-04-01,apparel.men,289300.0,4410.0,52.3
2023-04-01,apparel.women,661300.0,9530.0,55.6
2023-04-01,footwear,198600.0,1900.0,47.1
2023-05-01,accessories,296700.0,4870.0,62.0
2023-05-01,apparel.kids,35300.0,1450.0,58.4
2023-05-01,apparel.men,293900.0,4460.0,52.3
2023-05-01,apparel.women,706800.0,9770.0,55.6
2023-05-01,footwear,219400.0,2070.0,47.1
2023-06-01,accessories,270200.0,4480.0,62.0
2023-06-01,apparel.kids,31200.0,1280.0,58.4
2023-06-01,apparel.men,276000.0,4100.0,52.3
2023-06-01,apparel.women,656300.0,8970.0,55.6
2023-06-01,footwear,199400.0,1820.0,47.1
2023-07-01,accessories,296700.0,5030.0,62.0
2023-07-01,apparel.kids,34600.0,1380.0,58.4
2023-07-01,apparel.men,297100.0,4640.0,52.3
2023-07-01,apparel.women,725200.0,9880.0,55.6
2023-07-01,footwear,218900.0,2170.0,47.1
2023-08-01,accessories,257400.0,4550.0,62.0
2023-08-01,apparel.kids,34400.0,1360.0,58.4
2023-08-01,apparel.men,283500.0,4390.0,52.3
2023-08-01,apparel.women,623500.0,8980.0,55.6
2023-08-01,footwear,204500.0,2000.0,47.1
2023-09-01,accessories,320100.0,5400.0,62.0
2023-09-01,apparel.kids,34300.0,1390.0,58.4
2023-09-01,apparel.men,322700.0,4900.0,52.3
2023-09-01,apparel.women,730800.0,10570.0,55.6
2023-09-01,footwear,257700.0,2360.0,47.1
2023-10-01,accessories,310700.0,5540.0,62.0
2023-10-01,apparel.kids,38300.0,1490.0,58.4
2023-10-01,apparel.men,334300.0,4830.0,52.3
2023-10-01,apparel.women,743300.0,10310.0,55.6
2023-10-01,footwear,244300.0,2240.0,47.1
2023-11-01,accessories,362200.0,6030.0,62.0
2023-11-01,apparel.kids,42100.0,1730.0,58.4
2023-11-01,apparel.men,350700.0,5620.0,52.3
2023-11-01,apparel.women,845800.0,12320.0,55.6
2023-11-01,footwear,271700.0,2550.0,47.1
2023-12-01,accessories,271700.0,4460.0,62.0
2023-12-01,apparel.kids,30800.0,1220.0,58.4
2023-12-01,apparel.men,282200.0,4270.0,52.3
2023-12-01,apparel.women,635900.0,9190.0,55.6
2023-12-01,footwear,203000.0,1870.0,47.1
2024-01-01,accessories,317000.0,5540.0,62.0
2024-01-01,apparel.kids,36800.0,1530.0,58.4
2024-01-01,apparel.men,344200.0,5260.0,52.3
2024-01-01,apparel.women,766100.0,11290.0,55.6
2024-01-01,footwear,248800.0,2400.0,47.1
2024-02-01,accessories,300500.0,5200.0,62.0
2024-02-01,apparel.kids,36100.0,1500.0,58.4
2024-02-01,apparel.men,326100.0,4850.0,52.3
2024-02-01,apparel.women,724500.0,10700.0,55.6
2024-02-01,footwear,224200.0,2200.0,47.1
