user_session,user_id,channel_id,campaign_id,device_type
01d800f976c73ae25d32201e1d6554ba,500000001,3,,mobile
094b920fc7f79ded13e680bbc42ed02c,500000002,4,CMP-08,mobile
0b894af363e44f776f3edabd718aafd4,500000001,3,,desktop
0e86f275d340d68b2a06b56fe1c9ac63,500000043,1,,desktop
10f47e980b4e6e3ef077d4e3b229c1be,500000072,5,CMP-12,mobile
12b562ff24153c3cb56cdb5c9592e5ba,500000003,2,CMP-03,mobile
16b54050456c2f28890bd7359ccf4061,500000001,2,CMP-01,mobile
22d84530a6b4425ecfaf3e8d68b93571,500000004,4,CMP-08,mobile
2ae9c59e8673d675421122e984b78a26,500000133,6,CMP-16,desktop
2e4bb167a2ee8b97fe817169257e0aaa,500000001,2,CMP-01,mobile
333586e5bfe561aad26099b77a0041eb,500000025,3,,mobile
3d6a118863be37aa19c849a85fa803f3,500000002,2,CMP-01,desktop
3dab2c45d82fd240c185404a04d836c6,500000002,4,CMP-07,mobile
3ebae1ec9b79b173b8aa5496d34fbcc0,500000001,1,,mobile
4ebc21450b3ed58546114791761b00e7,500000001,2,CMP-02,desktop
57275ce73935303e5cb157286f97f8db,500000001,3,,desktop
5b64b6b3440427d401415ad8f79048ab,500000001,4,CMP-08,mobile
5c501b8b4fbc91b82bcf3e7eb289844e,500000001,4,CMP-07,mobile
5f06caed910f989df07d575d6597b7e8,500000001,3,,mobile
672d8c157ec7d8aab43881625869940f,500000002,2,CMP-02,desktop
74613a32c6bfdddd9d5433ca102469b7,500000001,1,,desktop
760b5937246b90b0e4a3c22f2c4d841e,500000001,4,CMP-08,mobile
771c2600fa59842918ad6d8203a722c7,500000001,1,,desktop
78b99ff6f1a38a1d1a5b20a5c8576987,500000001,1,,mobile
84635f813baac4e702a35db26c17e6b0,500000001,1,,desktop
8de69827b7daad5d95fb367cc93692e5,500000001,2,CMP-03,mobile
99969e90076588e831bb77f7b0c245fb,500000001,1,,mobile
9d69e1bb80aa429479dbd134ed75b112,500000003,1,,mobile
b48ad64063b76348eaf7053826946be1,500026448,1,,mobile
b4dfb6487325e5b3e0dac93e11c6acce,500000001,3,,desktop
ba22ed74448e6765c0cb3da149c32915,500000003,1,,mobile
bf794d8fb1b6512ecf26e4d034d6c051,500000037,4,CMP-07,mobile
c3f6f2ca5894635a5e9c6ee00a778cf2,500000001,1,,mobile
c46c16a2c3f73bdfb91011a957744c7d,500000006,3,,mobile
c51be572b722878d4ce377c74c3d1813,500000003,1,,desktop
cf41c8523b4a611c4b1f15ee373de941,500000002,2,CMP-01,mobile
d1027305feb71e93804f4a474754bcab,500000001,4,CMP-08,mobile
d4240204b22381727770b33ac12cfb18,500000223,7,,desktop
e8c4cda360c3da089b860ddf740f2c34,500000009,7,,desktop
08ca57f2ff198f03463f0d68d3593621,500000001,5,CMP-28,desktop
0a26441a4f753ce077437c549d12e279,500000002,2,CMP-01,mobile
124cb6b6380cc1f033f6c0a0d3e55515,500000001,1,,mobile
12cb8f38d55c4d5646a5d5951b41af23,500000004,2,CMP-03,desktop
13e5feae0f95b18f52bfe6028c197169,500000001,4,CMP-08,mobile
1f5826885d88552d643484882c37afba,500000001,5,CMP-12,mobile
26544edaa63f75d308611b2c99bc26a3,500000002,4,CMP-07,mobile
2f3a0691d84d61bf3bb09a12ef96a268,500000095,4,CMP-08,mobile
339e760c4d40bd355218cbb1bbc88d8e,500000001,6,CMP-16,mobile
372a80d7a12f047b8abf37f1ed698de3,500000031,2,CMP-03,desktop
3a3946a3f31dd517ea4643496f1d0ea7,500000001,2,CMP-26,mobile
40e91bec741a6d7a790d4762e29b2b64,500000001,1,,desktop
42c81354c27005e27a5c741f5f2669d2,500000001,6,CMP-16,mobile
43b94b9e771bcb50aaf7ad12ad44a21e,500000004,1,,mobile
46291748c7522783f885c792d1d73939,500000012,5,CMP-12,mobile
481611476a700860d0c490125d255fba,500000035,3,,tablet
482fc63311c30e9dee0262794da25899,500000003,4,CMP-08,mobile
48c66f564e4e89b62e09556956181ef2,500000004,5,CMP-28,mobile
4adf51847dfc489ffdc1b27371afedf7,500000003,1,,desktop
54e426d305d2c45b05e0ecfa834e2e7e,500000001,2,CMP-26,mobile
56a28c14c03b79f64d74f7c479fe8528,500000015,1,,mobile
5754e1d97a7222de93fa9d4dc8e56a1b,500000003,2,CMP-01,mobile
695ca2b6cc106e5bf7aa11d11afa7985,500000001,6,CMP-16,desktop
6dc0d328337ecc71c956bb8f2b86f984,500000001,2,CMP-03,desktop
6eb23184742b011fcc48f69cc3eb57f6,500000009,2,CMP-03,mobile
8469fd6c75def6d09de149886224d94b,500000001,3,,desktop
90b42dc1df5639d0a64443eac81be712,500000001,4,CMP-07,desktop
a6a7c8763a1676cf64e83f96700269ee,500000010,5,CMP-28,mobile
a7aa5d3a7352ba44e19d13b57bca2c18,500000002,2,CMP-02,desktop
a8495528eac28407a5086b7c014ca339,500000003,5,CMP-13,mobile
ac6ab2f4dff4f7d55846a262623329e4,500000002,2,CMP-01,tablet
b173e3584ad37df40c13bc527bbc7fc3,500000001,4,CMP-08,mobile
b4f8da8479847356dcfdf0a38a5aaed0,500000004,2,CMP-03,desktop
b92bc0b4908eda9b5c3ebeb5c63cb080,500000001,7,,mobile
ba426c7b8e62f3cd8d519c3e2f012e7a,500000001,7,,desktop
be379691253d0ea00288d377e51d0e09,500000003,4,CMP-08,mobile
bf634d484f5daa48d1ba36eb4fe6986c,500000002,3,,tablet
c51a78a2a06875b560823b9a9009a9a7,500000003,1,,desktop
c5461b95db45eabf9eb120698edf7d22,500000033,6,CMP-16,mobile
d2bded55ee2908215a423b90ec4aae75,500000001,7,,mobile
d8128d708cc55ced2106902fd5519688,500005050,2,CMP-01,desktop
ed4d7abb8cd66e877e9a5e2d83e8d214,500000003,4,CMP-08,tablet
efbc2e8103de5a60875fdd6c944134c9,500000007,4,CMP-07,mobile
f15e069470a836a4dab579b2bfaa55c9,500000001,2,CMP-26,desktop
f6ef49b4fe260bb50d4166b8eebdfe2f,500000001,6,CMP-16,desktop
febf751c6b84b34008df6f6c9b434f9e,500000001,4,CMP-08,desktop
034f688a15eb29e82a1f020106146a70,500000074,3,,mobile
0a50a063a1613bf56b6e43851c6728ed,500000001,1,,mobile
12ad495a9e45511e79d86e78cd51ba6e,500000006,7,,desktop
16bfbf732dcbc8a38774c0355476dad1,500000002,5,CMP-12,desktop
1c2c918df6bf2eaa1b3c4a6a66cb5780,500000008,3,,desktop
1dac40ebad316c17225f2c585f1d7ed6,500000004,4,CMP-08,tablet
2fb406b3a5989181eda7db63c0aa9529,500000001,5,CMP-12,mobile
33361abfffc33b112566a6e30562de4c,500000194,4,CMP-07,mobile
390ecdec0620cf10e537ab87a540d469,500000001,5,CMP-12,desktop
3b40fa325b61b277af89ca4c81eadf19,500000002,7,,mobile
4304cc244be63d2c3a53d1971c8ae355,500000001,2,CMP-02,desktop
4ddf39fb2bd87ddbb1bdcbe014338d0a,500000001,1,,mobile
55e553cd856ba2d900077baa281304cf,500000001,2,CMP-01,mobile
5b7dfaff071bf85415237637f0f7682e,500000002,5,CMP-12,mobile
696a4d2edf1bb038a744cbab31f1fc68,500000001,5,CMP-13,desktop
6e3cd92865055ceef371606dea0db6b0,500000006,5,CMP-13,desktop
710819e3e90067dbecd92f8f879cbdca,500002907,1,,desktop
7365ab5b9c6950f0da626b3d5cb97a7e,500000006,3,,mobile
77a19773a86d0e8e154750190f06fab6,500000001,6,CMP-16,tablet
7c1eda143bfa034194205deb08fcbbd1,500000184,2,CMP-01,mobile
8929a6360411a47cb441cf000809a4ec,500000002,2,CMP-02,mobile
8d0e0f46ad1b5b64be1f7f8ee2805204,500000003,6,CMP-16,desktop
8da4a30923bd78394b3b76cdd15f694a,500004140,2,CMP-02,mobile
90f3b0e79a26aeacd10eb737f77f4d0b,500000001,2,CMP-02,tablet
92713082c9a8d2f3410b921d25d63eed,500000003,3,,desktop
9b1e33f1ca2cf0db88e752488ff207fc,500000001,4,CMP-07,mobile
a19069ef6b15aff7b08d0efdbfd3e53d,500000012,7,,tablet
a386c349ea7e1130734a106abccf7a4c,500000001,1,,mobile
a9be3f65f7d1535509ab701ecd16978a,500000001,5,CMP-12,mobile
b518efd4e6041cd7fcd8d889cdb4f5ff,500000006,1,,desktop
b67cfa69855d4822559e0b0415212739,500000001,2,CMP-02,desktop
bb2a53c70c11c83a281e561bb39aaaaf,500000157,7,,mobile
ca069dc6ee15ba600e989c638c09ad8e,500000001,1,,desktop
ccb6be7d9f5a2e12e040266e91dc460f,500000003,5,CMP-13,mobile
cff6cf71e63111aab27bf0e7e7839496,500000012,1,,mobile
d867c90bfe99db8a977ca26c85588a88,500000063,1,,desktop
d8e1ee940ffab8c426777f8441646411,500000010,2,CMP-03,mobile
e59816a16b145bd424d40d66ba74f6b1,500000001,2,CMP-02,mobile
e5f26b9d600559c6a86ede73702bacfb,500000001,3,,desktop
e7d748095d5c6c335f3cc52c9a42e0c8,500000006,1,,mobile
ee5fb05d028459c07b2ea4a0f453680d,500000003,1,,mobile
f2ec77fc6076623774d0ae105776bbf3,500000001,1,,mobile
fb5cbd4136c0a4b024dbcc3632f021bd,500000020,1,,mobile
068c11d6d549e4e1f2682b16c4a02f8c,500000001,3,,tablet
0d229b55fc547c41d6bd4cdde20d9b39,500000005,1,,mobile
1c9cfd0c803b1ebc392ecb0281d12bcc,500000002,3,,mobile
295c258402c07184d4d6eeb56ccda456,500000025,5,CMP-13,desktop
2e0022fc68b9e05ed3c37fb665a7de4c,500000005,4,CMP-08,mobile
3173b9690f402ad8cc25539eebe5563b,500000006,3,,mobile
328a5a1aac115c5f20e7a268af200179,500000002,2,CMP-01,mobile
374b986cc3aefded0ca054a5a33626f0,500000001,1,,mobile
3ac2c07fb23415f4ae342df684e69d19,500000041,4,CMP-07,mobile
3b1b099339a15913305ce0bee8f95bc8,500000001,4,CMP-32,desktop
42eb24c88f496ddbdc64d8795bfd63c6,500000001,1,,desktop
44db843c0fa41b1d01f6865ea8617fa5,500000001,2,CMP-03,desktop
4834dec2987beb1e9c824fcc4d46fc79,500000001,1,,desktop
48411af5335ce2de8dd8b489971bf157,500000001,4,CMP-07,desktop
484fe536cab49d86f0cd8523e0dcb8b6,500012775,4,CMP-08,desktop
545c537a1a24bc55a12440d0255ab970,500000002,7,,mobile
6ecb283610de86a454d7311bb633d8bc,500000001,1,,mobile
763899f64a027b2109978fe2aa0eeb06,500000007,2,CMP-02,mobile
7809dabc36e07636855ecb5feb59bead,500000001,1,,desktop
7815acc2ccb5846d252fcf01f795956c,500000001,5,CMP-13,mobile
7815adaae3760255695818f1b9a0a656,500000001,3,,mobile
791c260259a7402bca4d213ed8e78c37,500000005,2,CMP-01,mobile
7938bc8264e25e2628a2399928d518c3,500000006,1,,desktop
7e54a3043ec40e4369fbfceaef9a0207,500000014,3,,mobile
7f7bd2042c22f5ba354df346694ef50d,500000096,1,,mobile
809d612ce572b7395dfab082e3d58261,500000001,1,,mobile
88aab2860d40eaaf3001f3cb3505275d,500000003,3,,mobile
8d129bbba264d8c275df2018c3227d41,500000001,3,,mobile
8e92a7c41d272eff91da8c5a8a1aa295,500000003,1,,mobile
92457d2c0f8b6ee946f10952579f6f9f,500000001,1,,desktop
a18e9ac176fc950594425fee46d2ff45,500000002,1,,mobile
a6769fd18f42d532b1790a0647f6f913,500000007,3,,mobile
a711f4b7baf8b7b0305ccb9ab0cf7be8,500000001,4,CMP-08,tablet
a78875fb0c9315d100d179d7f0a94cf7,500000003,4,CMP-07,mobile
a84953bdad2bd055b610820276e63d17,500000113,5,CMP-13,mobile
bb989898c50c9d3950616e4c862f5795,500000001,5,CMP-12,desktop
c1ebb8c9d9850adcc40b15f20d567df1,500000011,2,CMP-03,desktop
c3f5444584eb0c5b66f0acbca79ce3c1,500000001,1,,desktop
ca5267f9c8e6d0ac6c7dcf198fdfb139,500000003,4,CMP-07,mobile
ce986c09a580055fbd0742b2fa2a0ab4,500000002,2,CMP-02,tablet
d0e70cd7b65b03860c275a7717762629,500000001,2,CMP-02,desktop
d1e7abe0eb31bfd0236dee5f264b73a6,500000004,3,,mobile
dcf4dda0d07e1546dca3468a4343dfc5,500000011,1,,desktop
e128d0f31ab4e0ce80b256c67d8496d1,500000008,4,CMP-07,mobile
e338f77726aaebb8d2bc2904ce97c586,500000001,5,CMP-12,desktop
e70feeb4efea2019e15fe4a77bd59986,500000987,5,CMP-12,desktop
ef8ac8c94f7b79a5987241c3d332f8d8,500000001,5,CMP-12,desktop
fa6bdbb93c592146527462d11724569d,500000003,6,CMP-16,mobile
fadbb0b9be763013423b9a7dcde7293e,500000008,1,,mobile
fb9c7034017baedc65054ebe73b4b99c,500000002,2,CMP-03,desktop
0579da45674f7a1cfc04f5346f5ae31b,500000005,3,,tablet
08e72fdc40a72dc087a203c0d55ecdad,500000003,2,CMP-03,desktop
14167e3e4d7ea1d4adea1d56735c3434,500000012,1,,mobile
28e5cce81f5526c8074fa1e31d3b9191,500000001,2,CMP-03,mobile
312139d0680930291d089cd1cf7abdda,500000001,2,CMP-03,desktop
3b758d2a0b6a25fd0400540b8c37dee2,500000010,3,,mobile
44dbc80cf99b047b6b8599cd93008017,500000001,3,,desktop
482a13371a77f2bbc5601cf36f3e309a,500000178,5,CMP-34,mobile
6043c9d0d35c16f25840643cfad89fdf,500000001,1,,mobile
60b1411641b783ac8f948b0e52a14809,500000001,1,,desktop
623c6080537f2cf2356d05793b81a68b,500000001,2,CMP-01,mobile
6998866672d3089a1fb2a3ece50e9214,500000001,4,CMP-32,desktop
6b18c64dda4a512b391c7491f869d57b,500000010,1,,mobile
71e612e4aa766307799af400ebc19595,500000025,1,,mobile
743285d21a0c51dc079c77c09a0b9ff4,500000001,5,CMP-12,mobile
76699a7dc59461854d2aa22fa13583b9,500000003,5,CMP-34,mobile
9183cd3968bdc774a3cd23a1c2ff8f38,500000001,5,CMP-12,desktop
96a23bfcde97b10076cc78c45fb23b69,500000004,1,,mobile
9d8396609896e30c65261fad7f221638,500000001,2,CMP-03,desktop
ac640c4fd816f87c6bfca192d716a272,500000018,1,,mobile
ae9bfddf4ed33744699963e15ab7b81f,500000001,2,CMP-02,mobile
b022dc2e4ee8290a5f5f88abeffe9e63,500000001,2,CMP-30,mobile
bca99803dcf287579d152b7ceecd853c,500000005,3,,tablet
bcecb7ceb2dae0956cc71fbcdeeaf041,500000683,5,CMP-12,mobile
bfc31fddee02456c3f6230ec6d4ea316,500000011,2,CMP-30,desktop
cdfb8d51469bdebfdfa324f8645f570a,500000001,3,,mobile
ce27f8373ca7101540eabb90929659d5,500000004,4,CMP-07,mobile
cfcbed30595674eb79d946c96b89188b,500000021,2,CMP-01,desktop
d6cf0c1fb7df5142b6d67a8841220122,500000002,6,CMP-16,mobile
dbca183fba2cb04a9e04f13a10227169,500000013,3,,desktop
e195537a7a919597a87a576b3556bd57,500000001,1,,desktop
e1f99c080aef3c72821c3ea382b51799,500000240,5,CMP-13,desktop
e558beeea279c6cf804bc9436e2f58be,500000002,1,,mobile
e7b299eb87af3c6df67c86bc58dc2947,500000001,2,CMP-03,mobile
e94fe7c1d0628e76b59b6d2c639da071,500000002,2,CMP-01,tablet
ed39f442ea47577b1f6f116f7924238f,500000059,2,CMP-02,desktop
ef68ef88be7408a20ffbef310bcba070,500000005,2,CMP-01,desktop
f7560ae61dfb031f7e3c54d4eb14dede,500000006,1,,mobile
f7edeaed68358f931a9ccfde3dfee061,500000001,1,,mobile
fa7999cb0dd71f3e9e152c9ec3865019,500000001,4,CMP-07,mobile
0136488aa4a66e8dd5e3a5a0d8b79bce,500000002,1,,tablet
033cdc70c0f3d8a8294af8940e4345f8,500000005,4,CMP-07,desktop
04656a574d91cfa8b008b8512ea07661,500000002,7,,mobile
095b14fda03a867de02c53bbf17913d1,500000106,4,CMP-07,desktop
128b272945057626120fc74527be0e4b,500000002,2,CMP-01,desktop
16282a07007a5e5d1c1944ade980ba45,500000039,3,,mobile
26576895ea41e362d6fe2586756d3e48,500000001,2,CMP-01,desktop
2e8d11c5d4370b042f08bb1532acefcb,500000001,2,CMP-03,mobile
3ca8959341ae053a6857addc573dded5,500000009,1,,mobile
48a3e24cd13a83e5ce41303688b73188,500000001,1,,desktop
4a58de828f590778fa5810fe6c916d11,500000006,3,,mobile
54be0d3a3c726f3a9ea88d90cee039f4,500000006,5,CMP-13,desktop
55a3fbb8423184b8b477c53e351055fe,500000010,1,,mobile
651bf8ebf9cd57678faa381fbcaa95ed,500000016,3,,mobile
662fdaa02730f58bfbfcf4d36871761d,500000002,5,CMP-12,mobile
664c4e0500bf56a6cc94dc0e1ffe640a,500000001,5,CMP-13,desktop
6c1410d503fccb2dfc3a4aa320915950,500009828,1,,mobile
72bce383c56a9f9a4ef52918c5245ed3,500000008,3,,desktop
757dc45e12589bebc410a76f8d8a17cb,500000059,2,CMP-03,tablet
7c04e867a2674561718e70f472b5fa69,500000001,3,,desktop
8af95dba706e3f57ee0093e21c3ba1ad,500000003,1,,mobile
8d8b6049f07a9c6993b5aa71df02d03f,500000001,3,,desktop
8f58628fbcc75f22efdb74d68eb53020,500000013,2,CMP-02,mobile
91e002bc5129c13dd12da5a5def7cf86,500000010,2,CMP-02,desktop
92bdbdda7a36ede6bd66a9f017130fb5,500000002,2,CMP-01,mobile
943e68d5d124458ae6d2a8f69e746c7f,500000002,2,CMP-02,desktop
960857419ba980b3c80cafbb6cd2904e,500000001,1,,tablet
9d3414e214b5109432e215da60c80779,500000087,4,CMP-08,mobile
a222ee5078ec9e23cc7bf8d160118b80,500000028,7,,tablet
a3a842e272ea847a110a6770ee435ea2,500000001,5,CMP-12,tablet
a7b27fc0cc39734892af1e41e56bab29,500000559,2,CMP-02,desktop
b77065ba62623f4fb1dad4dc0b3ea72b,500000015,3,,mobile
bef9463147043899c7b5819a5189e9f0,500000001,3,,tablet
c45744ea3ae3c48f9232c50c98da1222,500000015,3,,mobile
c495f44403c1450469c3a3bf74a5cde4,500000001,3,,mobile
c4db70474e2500b1ef2f92beb94289cf,500000001,1,,mobile
c6863cd04362217428380dbdbe60e901,500000044,2,CMP-01,desktop
c731cdef68567e247a99456ef46c4e6e,500000009,2,CMP-03,mobile
c77173fd0c04766769bb12cc5aa2adf3,500000005,5,CMP-12,desktop
cec0f361fd25acc22971efcff25c3389,500000001,7,,mobile
de11e3ec9812e8bf4163ee9e9d490c77,500000016,3,,desktop
e53e96b70c96bf900d85c3746b3dc107,500000001,3,,mobile
e77352fceed30f5d51a2bec7c1b21752,500000001,2,CMP-02,mobile
fd925b8ed347d4e389bfcf88d4f322ff,500000003,4,CMP-07,desktop
0343fcc41f6bd15129abb3a85f67cae6,500000005,3,,mobile
044d5e7f3da665ab7e1663e0239cd4fb,500000001,5,CMP-12,desktop
150a442c38fc4eb361a1a6234a4648e4,500000002,1,,desktop
198e77b2de57bb912f471dbfd196282e,500000003,3,,mobile
1db31272e82e2acd2120ac5fc5b79738,500000003,1,,mobile
2291bf88ed075c4562678abf5de2887b,500000001,2,CMP-02,mobile
2c1d647a55b8cb2e5aded3998786726c,500000457,4,CMP-08,tablet
3d174e8787d1f33cdb9c6790313edb39,500000001,5,CMP-12,mobile
595b570bfcafdda7808d2df03e4f2b0c,500003531,1,,mobile
59a31b694723b9223d4a402cf95d566d,500000001,5,CMP-12,mobile
5ecb4a6f06bcc6358b14c00779b2273b,500000001,3,,mobile
6c9a75e735870764f62dc0560fd0ef3d,500000116,6,CMP-16,desktop
7dc9063cefe2f8b3d924a7d272a91b75,500000001,5,CMP-12,mobile
807f7fb80b9f7bfd789b1c65222e1d89,500000002,1,,mobile
8698cf366b54d6dbd010f7fb4388b449,500000001,2,CMP-03,desktop
895b091621e389ea21ec22f3388d820d,500000001,1,,desktop
8be583224d4d9e459586a02993165e12,500000025,6,CMP-16,desktop
8cc056a169123008e25f4e352201dd4c,500000001,1,,desktop
90e2b4d29124aaf95d789c5c58ec9db8,500000001,6,CMP-16,desktop
a834e50b6291f6a3de87cbf0272bd7f8,500000002,5,CMP-12,mobile
b08c9f36721478e46af647b24adeda5b,500000001,6,CMP-16,desktop
b39a2401676aad68fb07b1ec3f66aba0,500000001,1,,mobile
b5b49f5359900276bcfc512087e834ed,500000001,6,CMP-16,mobile
c73a3c3c97024364f502e0594d4c6a07,500000001,7,,mobile
cca1a0229748a607ed65cecf8b717592,500000002,2,CMP-02,desktop
ccb72938c39daf019de3b5754dbaf71f,500000001,5,CMP-12,mobile
d297c110bae92014dbd24b1b7adbc534,500000006,4,CMP-07,mobile
d364ec0fdbab6bc0024ac89a43bf94c0,500000046,3,,mobile
d4fd7d3077f5214c46d7ffbac0279c49,500000003,3,,desktop
d97906d4046e5e1bfe8f4ff88c8568e0,500000001,3,,desktop
e449880cadba35a5254766455feb468d,500000031,1,,mobile
e4beb34273b90b21fd61e636938dd20b,500000001,1,,desktop
e6cc61fef72576a730ff58ac8c89c771,500000304,1,,tablet
ea14c75f563a0267af89dde9cf630197,500000001,1,,mobile
eac83a097371d545a78c0feb749136af,500000001,1,,desktop
f0d47dbfc95d8fc90ebfe91af749e896,500000017,4,CMP-08,desktop
f58793ca0d06d7ba1bae006d2fa90353,500000001,2,CMP-01,desktop
f92bf032264b4ab04f29160b6b4eaa3a,500000007,3,,desktop
f934f07af2a077c2f8a178470e4bfd7e,500000001,7,,mobile
fb8f1fa908c982ad613719a2a8711e11,500000002,2,CMP-02,desktop
fd5d9d7e806326be02c96321386ecb4f,500000002,5,CMP-12,tablet
fe078bd0340da11cc439783554560160,500000002,5,CMP-13,mobile
ffd4413e044c8e44994f2f9ae79447c7,500000005,4,CMP-07,mobile
035e19b84a75389d7c2ef689bbc01bce,500000001,1,,mobile
07cab975c8089c29ab1f2c4c54c6e643,500000021,1,,mobile
0c4b062eb670ecf943b967e93acb5bf5,500000004,5,CMP-13,mobile
0d304648ca866abff89ba9c168e71ad0,500000001,1,,desktop
1172782d2093f2a61aaed0241dc6df39,500000002,2,CMP-03,mobile
142c4694a8acb74c382c6440fdd011c0,500000001,1,,mobile
15883ea7bb91cfd5e1efc9d4582b35d9,500000020,1,,tablet
1905498a07622981673a0ab4f40ae328,500000004,2,CMP-03,tablet
1917579948bd72d50333c0a9cd0a9d86,500000001,3,,mobile
24b3e3efbfd55621b5e6665094030ffc,500000027,4,CMP-07,mobile
2817007af40d62eb7b2907acaf8ac2cf,500000007,5,CMP-12,mobile
2fbded01aeadc835855575f72a2cfb95,500000003,3,,mobile
36aaa321fa5e770501440fd8ae8a27af,500000009,1,,mobile
408bff61943e980b1beb0bbf3dfd3134,500000002,3,,mobile
4b58b2203e40cbbc9989ed17630da1bb,500000001,1,,mobile
5232171213a756c7e47e1b7bb7420eab,500000001,2,CMP-01,mobile
554e4885c9079c30ba420ba22653179f,500000001,2,CMP-02,mobile
5cfb01b51991a6587d95ee0a49a50285,500000001,3,,mobile
65306fde4ef1bed6146e08a1a2565ff3,500000001,1,,mobile
6b1949303b2d692beee06ec70faa5e76,500000002,3,,desktop
6c6f1d7ba4797ed3aa2355266e85fa1b,500000003,1,,desktop
6e008f806e8bbdf498da3d78284ca867,500000001,3,,mobile
6faf74c1a3e99316c7c8f31b0b5474ac,500000001,3,,mobile
735c541be677d68e3ba51b4337786dd6,500000008,3,,desktop
7e592a4b3bc15b67dbba838b78e92426,500000003,3,,mobile
824267934895a9dcd598bdcc525b171d,500000001,3,,desktop
826968871778c5ed4e0e604c792139f2,500000001,2,CMP-03,mobile
87388ca38aa7bd5b557bfe4a8e140156,500000002,1,,mobile
911e0ddda49bd70806075ba93550a697,500000001,2,CMP-02,desktop
956f7071509ef1841fbd889f1beb07c9,500000033,1,,tablet
9b8635eb0954e3c53f1bb766efbf1070,500000001,3,,mobile
aaddff4be9b0e3c309f42e98c0b5f525,500000001,1,,mobile
b37cb12d54861e2f23c3100215407636,500000015,7,,desktop
b8afb5b6bd87c11792155c34f8105c31,500000001,2,CMP-01,tablet
bfad6095d2352f2c3955e91378c61fb8,500000002,3,,desktop
c5d02ac100fc885f157a2ef27fd428cf,500000001,4,CMP-08,mobile
d06a1b93ef5aca38862add709938e8ad,500000002,3,,desktop
d7b1192750d80687915100e0d244ea7d,500000001,5,CMP-12,mobile
dc47bcc7acc9e06f61ad8723b2ab2417,500000001,6,CMP-16,mobile
e1e6fd3725728ead9156ca393c4adf77,500000035,1,,desktop
e429cd64d0a9fa85b2d8e3814bdeaab6,500000062,3,,mobile
e630318c29e1551f92f6d78803bd50f5,500000001,1,,desktop
f2229cce57fc257e1b1825e5be07b51c,500000002,1,,tablet
fa8f7cecf2d635d88b818edc7ae67b97,500000002,7,,desktop
ff26486508b63d659ee4125c0a5bad64,500000001,5,CMP-13,tablet
00878aa086914ff7829d0520bd87201c,500000001,2,CMP-03,desktop
038cebc2fe17873d12bec166e2ec3819,500000006,3,,mobile
0815ddb8985203e1fc0fab054393a632,500000001,1,,desktop
0fb964d20c5455dd5968b199319c617c,500000007,5,CMP-12,desktop
18e8c2a6afa0a226538fd6fbef359baa,500000001,5,CMP-12,mobile
193aeb05465c8b1f3c6bc78907d47348,500002730,7,,mobile
1e6dcc796c51f5e2e663981d7eb9a69b,500000010,2,CMP-02,desktop
20354950b526e05152efcce45e41277a,500000037,1,,mobile
210d7b3b08dc9ecb736cce0488004009,500000021,1,,mobile
339d2239f7883c223a1c7e9eeb82c461,500000001,1,,desktop
366a775988bf789bdbfd3d795c62005e,500000043,1,,mobile
3a56aec4149b50a9de9f4fd968f227ec,500000001,1,,mobile
4c8a3f33710fd1184c600fac59587d4c,500000001,4,CMP-07,mobile
4dd25330b3667760d5a4783bc9868265,500000001,4,CMP-07,desktop
58c620bca226a5ab8afb9736a2a16baa,500003605,3,,desktop
60f20c5bf6be441c7088942ef678bb02,500000055,1,,mobile
6b5b9b46fecf51702f119899ecfc3149,500000010,3,,mobile
709f6db6354e6225b6fbb266c855cd5c,500000002,3,,mobile
7156577046980623694b6e237a14470c,500000014,1,,mobile
745b0abf369dff8576cf860cd6338017,500000018,1,,desktop
78d55fcf4e4fb59bbb38e367f8de7885,500000103,1,,desktop
799a0b46cd96eab49e91e716aaed8f0d,500000003,1,,desktop
7ff96cc001456e629d869b1d76ef5a55,500000002,1,,mobile
843c5c06cc7c241cc87ae4fe668c843e,500000038,1,,desktop
84ff596840e9031ac0ff93661fa9d89b,500000001,2,CMP-03,mobile
851849f7caec1b3ca584e24899a994d9,500000001,5,CMP-12,mobile
89f16b83dd1f18bd28805b7ab6e83c0e,500000001,5,CMP-12,mobile
8ceb6d50f1c59d2b6f4ba907918fac17,500000001,1,,desktop
94597897a6b3a5807c1af154ab10317d,500000028,2,CMP-18,mobile
95133a44c046d7e0cf3a438162b9bc85,500000002,2,CMP-02,mobile
9712937cf6211022fb8fb308d832012a,500002596,4,CMP-07,mobile
9b0ef08518719acc66ced45751cfacf6,500000008,1,,mobile
a3512e2fe3c34e6a17ecd43381fa5f6f,500000001,1,,mobile
b3ab700df0ba46275d17118fcb6ef6e1,500000001,4,CMP-08,mobile
b4381e60c782554846e0a35ba99e79bf,500000002,3,,desktop
c45663c2012788f8ffb4851e81303a2e,500000101,4,CMP-07,mobile
c5acf690003aa22359d1ee9f78958c43,500000006,1,,desktop
ccb7d00de4f3701827bd0cbbda86664e,500000005,1,,desktop
cfdb26660e2d909db6fa8a770d2472c1,500000002,2,CMP-03,desktop
ddfe7278fa959e338fe95a480500eaa3,500000002,2,CMP-03,desktop
e1c9e47fdb95c0616ada212866f47f54,500000001,4,CMP-07,mobile
e8c80247caa7466a55aa15d45030c64d,500000005,7,,desktop
f5a5a01cc0dbed986f34fe09f337ff4c,500000002,3,,mobile
ff4379d37cf436bcbe9ad4cb9eedfbc1,500000001,2,CMP-18,desktop
04bea70d2220679c98ded162067f0344,500000400,2,CMP-03,mobile
0ec965f7597dc4b2160120728244d66f,500000279,1,,mobile
106c088d6ef9410e9d0e259bd0bbbdf3,500000001,1,,mobile
115fc471459b88666fb4deccc3344bfc,500000001,2,CMP-02,mobile
1d914ac1528b67a99a466efb6937cf43,500000001,3,,desktop
20031361339022a10e72d9fa1820cf7f,500000001,1,,mobile
25083462034850fa16b3b8363c604fcc,500000227,4,CMP-08,desktop
299645e64bd409f35abafcbabfa9f88b,500000001,2,CMP-02,mobile
2997d3fc2a88e83d77e2f1ce9d215c69,500000025,1,,desktop
4e2c96e67cea039e1bba4bcaedf4a1f5,500000001,2,CMP-03,desktop
632cfc230c4f5085b847c5109d368140,500000001,2,CMP-01,desktop
733900e9297ac2a7bbe87b78b0dc8538,500000008,1,,mobile
77a54d442f5509cafa3bea90a3d6440f,500000001,1,,mobile
7f773a7684344c2ad09fc2426631a923,500000001,2,CMP-02,desktop
83b7472b92ae3c63ca7894e0546a2684,500000001,1,,mobile
86e36e655daed42708f86b9111823bcf,500000001,1,,desktop
941ad1fd44b398c7d8a345ae2455c9e5,500000001,3,,desktop
947f11f54c69e0860744d624fb46a7a6,500000001,2,CMP-02,mobile
96c5d4215be6f39bafbe86183782d43a,500000001,2,CMP-03,mobile
9d183e7034f873b928c88bc45908af0a,500000001,2,CMP-02,mobile
9f2ea7f2c57eeb4c6ec7dfc7b993a5a3,500000001,3,,tablet
a08fb3c6a75dacde1889481793cfadb3,500000010,2,CMP-01,desktop
a29f1e8693a82a06e29006f19a1c23c7,500000006,2,CMP-02,desktop
a37e7c7e6fa6a78c08a960745a57a19a,500000003,2,CMP-01,mobile
a4829ba999f3b71a2981daaab61cbdd9,500000006,5,CMP-12,desktop
a7900b3351654d66c7d240e27471658f,500000001,1,,desktop
b5ec2159571fc0dfde11644eb06f01dc,500000001,1,,mobile
b7f09e295285bcd3dfbf085b85dcbf1b,500000003,1,,desktop
bc1281e819b618f9b445e2fb7f8942e9,500000003,3,,desktop
c33498e35dbe1188fdc0069cc041b74c,500000001,1,,mobile
ce579bf04d8e08d8829e96c49920870b,500000001,1,,desktop
d38eb018387739115ee0b166f666dfed,500000011,2,CMP-02,mobile
d8a6d86f4af9781eeaa8f62d39ea71d1,500000001,5,CMP-12,desktop
dc4fe0167d44749da0f0c2180086aa16,500000001,2,CMP-01,mobile
dd5aaccde25f6e0fee7ec44b83644c47,500000001,2,CMP-03,desktop
ead01dbad7cc906be9e69887b4fde5b1,500000001,1,,desktop
eb34b7bf52938f31d9269baea952f828,500000001,1,,desktop
eb488e995ec783694254c733a826d58f,500000010,2,CMP-02,mobile
eb4a2238d27ea0cde01af51e05bb6c3a,500000001,2,CMP-01,desktop
ec17b89e1107ca075b1eb1455e6cee8d,500000001,3,,desktop
f0fa8af4d59b6e8ba2183115a00fd468,500000001,1,,mobile
f2d465cba4c01b69db59b9fff046a427,500000005,1,,mobile
f9750a21330d8a63db73bde991cbadc0,500000001,4,CMP-08,desktop
00ad5e3a5f3e58e8dcf9ec657f656924,500000001,6,CMP-16,mobile
04e4e4671379fd72f3ee61f20977df60,500000043,5,CMP-13,mobile
09b28be335066347f3b31550c3c0e5dc,500000001,2,CMP-03,mobile
11e4ce21cd98f36d3cd7081886170d8f,500000001,2,CMP-02,mobile
188c6e5f512cb4e027c7053d3f70d96f,500000038,2,CMP-19,mobile
1895b7a3f522ba613290b7cb614d9dfc,500000085,2,CMP-19,tablet
1b3d317da4a56b8426f56a507c77426b,500000015,4,CMP-07,desktop
1ba938431aa3a7fb7b086b605dcfd8d7,500000016,1,,desktop
2951e8c907177bb16ec5605e5aa22487,500000002,1,,desktop
2bea1d2bd14e953a22c33b59006f71fc,500000002,4,CMP-07,desktop
2f57efbd8486e8442aef5dddcc38f33e,500000001,1,,mobile
3346c120b1897e69542f430a96280472,500000002,2,CMP-02,mobile
3451b86be6effdd2cce30f5dd0a205f6,500000001,1,,mobile
4e04c9fc4a54365e1197013d218beadf,500000007,1,,desktop
550fc155a885c97489d86183e17ead22,500000001,3,,desktop
61d9cbfa6f9c1b205ac188c224e15d56,500000020,2,CMP-02,desktop
66dd5ab20033ae6b91811e796ed83a35,500000007,1,,mobile
6d61d2822c85d7955c32e3af688017ba,500000003,6,CMP-16,desktop
7bb167176c9a387fc0004dd3c33bfd4d,500000034,3,,desktop
823616e1b59ed6132c3e3416b6f8916c,500000006,2,CMP-03,mobile
8bf59245c403b5c1ed3429e563ff1e06,500000002,2,CMP-03,mobile
8d92b03fadd2a476e0eb3806fe055c3f,500000001,1,,mobile
8e2429537659953a25c19c1b27138fd0,500000001,3,,mobile
91380f52b2ce23af461ddf57208440f8,500000048,3,,mobile
98360a52c9c011011506ad3d2b607574,500000002,1,,mobile
9de2fd7b0e33d03f56552ab983d3ef7d,500000001,1,,mobile
9ec2145dea735d3c82be82b03337616b,500000001,1,,mobile
a70b3eaeb1878dff398c7fcae6ee07bf,500000006,4,CMP-07,mobile
a78c551a3b47c2b7b0edc21f5a258e86,500000005,1,,mobile
a893cf3b36aa8a6c1169571e5029f3f4,500000012,5,CMP-13,desktop
a8cb8f1a1a4eb7fb549f2d3bf932efaa,500000001,1,,desktop
b21e7e5cdc6ba725dbf7a4e7f0322fd5,500000043,4,CMP-07,desktop
b9b59e8d0a39c637ab6936ba1ab79bf4,500000003,2,CMP-01,desktop
c367130dcf9c5c22a128f20ca7f58fdc,500000002,2,CMP-03,mobile
cbfcab0a07ff5849b3a91701b6acea35,500000001,2,CMP-03,desktop
ccaddecf5c3f7fca116a2df01a78f1f5,500000558,1,,desktop
d10461fbe75eab89d2746b723c617c44,500000001,6,CMP-16,mobile
d37d7a3e9500c6ef5e8a3e97101ed317,500000009,2,CMP-01,desktop
d53835651e3d177e29d5eb7f51d79d41,500000003,3,,mobile
dc97f2a68b7d7a653e22deb042ea4f5d,500000004,1,,desktop
dfae7002372d59ab1537eedcfbd1a47d,500000003,1,,desktop
e19ff44e20a2f86aafcc50273aa53bb1,500000009,2,CMP-03,mobile
e2f51d50e12324400e10fdd5f94a426e,500000008,2,CMP-03,mobile
e3a92b06204aa1d84cd31e2962bdfbd1,500000003,2,CMP-02,mobile
e42b6488f7ccf41496a833bbb283aec5,500000023,5,CMP-12,mobile
e68e8e1fdc2efcf588dda10448e1fd7a,500000001,2,CMP-19,mobile
e8fca0d1103fc79224ab96dd56cd6a1d,500000044,1,,mobile
eb1f7aaf43855034e96e90b584b62bb2,500000004,2,CMP-01,desktop
f3dc288131411e360e5b92d7e93c7f91,500000038,3,,desktop
f7a1a1e8463e69740b40b5ec98e1ad48,500000001,6,CMP-16,desktop
f9cc7e2e2d79e0b8695bab111daef5db,500000408,1,,mobile
0f9083b3c5e1021f5acfde2c894eb82c,500000001,2,CMP-01,mobile
180cec169700340b0005e4001235e351,500000002,2,CMP-03,tablet
1a321c3e3923647f5690cc5ce192442e,500000357,4,CMP-07,desktop
1c72c3ad70e8b8462e8ff72910596897,500000001,2,CMP-02,mobile
22733cc1f2486137582e45a15e15b895,500000003,1,,desktop
27ebe6d577d7082754387e789b5900db,500000172,2,CMP-02,mobile
2b170262c3c563bf9e6d3d4df8681439,500000002,3,,desktop
2c6b9097e459731e11e2374c55848a2f,500000004,2,CMP-02,mobile
317a495c98f53503bb766bb45b266da8,500000077,1,,mobile
33e99a39f997bb97a362bb25d163875f,500000001,1,,desktop
386996f1ae8c93b0df9c3c7f894f6d8a,500000002,1,,mobile
3899dabfd87a562a27194a2e226ba1e7,500000010,1,,mobile
4516c5d8f6c2155fcc1439ad4531a3ab,500000001,1,,mobile
4704a620a8ec84f0e0d7a839298ba0dd,500000001,2,CMP-02,desktop
483cfb690b6ec2167379932f4c53a6d2,500000100,1,,desktop
4a533aff4dc001143cb83f74531a9069,500000001,3,,tablet
5f378ed5486dadd79bb8d682ade92e67,500000007,2,CMP-03,mobile
69d24c41cef109fb64e64178a993535a,500000023,1,,tablet
6c980cd0faacba9625a5867fa3478361,500000004,2,CMP-02,desktop
73bce629fa2e69ff7d47d2af156a4ce8,500000001,4,CMP-08,mobile
79585d6e782e557a38978879eebdcef1,500000001,3,,mobile
7efeef2f0f7cc8edbd6943f50336ac35,500000001,2,CMP-03,desktop
8bcfdf6119a73b6cb04b7c75ac86fb72,500000016,1,,mobile
951d1c3205fa500b817f74c384fe7bba,500000026,1,,mobile
95c82ee353132114c872d990b6c885e3,500000008,1,,mobile
965c071ace7445fd065e3fcdc15c8bfc,500000001,4,CMP-07,mobile
9956a1a337f8d988fdb6dcffb360f481,500000001,1,,desktop
9bf7892c56aff03091455ee7f8e8b0e9,500000027,1,,mobile
a68b0734c53ec3d924244c8274c97260,500000006,2,CMP-02,mobile
aebafb3537c8f904883d2645ee19b9cf,500000001,5,CMP-13,desktop
b0155afb8160b4add27087a9d7ab7aa8,500000006,1,,tablet
b3f5586a4a1de5a253a38ab4dfc4698a,500000003,4,CMP-08,tablet
bf4ad9fc41cda2dca3b294b737bcdfe1,500000011,3,,mobile
c16c49f1f694e601917de9ecd4a2a5dd,500000002,5,CMP-12,desktop
c2a47d0b4f44ee0bf931fc37cac0d591,500000001,3,,mobile
d20944f70207d7bdcc6199674f1c711f,500000005,3,,desktop
d2195a102bdca6ea3d9189ea0b904bb3,500000006,3,,desktop
d3ebf29c15b1946b6e71cd14cb372e75,500000003,6,CMP-16,mobile
d7003e6dcb90463e08f803e8035b8256,500000001,1,,mobile
d9ec9a3d1e888edd65163acbb23aad0f,500000001,2,CMP-02,mobile
db111f9f1020d8b375e992fc8e996ab8,500000094,1,,mobile
db64ba3e92c4807fdca3e7fb11b33953,500000005,2,CMP-01,mobile
dcf245a0c6b5f801eeb410217f854fa9,500000001,1,,desktop
dd968368e1151786702e018c771a877f,500000001,5,CMP-12,tablet
e225706e2a9f8895bf62afb58d7baacf,500000002,4,CMP-07,mobile
e74a35e014a6cab65de691665b25b786,500000063,3,,mobile
e95d4691dd0de31d94512ada695d2ac6,500000001,1,,mobile
f9abc3c837d02f2442eb4e8e48e50b76,500000001,1,,mobile
fbc98edf3169eda41d0e3eb16259bcc5,500000003,1,,mobile
ffc9a3eda53a452cb8bd9d6ea5e0546b,500000004,5,CMP-12,desktop
010a3cc4bc35d56cea67f94c6ea85b5b,500000129,2,CMP-01,desktop
0a77fdb6e2bf9ae7363f35b078fe57f7,500000001,3,,desktop
0b2015c1fad420d3ee65f2777d70d0b4,500000002,1,,mobile
179ef070cfa5adefed9eb537364efbc1,500055450,3,,tablet
3d2e5e72ebeafafbddf2393adf616683,500000017,1,,mobile
3d4bfbcfa40c2d656034058761d4c72f,500000018,3,,mobile
3de3db4111c2fcc06b3fd5180fb02bea,500000019,2,CMP-03,mobile
41238165f141aaccf3c598c3a3344b33,500000001,7,,desktop
42f5a45459337f2d66d68ca7842e2156,500000171,5,CMP-12,desktop
445cec4bef933a06a9166024cf375e8b,500000023,6,CMP-16,mobile
47e59459464cf406155ad395f968afc3,500000002,1,,mobile
4f6450fefb754d4072d2fe4e64df110d,500000038,5,CMP-12,mobile
595405aae0beaa62d919d781463bc4ea,500000007,1,,mobile
5d479492f0b948afbb776d263f069634,500000002,4,CMP-07,desktop
5d51df96d531ac40f1df5132b38544fe,500000002,5,CMP-13,tablet
5e21fad2216ade67aa03d69409ebd64f,500000027,2,CMP-04,mobile
619d0b0ed8fe44a32e6aebb12f406fbb,500000011,4,CMP-08,desktop
6501642a67985c05b40b5da94191ee62,500000002,3,,mobile
736d7dfd197b2272234341ed7bf03c38,500000002,2,CMP-02,mobile
79702556b35318d65ac25a4b84cf3fcd,500000001,6,CMP-16,mobile
847c3b809f50ca5cd97ff1f7afa468a0,500000042,2,CMP-01,mobile
84c02b3634f59345fae5966dfe175dbd,500000018,3,,desktop
8537091e5506c6b8884a9e20ce2cab69,500000009,2,CMP-01,mobile
85f5bc867d5a42191d1dd827ecefb6b3,500121762,1,,mobile
878c827c61b7dade5a422321d21a535d,500000006,3,,mobile
932a2e7014cb9d273fadfdfd6a9e8b3d,500000002,3,,mobile
99fe740d8f6bf8f49d0f742c65508ae8,500000001,2,CMP-01,mobile
9f3cc92ae8486af51e9320de27545e2e,500000002,2,CMP-03,desktop
a1df525562f8a2d2bc92fb5a840be3f2,500000003,1,,desktop
a4ed81895d37bc0dcbd23e14e99c3c4e,500000001,5,CMP-12,mobile
afc5c4ac32bd32773ada5b101afabedf,500000001,2,CMP-03,desktop
b5f614a161037130944cff56fbda93bc,500000001,4,CMP-07,desktop
c3ea2bc00f81cd264537bd8186773a98,500000061,1,,desktop
c60449c67b0e784bb1afacf4a3adfe6a,500000001,2,CMP-03,mobile
d119b1978e4e6de314f7e756774fbf6c,500000034,1,,mobile
dd4f324cbf7f54f4bed6af00086c6b64,500000007,1,,desktop
dec229e86531e8d1048ffc426d799e8d,500000003,3,,mobile
e07d69512e598df08fe04681234b9158,500000001,1,,mobile
e825d04bec2fd90bfe7940be123628db,500000008,1,,mobile
ed026110127a9f94541c1cc0cc3e588d,500000065,1,,mobile
f05a1105b98109dee54957516a9bc751,500000001,1,,mobile
f4862a839e5b76d13db5b32d48291a35,500000001,1,,mobile
f6306b6948e7acb8e5744d4342ff5f72,500000077,2,CMP-01,desktop
fae3fc16a9525b5e2d7873871ff461ff,500000003,4,CMP-07,desktop
00628440d6980db27997773d4282a959,500000001,2,CMP-01,desktop
06bbb0494c58bbfccfaa61a82a7ea716,500000002,4,CMP-07,tablet
0895e567dadee478efd9f5715f1fcd18,500000305,2,CMP-01,desktop
0b88fbf0f21c798e7122d678ad73c62f,500000010,3,,mobile
100316e6e096a7fddd392635bd7165d5,500000003,2,CMP-03,desktop
10ce292ef7bbc76dae1172a2b5d747a5,500000001,5,CMP-13,desktop
1c8509ea7eaebaf29378040a70bbddf4,500000014,1,,desktop
268815733797ae30cb1b8578e546035c,500000005,2,CMP-02,mobile
2cf58829756a4f97409a58b517c1df05,500000002,2,CMP-25,mobile
368ed18e26aa420bd27bc7ac0f201bb4,500001108,6,CMP-16,mobile
37142a35314f6c2de3add25daf15c92f,500000001,2,CMP-01,desktop
3b3b702f5fa183f49efa9ab51708fae2,500000005,2,CMP-02,tablet
4011e51f99ccf3c4bf576f465cd6830d,500000001,1,,mobile
43a45ed8ea93e16a8b0f0b0563e74b86,500000001,5,CMP-12,mobile
4485b21ec040000f5a918957bf53169c,500000001,3,,tablet
47538935406f7431e730f73dff2f9bd0,500000001,1,,mobile
47b553c78e3cdf746932f206d04efd2b,500000003,3,,mobile
4ae06e0bcef5a0fef48b0da3b99e2440,500000007,2,CMP-25,mobile
4f443888cb8d47f9a33727f69c52702a,500000001,1,,desktop
583ed674d104702351b49fc2b801bbae,500038421,4,CMP-07,desktop
58b59200f7a1c7adfcfe6d709938cdfc,500000003,2,CMP-01,desktop
5a16d01a519ef94e640285d2cef9c8e5,500000010,3,,mobile
5d233bf9ca9657514fdb19147cc29875,500000003,2,CMP-02,desktop
61c98f549014f343ce29190de9a9bd9b,500000002,1,,mobile
6473080d553076ac32eba1015a772461,500000004,2,CMP-25,desktop
66056c8568ad3e3f6a9a65c50e9c5240,500000003,2,CMP-01,tablet
765e3152db4f30492949a2846a64ec7f,500000003,4,CMP-08,mobile
770c8bdb61feb83e6eac4620d0e8366b,500000006,1,,mobile
7713442d7def5be06179039f342873c0,500000005,7,,mobile
7a0a9d46483f8e556e34013a802fadae,500000228,2,CMP-04,mobile
7b2e7cb9f61b698d72b19b75ec5b01b6,500000008,5,CMP-12,desktop
8252314120b88873d9c241badaea14a8,500000002,1,,mobile
8b9dffbefd013d6d3ea358768cec95d3,500000002,5,CMP-12,mobile
8c2352ecbc054ea98b0af9b42c9a3c44,500000003,2,CMP-03,mobile
8f3ff01a1b470e1dc15e70794247a991,500000007,4,CMP-07,mobile
903dfc69325a027c794e24338d0ff4f0,500000001,2,CMP-03,mobile
93e44c7cebcd2e0728c993775690ab98,500000002,3,,tablet
95b78f6511ed3f23ce001c0071b36571,500000001,1,,desktop
9a07d2b23c7f9545a97986120a46c2fb,500000003,5,CMP-12,mobile
9cbf20ea2d62c453b843158194ae5ff4,500000001,1,,mobile
a07217ffc37be72740e048f0f49bb6ba,500000021,5,CMP-12,desktop
a09fcd5b1fceffce5601f64f07878a3d,500000006,1,,mobile
a45fc77c503e64dd65d9087ace71ca5b,500000001,2,CMP-01,mobile
abde9a98863499aadd262242f85a2307,500000032,2,CMP-01,desktop
b0f3cba7234335622d0c4b6c09dfd530,500000001,2,CMP-01,tablet
b2e0adcc24bc3ea12af160cfe74d9adf,500000001,4,CMP-07,tablet
b35f9bee9464bad80c352866a5c71550,500000023,4,CMP-07,desktop
b36f1cda2f0408f38a1524d9f3550dfe,500000006,4,CMP-07,mobile
b4dc74d9ded2f5e74b2a7c3bf57657bb,500000001,1,,mobile
b4f63060c975c0f31a92a7930ad8fae3,500000001,3,,desktop
b9ec2b2310523063cd05e2d85b613fb8,500000001,3,,mobile
bc15e1ef1d48d0a8e5b2baeb012ea116,500000162,4,CMP-07,mobile
c0906003177a5618741feb5da28f10d2,500000007,1,,mobile
c4a2465159ebf2cc58d97adc7f010965,500000005,4,CMP-08,mobile
d3d82804322dc40f45b901ff7963b531,500000024,1,,mobile
e064950559c71c6c79f2b51534adb4ec,500000009,1,,desktop
e20730c0d01280c6519fbc4f07468f23,500000002,4,CMP-08,desktop
e8e1fd6eff96e9b161429e33f625a3d8,500000001,1,,desktop
ef90a30de99538f745eae4fd41d65196,500000081,1,,mobile
f0b616f7f1767cdfabbd41bab08ff6e7,500000001,2,CMP-03,mobile
f92fd34e455047f44c00bf23d744d56c,500000152,6,CMP-16,desktop
f9a2f598803385aaedf336bc85ddf182,500000001,4,CMP-07,mobile
fb9bfc82c38e816dc183252c3fedb895,500000292,1,,mobile
fc142f7689965b2ab6239fdf83dfd064,500000074,2,CMP-01,desktop
fcbeb89fb53a33c848d0673fd1ce735b,500000001,1,,mobile
fd55c56c482c2b5f74e541d9c8328956,500000001,1,,desktop
0606ea74b1a29eb274715e9e47cb130b,500000020,3,,desktop
07438599e04d8b0c3c1c7d24574076eb,500000055,3,,mobile
0af209b39a8bb7c079c19d92fe2d040a,500000002,6,CMP-16,mobile
0b0ca064bdbd2fda276b9d55e232c4cf,500000004,1,,mobile
0ecaac9b2b8a196ffc0ba5f2a5ed1476,500000001,7,,mobile
10fbd1331ea0750ca3039a5a4cca65ac,500000002,2,CMP-03,mobile
112b7ab47481cc8b447c84a80d41f27b,500000003,1,,desktop
15d3af3e400fa95b295a71486423c366,500000002,4,CMP-08,mobile
16ef5f88a49a58a4defaf2a9a5b347fd,500000001,1,,desktop
197ee032c57f15fe3978af5ff63976e2,500000007,2,CMP-03,mobile
1a04bc40b1602a3abca34117d2240189,500000001,2,CMP-03,mobile
1effa3394e849035271b49456c324024,500000006,1,,desktop
25cd2ddfc2be07c2434cc478eead1aab,500000217,6,CMP-16,mobile
2631de9f69d4083f6c06bdb1cccfd03c,500000186,3,,mobile
2890a02a057143b5c3eff8bea8a25fe1,500000002,3,,tablet
341bf91765d4ce9690f06e2a9208d2b1,500000004,6,CMP-16,mobile
3b4b4cd12b1a75386ca8a599f23a4844,500000001,1,,mobile
3c199035f2b8a533f6f09c46fd9661ed,500000001,4,CMP-07,desktop
3f6f7000d6e10f3cf1ac5c54854abba9,500000005,6,CMP-16,desktop
40c238ef1025fa49e78274d932388ad1,500000001,2,CMP-01,desktop
440f51962172d94adfb7e9ab97ba7579,500000009,3,,mobile
44cc6713578b86ac920a7b284cf1e6c3,500000001,2,CMP-03,mobile
472d40f102213d3114c8319bccb2a8b2,500000016,5,CMP-12,desktop
477ec37a1db7bd744ef9faea46f83afa,500000007,5,CMP-12,desktop
4ea90a9bcec8f0d9b822fb28d671d8bb,500000001,2,CMP-02,mobile
51acf375689047e01b8a2fadf05886dc,500000001,2,CMP-03,mobile
54a17ea0d96d5b46277e1aa315ad784a,500000004,3,,mobile
665556e46e7381fcc8b4ff1dd0c0b0cf,500000002,4,CMP-08,mobile
69c1a3d7e1b26d984e027982b3fe2453,500023107,1,,mobile
6c0da9f538234b037c7251549dfcb91c,500000001,5,CMP-13,mobile
700ce773ccca8f74e3892854097fbf0a,500000010,5,CMP-13,desktop
71b234dfb1c987f2a728110ea37ebd00,500000001,3,,mobile
7434eb74fa07353565f6dfd49750a0a4,500000023,3,,tablet
7c1987a657af96bd687a5c7df8018701,500000001,5,CMP-12,desktop
7e6f893ece98984393804423d48e560a,500000001,2,CMP-01,desktop
8b5b0b8f205fee1535993ce50612db5c,500000019,7,,mobile
8cb2deb534a7b8fc1596cc5cd0e0934b,500000002,5,CMP-12,tablet
8d3a9561379babda88ee4a50986e9f99,500000002,1,,desktop
91423340f24309ac008d574f21fbe775,500000004,6,CMP-16,mobile
9a7b0696f8ae3e7efff99b92711d3fbf,500000008,4,CMP-07,mobile
a08414782e014895c1812d653b622b81,500000002,3,,mobile
a4403a24d23c3d4a06fbd65e14f823f4,500000001,1,,desktop
a4f6f9b8a1aaee16b0b71e67eb95d660,500001182,2,CMP-03,desktop
ac696f932f74258ed456a7a176972433,500000024,1,,mobile
ad1c180962d5114a06d2a820275fd848,500000002,3,,desktop
b36bd35a2154001ae0bfa6ff2c16f85a,500000001,3,,mobile
b3dc464e446f17457bbe76b1233bc61e,500000002,1,,mobile
b58a6f2dfd0402bb977fd4a5cfefc8d8,500000002,5,CMP-12,mobile
baca066cdfbf691b7c19e9b449e85ac6,500000004,2,CMP-03,mobile
bb2c49780769ac4f96ce750c0582035c,500000080,3,,mobile
bbea39f93d11cf41fed33c0f0d7e08db,500000002,3,,desktop
c2f6d4e024ccf59211df7a8ee568462c,500000001,1,,mobile
c6afb7ea0a4d4867788b03e9161ece97,500000003,4,CMP-07,mobile
cda7087cdfd9c000380f9d32e9dd0bf8,500000080,6,CMP-16,mobile
d530e802614e3be0800dd8322825c023,500000006,3,,mobile
dc4d2e46a331c1b1716256d2b2eae0eb,500000002,4,CMP-07,mobile
e3345ea576070dbc7685d7297f1401f7,500000001,2,CMP-02,mobile
ed525394fa5b79699845ac73aa304c1e,500000034,6,CMP-16,desktop
f064624f0c306825692d038816da2dcd,500000001,6,CMP-16,desktop
f2e119febecb08a9a82a948831b2a431,500000021,2,CMP-01,mobile
f3e6f877fa0e9d658acb27f7464af4c4,500000001,1,,desktop
fbe499d05d821cb2df50d05d5ddf9d2f,500000001,1,,desktop
009f8e3e1453342a4db2b9355244aefb,500000003,2,CMP-02,mobile
0694f8216c0d2cc00228a99f8ffbb9ef,500000132,3,,mobile
06a9a0f8ff4478b848ff24c8df6fa3fc,500000002,7,,mobile
097a7e1567da15e441ce29f146efa2b4,500000024,3,,mobile
0e1337bc308210ec4066ec3cac2b9e81,500000048,3,,desktop
10cb329db9760556cb3bb8b09f09103f,500000001,1,,desktop
16070f344d87ddbf604f7ec33d74beb3,500000496,3,,mobile
17ab4738d9690139ede9ebf950505f43,500000101,3,,desktop
1889c10dc305914988daed4c45bf7877,500000006,2,CMP-01,mobile
1ccc53b1b5282d04d91c5b40c1cc7acf,500000001,2,CMP-01,mobile
21352ea18d14949f80054ab0e55906fd,500000316,7,,mobile
2c9cd1d2dafb73963670bb001d6d2e06,500000001,1,,desktop
2ced91996ae893fec7e130ec5af335ad,500000002,3,,mobile
2dbdfbf27bf9d1d9d7887252d6f33c3f,500000002,1,,mobile
32b856c73b17e98f66a6da6969951026,500000005,1,,mobile
33f37c6d535ed47562d3401dacfda1c8,500000001,5,CMP-12,mobile
364c76e8db240fdb1b4a5d72808deef7,500000050,1,,mobile
364df52b53ef8a8d0ab36afc8ac08ee5,500000012,1,,desktop
38781d95d4e4bfafd66070af1fda239a,500000003,1,,desktop
3a761fdc2dd9bc5b1d3baca1bb5f8739,500000002,4,CMP-08,mobile
3bab383d68bfb1a38fe3f1b07af91d82,500000019,1,,mobile
484f907a726f0ac55d17375a179e3d98,500000002,7,,mobile
4acebd29ce79e7c73e87b21a56d439fb,500000007,3,,desktop
4fced8598b38422bf33c759d8ec8f0cd,500000016,5,CMP-12,mobile
500ecf14a61c39613af1dbfd6bfbabc7,500000010,1,,mobile
55e46ed9addcc4bde0bf1ef5f9a591cd,500002884,3,,mobile
68b4a3961e598386696e8d8730cb92a1,500000001,3,,desktop
738f997b1b80f581a7b6764fcb8a61bc,500019253,2,CMP-01,mobile
7b5b575ad586d62a0dc138a22e3cc829,500000006,2,CMP-02,mobile
7eca8dc33b070a932ed9018cf28c0147,500008645,2,CMP-02,mobile
8180c2efddf3fe08a190a831e06feb7d,500000139,3,,mobile
8b8a2859effb8d451dd61c02c59eec63,500000001,2,CMP-02,mobile
8f255deee0456f5b69f3e4253beb04b1,500000003,5,CMP-12,mobile
9537276d114e9e6397b686c23e0e4c84,500000001,3,,desktop
9f21822a5f56a7e43f99db89854fb1a7,500000001,4,CMP-08,mobile
a21fa15d33c91df70a221aee32dc4a4f,500000002,1,,mobile
a3705a4561519721bd5cc506ed7b52fd,500000001,3,,desktop
a70470c73c9001c5f366f01f33972754,500000001,2,CMP-01,mobile
aef1f1bf9370ae444c28b0a6d19b8f32,500000001,4,CMP-08,mobile
b0c8751ce073b8b48b7e9a3d8b891d33,500000002,4,CMP-07,desktop
b3ad4ebce767d5956f1e4ef1fe1c4aa9,500000001,3,,mobile
b4a1413caf40938e6c57c84a9ac096d4,500000022,2,CMP-02,mobile
b6c6cefeb0a01e0771a4f2a8e333692a,500000001,1,,mobile
c21274c0f79a445fd56d92f78f69561c,500000006,3,,mobile
c62111cf86c08f2b662ccebc627ede4f,500000001,2,CMP-03,mobile
c8050df6e1a55e1aef19a0502bc05bae,500000004,5,CMP-12,desktop
c8b5c64113a219433049f8ec4301e13a,500000004,2,CMP-02,mobile
ce0ef2d37bfbce5976aa1a0e098eb65a,500001674,1,,mobile
dd16afc8ff9e6f246d46b88ebe526d23,500000001,1,,tablet
dd3fb8108f42741e4cf5a0f8e52f303e,500000001,5,CMP-12,mobile
df4eb802c241303f7693b343ee3a15d9,500000002,1,,mobile
e09b4a41bc441aabb000667a6987606b,500000001,1,,mobile
e50596fccbf4e1968540bebee6112a19,500000001,1,,desktop
ebeec74e2a5cb29d78ff6127289c2efb,500000008,4,CMP-08,mobile
f5bc94846431a071ae03383fa14fc74e,500000004,2,CMP-03,desktop
f93e96b0eaf689cc154d34a7fe854457,500000007,1,,desktop
f95f796d6d058a65df753f443e86e5a1,500000002,3,,mobile
ffb1a2dc0e4ed3e23f02e08ee2d016f8,500000001,7,,desktop
02dfb787888c2382b53c84455fcf1f19,500000001,4,CMP-31,mobile
06089cfd9c4ef93537680238cba7ff3a,500000007,2,CMP-29,desktop
0638998f1aa539593a01f13ad96336fb,500000001,3,,mobile
0bd23f9376792d7ab70c280a1e9892f3,500000002,6,CMP-16,desktop
10d61ce955dbec35c97f3be555122009,500000004,5,CMP-12,mobile
147124ecd615de7af651a1998e105b4a,500000001,1,,mobile
1658dc3e2b2b201d04ba888dd9f9bcba,500000009,2,CMP-29,mobile
17f78e2d338d4f1a58d5193a6770d066,500000002,3,,desktop
1a402e5c5b85ee42245fe0129840ad5b,500000004,3,,mobile
1cce86a4334d971034998f2d189773b9,500000005,6,CMP-16,tablet
1ce044bccc9da2a37ae14bedc78e6272,500000020,1,,desktop
1f14adbe63df5abe9caabf05c89bc4ff,500000024,3,,tablet
20d9844ed4b6cbea05a9d4dfd53f873f,500000103,3,,mobile
2570ac4091402d7460e40b8fda647699,500000001,3,,mobile
2c6db5402afa66a860dae5a07eb90633,500000967,3,,mobile
2edeb8041a074783ab1564d492bce674,500000001,3,,desktop
34de7befc3bc04e331ca81d3fa3ac8af,500000050,1,,desktop
3646b5df6e7668c66e3b08a3a408d7e5,500000041,4,CMP-08,mobile
4451710523c384c8f9287eba9e961de8,500000024,1,,mobile
46ce7e6fa4722fa6e3953aa3e4e49a4b,500000002,4,CMP-07,desktop
4889cff93c8f12fc0f65f7ce01e2a23d,500000001,1,,mobile
49c59f05938f08376d829481c9c44c02,500000004,4,CMP-07,mobile
4be78597438eec92940c8106dc41743c,500000003,3,,mobile
4f5a2e1977e2529e5148370cd36efccd,500000001,1,,mobile
4fb527d9f0a5b0202e08c4e465e5b0b2,500000005,4,CMP-08,desktop
52b6026da910d42b549a5accfd6460f0,500000004,2,CMP-29,mobile
5304439d32ec4243b1c2bbd15876295c,500000010,3,,mobile
5654792284443b690bdf9b19da0155a1,500000006,5,CMP-12,desktop
5813eb7e2279b9c6fb4007b6c0bb8d01,500000001,1,,mobile
5e5580bdf6bf31e265515b7810136e7d,500000001,1,,mobile
5ea3b697288b0492b30b2891d3ec3c72,500000018,2,CMP-02,mobile
6ac21387954d00e0dd20c91f7c907bb7,500000001,3,,mobile
6c54f829a5098c0173058de4a6d520c7,500000001,7,,desktop
6dc15de29f030cf0b4c831cd70afc3a5,500002833,4,CMP-07,desktop
7171571104f0a8c6590cb8a08e161c3f,500000001,2,CMP-02,mobile
738f5716c5aa4d6462cb90a46b7e8263,500000004,1,,mobile
7664e90692a770541899d950c7b7b6d1,500000001,1,,mobile
7dbfba5a69657aef27e7574e29019a13,500000001,2,CMP-29,mobile
7f99ab2454df51dd4a4a8040dfdfd7c5,500000002,5,CMP-12,mobile
7fc2f547966747a4c2540b3426a8748a,500000002,1,,mobile
81dc353b897e3cea33a307da3af12176,500000003,4,CMP-07,tablet
837ac8fb7b98cbd5a03ca15dbc1a92dd,500015891,4,CMP-08,desktop
888f59132087d3930c9f4fa282bea21c,500000002,2,CMP-03,tablet
8eb02b94a1be660cb0718ed8ad526c09,500000007,3,,mobile
9159104c42e71265012b2e41eed03122,500000001,4,CMP-08,mobile
9622e5358af89ba7cebd42b980ad27a4,500000006,4,CMP-07,desktop
96386dc10d5d7f6d724953112d7f7cf6,500000001,1,,mobile
994e6c23fffe944c7f0b4057f0db5de4,500000002,4,CMP-31,desktop
9accea1426c7caba190bd8eb07f5c00d,500000001,3,,mobile
9c0125bd980ba3ab19324705b6037717,500000001,3,,mobile
9eca6806c928e81540b2408a94d173dd,500000006,2,CMP-02,mobile
bda5a9126629476b2383351226b37c0a,500000001,2,CMP-02,mobile
c1a7ba28bccd8eebbfafdc88ad61f8ae,500000001,3,,mobile
c263e7f8c1caf8cc2c9f0e78b4d31d46,500000028,2,CMP-01,desktop
ca0912a69efffb212e0d237420415673,500000003,2,CMP-01,mobile
d478816798ffe85bf7ad61ec7bcc3d1b,500000080,3,,desktop
d4e0ccae9c8d0185a7c1fdf48a57b161,500000003,1,,mobile
d9918e212b6a86e8dbeaf5222028157c,500000001,4,CMP-07,mobile
e4f228f8d365442310b750b48477f737,500000001,1,,mobile
e5c52392957dc765b09376ce3f7a9837,500000003,1,,desktop
e61e1df675f3cf256bdbec56c96e0a32,500000002,1,,mobile
e9f46940f8d83ba3114136c93197c452,500047212,4,CMP-07,mobile
eaa07658c7f2276a2fb7e4e4a4e18364,500000001,4,CMP-08,mobile
f4f9ff712e1a69941d4e41649e914257,500000001,3,,desktop
f5b4171d7abd46deb242bf945fbd7a4c,500000073,1,,desktop
f61eeb2e32fec5ccb519ec2a65ef3034,500000001,1,,mobile
f6204ec01857e7e55842282e502dfb3e,500000001,1,,desktop
f8c116b33340449f04a2e00eeb8385ed,500000023,2,CMP-02,mobile
f90d787ae43f5719a220582715a0ebfd,500000001,4,CMP-07,mobile
fbd39c80f4d99b73d33feb755580bb68,500000003,2,CMP-02,desktop
fc7cceaa1cd7c5b0328115dcfe90455c,500000002,5,CMP-33,desktop
fe5591a2ecc435832ea08a9e2db941e0,500000062,1,,mobile
01962ea35446fdb1c9804b14c6405934,500000005,1,,mobile
01e16b492beb20b0a8bcd4434bdaadd3,500000002,1,,tablet
02da8489015ceb20cf556326a5e78c57,500000001,2,CMP-03,mobile
03e8103fd5374642877b83ae6f8d27f5,500000004,4,CMP-08,mobile
07c9e978f8272871d5a97f9803b7a1fa,500000001,3,,desktop
07f78b5be39c0dcec57c52e14ec67dce,500000002,7,,desktop
08324f6715b54855589b3b2027a0b372,500000001,6,CMP-16,tablet
0ba8034d4d1e9fb255442e6fd347d452,500000001,5,CMP-12,desktop
11e30b89adc743167d6ae8f481b8a5cd,500000002,5,CMP-12,mobile
161130a3ac67a8ceeddc59462a7ea8b7,500000002,1,,mobile
1cc866096c6b176545c6dbee5957df5a,500000001,2,CMP-01,desktop
20fcbd938c19dbe70f39dcb4d712c4be,500000015,5,CMP-12,mobile
34d5edc54b6fa9aa2c6d79a4d6f0d926,500000048,1,,mobile
3b77a7751015a9a7139859f3e025a690,500000001,4,CMP-07,mobile
46af9fbbf666212ce4dd5b109624c50a,500000047,5,CMP-12,mobile
4d072450aa5740a202ee6726758bde1d,500000011,3,,desktop
5be6bd300bb3273a257d249ae27f9022,500000001,1,,mobile
666dda61347bdae6d1e2f64b5d345040,500000006,6,CMP-16,mobile
67935feaf65b90fa00d7087667bc0491,500000060,4,CMP-07,tablet
744175f04049b67fb9e2fd0119077040,500000001,3,,tablet
75f979de52b7076c0f0a93df4e6a9c6f,500000003,1,,desktop
807d84eea67d06547770acc4787c34cd,500000001,6,CMP-16,mobile
81314b72101ca06ee348414f869955c9,500000004,3,,mobile
88c968ce6f54733a1818f1bae0b814f3,500000003,1,,mobile
9168cd42754851463c01113e7521e470,500000005,3,,desktop
95eac35819d69da94415a1b4456eab53,500001896,3,,mobile
960dc3e41a196c054623a5bb294a7185,500000002,3,,desktop
9d09eeda4d68428e8ba8a6ee3d1eef21,500000015,6,CMP-16,mobile
9ed73d5ae8996901ac45b4f7d9443cf1,500000001,2,CMP-02,mobile
a979f58f93ea92aa60a22f883bacacf0,500000179,4,CMP-07,mobile
aa3f0f90332768a99e21cb65b3d82423,500000002,1,,mobile
ab811a845810dcc0bc9bb65ab8e67e9c,500000215,3,,desktop
b115979b833dc8592ef4929ca15de773,500000011,3,,mobile
b5c4137d983ab5f2e1c6b3f9582d9e86,500000018,1,,mobile
b80b50315e243ff9a1d63159ecee72cf,500000001,6,CMP-16,tablet
baecf5adf59e153c143e05ae3ac65535,500000006,5,CMP-12,desktop
bb309126ba362bc70d297c2151953b4d,500000006,5,CMP-13,mobile
c64b0c15257b611558fe144eaf036132,500000001,2,CMP-02,mobile
c97cc4c6b51c6f33601cd9f433739baf,500000002,4,CMP-35,mobile
cbad1af52674e3c16bb4871c93de15b0,500000001,1,,mobile
d2b483aa9658db3e7847e39fb2d82920,500000463,1,,tablet
d604bd22de6ba7322be9c8eeb6bad2ab,500000003,1,,mobile
f0dc1658f1cd1e9c9f94a22fb704c4c7,500000004,1,,desktop
f9596a22de1275d61161f115cefcf4ac,500000001,1,,mobile
faa7a38886ee09067c55f7c297d66197,500000001,1,,mobile
0089cb0196b7beab617cdfa9d4c98ddc,500000003,6,CMP-16,mobile
06621574eae85c9c4721a65ba7dd8063,500000008,5,CMP-13,mobile
07269e96e6cb05a56f11056539228ecb,500000318,2,CMP-03,desktop
0d4b191c6e0b07eb205e4607e2c7e138,500000003,1,,mobile
144204505d0829689948879100f78ae9,500000001,3,,mobile
1a5f7bfc6bdc05387a973f80d0770915,500000001,4,CMP-08,desktop
1a6c3d8d04176ba09122d0cb1e4c9908,500000001,7,,mobile
1ec20dfb1440373f1d05321e65e8c879,500000002,1,,desktop
24d8fe688ee2ccac4574633a00c86e13,500000220,2,CMP-02,mobile
25e64f5f3c91d0be07668bcdf60debfb,500000007,4,CMP-08,tablet
2f147a29d3e834690b16dfb6adca551f,500000001,1,,tablet
3394bc82120f5f558edd4e0a228ec4ab,500000001,2,CMP-02,desktop
3492d7d07506e152e9218c7c4ae2a118,500000007,1,,desktop
3920b90aad7170b0b7cd0b2b27ebeaab,500000001,1,,tablet
40da6c76443388c5392793c9859f3859,500000006,4,CMP-08,mobile
40fd7ab78c8e3255ddf693a2a8e387c3,500000001,1,,mobile
424d16f393605e742f73b04978d78927,500000001,5,CMP-12,mobile
45527264f42cc5b5cf3bf0a5f069dac5,500000002,6,CMP-16,mobile
461e7336e02b9b849aef0bfaa35dae72,500000001,1,,mobile
490f682f202b2e7b6d8c9dc122139f93,500000001,6,CMP-16,mobile
4eb21e78aec9be4e2647c51aaa399d1f,500000001,4,CMP-07,mobile
527dfa7592c74375346119ff2847b702,500000013,3,,mobile
53547a5b9590baff281816afeb5b5277,500000002,5,CMP-12,desktop
568e089974419f4c41de7fa1bf903d2b,500000001,3,,tablet
5bd0e338844f2bed347aaffb605174d0,500000156,1,,mobile
5f14527b8515b5dd6521781997956b69,500000001,2,CMP-02,mobile
619267594badc33a861e7b0dd4128785,500000001,3,,desktop
63f1ce312c9dde74301689f134bb280e,500000001,4,CMP-07,mobile
63ff4effdbe1a38ea23bb175a7514e37,500000001,2,CMP-02,mobile
64d6833d11fcfe1c754177d787e4d51e,500000025,2,CMP-03,mobile
6e888aaa94ef69cf973bfed126286faf,500000007,5,CMP-13,mobile
6f23075576addb62b1bee6a7006ef33f,500000010,2,CMP-02,mobile
757609806625c74c39ea8722d41651d8,500000007,1,,mobile
76b28a37169c6ec364f6046a0e188c28,500000027,2,CMP-03,mobile
7d9ce79c28f81541e02568b59d86a1dc,500000002,4,CMP-07,desktop
815fddd96b3dd4c29e3653e149df4e00,500000014,4,CMP-07,desktop
8459ec49bf36e4445ac238e010458a74,500000001,7,,mobile
878aa70517e3c99136f7c04197fe844a,500000011,4,CMP-07,mobile
8d886fce4fac7fc7c6d4188b8f444c71,500000001,2,CMP-02,mobile
8f7a0b93d22e924d58533745cc30ca8f,500000006,3,,tablet
933f4387e974603d1bf805327e023bcc,500000002,4,CMP-07,desktop
9c2ecca75775a95248cec90c85abed8c,500000001,1,,mobile
a2886c0b5d84d234019120d14f591bff,500000001,5,CMP-12,desktop
a8046922dcf1e2edbcd8854cf777e218,500000001,7,,desktop
adb3bc87eca7140a8706b6739705798b,500000001,1,,mobile
b4017aaa648308a644187189ad47f482,500000001,2,CMP-02,mobile
b5c5e3cabfe64530c81da1d60c5907bb,500000003,1,,desktop
b987f9fee7f5b2b29143e23f5eb5c159,500000032,1,,mobile
bb8273d1def1c28805b90035d26392c6,500000001,3,,mobile
bcf55e3bc5dcc27ad49b1f91bfe7036c,500000001,1,,mobile
c63d55e15e5dc256c75cb11f19078309,500000188,3,,desktop
cbd68b72425ebc839eda9b6e77358ec8,500000004,2,CMP-02,desktop
cf825e55403bec9d0dd6f9e7ca75f43a,500000004,1,,tablet
cfad41c92a82e7e5de24223f5825a7de,500000001,4,CMP-08,desktop
d6205b5a891f79e3dc3ab3adaf1366fe,500000002,7,,mobile
d71a1cf07594fa45c7c4a6418021032a,500000002,2,CMP-03,mobile
dfad176149658c822e7a6eec100ec803,500000003,2,CMP-03,tablet
e075d6c293e142638793c34c5f3cf131,500000006,4,CMP-35,mobile
e0cfe1dd808b2356289f8c20e895fa72,500000020,3,,mobile
e66e6874967b580e664103ba17e84bfe,500000001,2,CMP-02,mobile
e9f364bc54b76317ba225366b3c598fc,500000001,2,CMP-03,desktop
ee50e2b420d968cb1949d296b1c17178,500000001,4,CMP-08,tablet
f1e854d6a31fcc0980baa65079e82ae4,500000015,2,CMP-02,tablet
f5c96980272ee7a4b67d020a6da7a93f,500000001,2,CMP-02,desktop
fbe229db33bf0a1d21cffefa76a8d20e,500000001,2,CMP-03,desktop
fbf682868110aebbd7041a0699a34799,500000001,1,,desktop
fc6269237c62dcef1b7847296f93e39c,500000001,1,,mobile
ffe30e608de8e90da26d2fbd02839893,500001989,2,CMP-03,tablet
014bdc73b49d408cabce5d99be07362e,500000001,5,CMP-12,mobile
0163c73a6ce84d96a3029d269d535273,500000001,3,,mobile
03d32aa8886c4852ae7dc057f6c34947,500000001,1,,mobile
06c6fafacaa640f79c15300d3044dba5,500000003,1,,mobile
09350d3a9c1847e3a01610a562ab8071,500000001,3,,desktop
0b0c62b26d59428c96407ceac7f3e3e4,500000001,1,,desktop
0fa2915b0bf44ee69dc006efdf335fc9,500000001,3,,mobile
1377f28f223547138ce0c24788d6e743,500000002,2,CMP-01,tablet
1418c7d5cfe54869aa9dce9aab116bad,500000003,3,,mobile
1a64d55ee43d4decb6329ba8e812f444,500000001,5,CMP-12,desktop
1d6e94fa798544d7a0eddaff19f908c6,500000016,2,CMP-02,mobile
2266358bcf3a4d02951c8073cc9e051a,500000001,3,,mobile
26d713ca61a643f58d86dd2bac531fbd,500000059,2,CMP-02,desktop
2f87a20fe6ea4a37b5f0cabca81abe12,500000037,4,CMP-08,mobile
373138793fd94e4285ad9591cefa21df,500000002,3,,mobile
3927b322f3d0467cab6ccaacc833386e,500000001,1,,mobile
39c9ea8e8b994f20b627d7435f21e6f2,500000001,6,CMP-16,mobile
4915a0a5e9614ec2bf4259fb3c2fd008,500000002,1,,desktop
4b09ad6b8ef5450285647a474e3dbb4f,500000001,7,,tablet
52c98147d3604e359e3bb43f1018c82b,500000012,3,,tablet
56efd1e12bce43d389dfe4c99b366b42,500000018,5,CMP-12,mobile
59d79cc711a24e5b9316a20ddf6405ef,500000001,1,,mobile
5a9b33de08ae467f85e7325aca1f976c,500000139,1,,mobile
5ac1df38bc3d47829b7b1e795651a92b,500000021,3,,mobile
5ce1f6edf9734e0f955352bad2f0a042,500000013,3,,desktop
5f084adae9d44da685a526d117ac4599,500000001,2,CMP-02,mobile
62439de37be049f8964c76e506d0aadb,500000002,1,,mobile
78415f997d6f4e2f9ab6af7ca633e3be,500000001,5,CMP-12,mobile
78ba23104e9d49dcbd7fa287629dd816,500000003,5,CMP-13,desktop
7911a9c863f7407bafaa739117275be9,500000001,2,CMP-02,mobile
8cd6e2e9ae384bb6a38221a1b178e4d1,500000001,1,,mobile
8f370584153047d79e2cd0004d40536f,500000107,1,,mobile
92aa829c30a44b6eb6f274ae5231053c,500000002,5,CMP-13,tablet
9902e5f4cd554ea3a50dab1eaf011a0f,500000001,3,,mobile
9b42c34f23d14bcc90f53f0475105f06,500000001,1,,desktop
a3c52378e8f34316b6c6634be1c37cef,500000001,1,,desktop
a6a13b1f3e7d4acbb9553f6119d7c284,500000001,1,,mobile
aa67a6a220b0463dafe1e66a80d25a3d,500000001,3,,mobile
b43e938b195541dc9e9a4c3eeb9c61fd,500000008,7,,desktop
b44460c5b5ce4775b4fe7dafc216c8b4,500000001,5,CMP-12,mobile
b853ec266b164f549132c4c96cb6d7cb,500000002,5,CMP-13,mobile
bb397d3dae454236b79afb28867c8414,500000003,4,CMP-07,mobile
bb5749d5e08e457b8c3f4f3bc0c4b0b5,500000001,4,CMP-07,desktop
bdc9a654ada342ce8547999ba36e7015,500000007,1,,mobile
bf002568e39b48a28eb57e6ab9ec5b27,500002752,1,,mobile
bf8dfb0b535c46a79bb2a3e6afbd4cb7,500000003,4,CMP-07,desktop
c2566591b84b4560ba83d876d30297d3,500000002,3,,mobile
c5df1afca3c04445a1246f59452a0a85,500000090,2,CMP-01,desktop
c6db2e3b30eb4a6c9f5ec77ed7d3c459,500000078,7,,desktop
ca8ef9a0b14f45aebb3ffe104cae9743,500000020,3,,mobile
d578611e437b48259cd5612b5339deef,500000002,2,CMP-03,mobile
d82b6170e9af4854b4050eb5a0122d89,500000001,3,,mobile
dbe62fce81e5461dbad31eeeb7425f0f,500000003,3,,mobile
dffdc04e0f014e969ffd676ea9692162,500017212,5,CMP-12,tablet
e00c146db71448fd91ec56f9b9b66cf2,500000009,3,,desktop
e0dd91ab360c423e8d3e7472081c763d,500000010,1,,desktop
e1155f5279ef4c879044c89cb65b0e26,500000002,4,CMP-07,mobile
e40a9d37ac6e445db48715c1d8b93bb3,500000011,2,CMP-03,mobile
e9349c199b564957b5c85cd6ff3f9875,500000054,1,,mobile
f8c1d89180744e589d0e6d00f1ce7da3,500000002,1,,tablet
fe1304da9e774c0db78204d7671c3c48,500000002,4,CMP-07,mobile
05225776a296431f85f305f3e8e32701,500000001,5,CMP-14,desktop
090eb800f6614761b897563963a804d1,500000001,3,,desktop
09bdea5212744883b8184a748af90dae,500000003,3,,desktop
09e2fda953144761a336728c86b64988,500000017,2,CMP-02,mobile
0a3f82cfd7f74e4c8f9cd7aea7eab895,500000002,1,,tablet
0a8eaecd25db46a18626beb79ef9b9b0,500000004,6,CMP-16,desktop
0b9f96c1bce44de7ae339165ab6554b8,500000001,2,CMP-01,mobile
1e85efbedf8d454dbb2c8670b6d2b8fe,500000004,1,,mobile
20f9284b2cd745d895dee15d9db29288,500000245,1,,mobile
24e2200c642743349f10c32f45439597,500000001,7,,mobile
25798ea18c124e18984617b974df5130,500000001,5,CMP-13,desktop
27163a21b45a4a3ca7dc9e207f723d75,500000043,4,CMP-07,tablet
2787e26151f84c16812176456a9703cd,500000001,2,CMP-02,desktop
27d0b657fb67437cb2bc6e7c100646ea,500000001,2,CMP-02,mobile
2a92741c9c644dbfa56222d5d53b22a5,500000008,2,CMP-01,mobile
2d4650ac28af4b80b52ad528912f7006,500000013,2,CMP-02,tablet
2d91f8a3dcb7424ab46205420779d437,500000001,3,,desktop
2d9c7042aa8a4bc1995b123b0aaf9003,500000001,1,,mobile
2f99dad7ebce467ca41bdc59d8d7777f,500000001,2,CMP-02,mobile
3492cbe35e3f498fb5d54b2a16d62d65,500000001,5,CMP-13,mobile
36c9c9b681fe4a6a90e001870ff21b46,500000001,1,,mobile
3b5e85ee13bb409f9369054b1ef41b03,500000005,3,,mobile
3cd013a154d645daa1c04dada297f018,500000001,3,,desktop
467da6138b1942fc974fc2a7a08db937,500000004,1,,desktop
46d5fa0a28924cae9de76ffa53117293,500000001,2,CMP-03,desktop
46f12029940e4e93a17d0a7cd0033053,500000871,2,CMP-02,desktop
4c603147d9de4c6cb34ceaea5608f021,500000036,4,CMP-08,mobile
54e04c0f21f448e1b6e5217475b59eb1,500000003,2,CMP-01,desktop
5e75a33837e6474e849218c0b8366008,500000001,2,CMP-02,desktop
6523981830b24a0dbf6c76539310681d,500000079,4,CMP-10,mobile
65cb0d9031904c4b8514567729239430,500000001,3,,mobile
664beb57e6a24b80a29077a634592bc7,500000001,3,,mobile
67c59cccf709469ba2d3bab458c51522,500000001,1,,desktop
67fdc0145ff64164a502ff5b681f753f,500000001,2,CMP-01,desktop
71c78258ad6b47af8a38eb8682bcea47,500000002,2,CMP-02,mobile
75f1c7d4aea042e8a33865ba6345f91f,500000001,1,,desktop
77a4d2c078774dae9294d0c2d3bb3609,500000200,1,,mobile
77e7c05999414443aa3b89b008309980,500000001,6,CMP-16,desktop
7c7b97422e6744589e3ce3b2ce064d66,500000001,6,CMP-16,desktop
7d11e66dd3e84d4c983881c8bc5d796d,500000001,2,CMP-02,desktop
7f4dfd92f7c1480bb1b59d7cb042f527,500000004,2,CMP-01,mobile
81f31b9a9b964c03ac58607c0bf18aca,500000002,1,,desktop
831a6a6419bb4ebab85db8069011a133,500000026,1,,desktop
8a3bf17a19b14068813f03b0f36ddfcc,500000001,1,,tablet
8b5816da5ee842b1bde031185b39a6ec,500000001,2,CMP-02,desktop
90ebfb98108349a7a4744c3dcf542008,500000002,1,,mobile
958b08ccb7a44447935956303004b23a,500000002,1,,tablet
9df076d28e704aab856a326320b8911e,500140905,5,CMP-13,mobile
9f36f9e0949e4664bb40cba2e0368827,500000002,4,CMP-07,desktop
a1a74af560144ef98b5bb6f60a05e676,500000010,2,CMP-01,mobile
a358b10d2d3f495888107a9e77043fcc,500000834,1,,tablet
a661ed33a08f4d9aa1dfa6eecb9f9a04,500000005,1,,mobile
a6c3d027bd704e6a81904168c0387311,500000001,1,,desktop
a8b50c4599e4461083775e0f5483cb51,500000004,3,,mobile
aaa3700260c646b8b570de7d3dd62582,500000001,7,,mobile
b417c55b020a4a6f9a0ec05d6edf49ee,500000001,4,CMP-07,mobile
b466c35d78d24d4cb6d396801e3c71fe,500000003,5,CMP-14,mobile
bd6c72ddc7f048e8842d2d28bec30935,500000317,3,,desktop
c0aa5f1bafdb492a9b182c4cff3a5510,500000003,1,,desktop
c0c1c40028c74b0788909897a74878a3,500000001,4,CMP-08,mobile
c3457e38567d4d46a6f89d68a76a09dd,500000004,5,CMP-13,mobile
c77804c6d6014847a7d52797e73ff875,500000010,2,CMP-02,mobile
d4b03130646040ac94afe4f39e3ce699,500000131,1,,mobile
d6de7a4e99bd44748cd2d45c18307d29,500000001,3,,mobile
d8832adf41df40038d4038d91b75896b,500000003,4,CMP-07,mobile
d8dc84e57e7440e2a15bbdef4fe7bacb,500000004,4,CMP-08,desktop
db3a785903a24a0c83a973ba903723ae,500000048,4,CMP-08,desktop
dc92065ab92b4696be3a9d92426d083e,500000011,2,CMP-02,mobile
dd47a68826464e718ce31ae5fbd80f4a,500000002,1,,mobile
dd679640b25e4a83ab67ffee8ff809e1,500000003,1,,mobile
ddc348f5fe36433cba013e189b350ce1,500000004,1,,desktop
e0c8630520374f4d9bf52c16ac1224e5,500000004,1,,mobile
e1ef781880a84beead0a4d4d9a7b6e63,500000005,3,,mobile
e47e6fcddc224f5c806c123a794fbe52,500000001,1,,mobile
e9655fc3794143cc9d9a65a5e836271f,500000001,5,CMP-12,desktop
e9c98d5e51134829882ffca273e2918e,500000003,2,CMP-05,mobile
ef613e3b23df423fa85ce8a3cee53a47,500000002,6,CMP-16,mobile
f199cda5eed24160bdbc838becce4684,500000008,4,CMP-08,desktop
f620117c1f424afc94c5e70588114f8e,500000002,6,CMP-16,mobile
f6b29069e6484736b4cda1652fdfeb1b,500000001,4,CMP-07,desktop
f9d851833ce643cc84aa63b07aad493e,500000003,2,CMP-03,mobile
fe936c7d2bac41f999962337f1c36c76,500000001,2,CMP-02,desktop
006b1480bba8497a8196ac0c1ef15eb4,500000006,1,,mobile
03a9da551d31459c9ff6144da6f2f364,500000001,3,,mobile
078f11c79980417db655dd36324792a7,500000001,3,,mobile
07c8df4de1e5467bbb36bb36a84e80d4,500000001,1,,desktop
0fd78d53a7794f14a2bf0dca3c53e7e2,500000003,3,,desktop
1120c878198a42cba3e163955de2af72,500000001,4,CMP-07,tablet
199f54c65b374044b949f95bdbcfcdb5,500000002,4,CMP-07,tablet
19b0284fce7f433abcc3950c1b0950f2,500000005,1,,desktop
25626f2231984404aef2e244f1415ca6,500003672,1,,mobile
2d5435f53a7745818529ebd2dfb50fdc,500000015,1,,mobile
325acc51412e44128d76b4ab4ae11ae8,500000027,1,,mobile
3f2ad917575e4f56927ce63698cee9c2,500000001,7,,mobile
4a3474bffb2c46338173e53c4b641f4f,500000005,2,CMP-02,mobile
506cad1543b2471288d26cd01d4cc62a,500000001,1,,desktop
5e0159c631114b388acbdfd4fa68fb3f,500000003,2,CMP-02,mobile
5e8afe5b07904b7f89533f2756a8826e,500000003,2,CMP-02,desktop
60bf7e3d9d4d49689fa69f604961565c,500000003,6,CMP-16,tablet
6fd7dd24acf6436d81fbf11f33b2174d,500000001,4,CMP-08,mobile
735ba86bb44041e3900a474295ab5dfa,500000166,6,CMP-16,mobile
7833c5cb498747a7a8f9e0da4c252f12,500000003,1,,mobile
7996cfac5e474d7f9015204a229811d9,500000002,1,,desktop
7c8e19661a6543049c43ad341fe72ea6,500000001,6,CMP-16,mobile
8034e6c7d0d44150bcfdad81fd8f970b,500000001,1,,mobile
81b389e3de994fdea4b517d42c446cbe,500000001,5,CMP-13,mobile
8a02bcf99b8f47d286e73b9cc59f1218,500000021,4,CMP-07,mobile
8e6deac9bfff4cd7a671333961f98bf6,500000007,1,,mobile
9743e0d5143e4894b0b5f7cc7ce03a17,500000003,6,CMP-17,mobile
9a13d57d963c4c22a118baf3ba9e13a0,500000002,3,,tablet
9da0ba353c41434db65819ed95ea4789,500000002,1,,desktop
9f31c96dced7409486ba8a760bf721fc,500000001,4,CMP-07,desktop
a4b7f04257b649f3be1c866574d8f73b,500000003,1,,mobile
b019b870fc72447aaf78e05268c9e35c,500000002,2,CMP-02,mobile
b72cef82a843478399c5de7b25a26f17,500000846,4,CMP-08,desktop
c3271c2df2ad4033b31702c00fe6dd4b,500046515,1,,desktop
c8134c40d0b649db9b38e6341888c660,500000001,4,CMP-07,desktop
cacfb790ccd445fab3f86081ddfc8872,500000001,4,CMP-07,mobile
d694a334557840d3b0a87b7fd204ba4e,500000001,4,CMP-07,desktop
dd64070e6c3a4b72b37834789edf23a3,500000001,6,CMP-16,desktop
e389ff58e88e48c0a6537eb556dd1637,500000007,1,,mobile
e79b66aa181b4a248042168c587e0fe4,500000001,1,,mobile
e9a48839cd8c45b38d84628fb5674b5d,500000001,6,CMP-17,desktop
ef21a607a0c343da8c4782d2a159fa57,500000046,6,CMP-16,mobile
f2129d54efa046f7a35ca594fb8ea0c1,500000016,1,,mobile
f4ac1276918149a9bf0ebb84c2ca07af,500000001,4,CMP-07,tablet
f5a18872e0d540fe869fb84a0574e38d,500000001,1,,tablet
f7053f8ed0e1478886f63f81ece94f70,500000004,4,CMP-08,mobile
fdab49391a464e67bb67b9c094ac9b7c,500000002,4,CMP-08,mobile
043577c058ab4f12add832483a216e0c,500000001,3,,desktop
043fda5f6ea24dfdaa185164ebfd9500,500000001,7,,desktop
1366a522841c4f1f82c830e0f4b2ce5a,500000003,1,,mobile
1b61a566aa07482fa733305df3ee847d,500000006,4,CMP-07,mobile
1d49684dcb4b40af958d1ace61bc3524,500000004,1,,mobile
1e717fb1253241fb867e39418a9a5172,500000002,1,,mobile
1ec333f07b7841799d5f9fa212d1f10c,500000009,7,,desktop
1f10760ef2fa4d7ba35247372da039b1,500000002,2,CMP-02,desktop
215fa7cb1cb84fb0aa461f540642d354,500000007,3,,mobile
23b0f8a3d6f34f09972255391a26b92a,500000004,3,,mobile
245b437a82a247558ee79871e04d26f9,500000016,2,CMP-03,mobile
25aa98b20d564831acade4187b874926,500000019,2,CMP-01,desktop
2b56e7d8f79a41229847bb49f40997b4,500000001,4,CMP-07,mobile
33d700dd52bf46b298d45cc69fc6fde3,500000001,4,CMP-08,desktop
345513e040384c47b65685dfa210376a,500000002,3,,desktop
39ac9d4a6cd54180b54f694a1d7b4a52,500000001,3,,mobile
432e5c3970524d7593bf605529eb1528,500000001,3,,mobile
4575be17d2bf4134a452056eb414675b,500000001,2,CMP-02,desktop
4a4004bb122f48698688e7bddd5e2a33,500000100,3,,mobile
4f8bc0c6db2c4842aff497a16fcb0f14,500000001,2,CMP-02,mobile
59ceac607a6a4e2f874199488ce80b93,500000016,2,CMP-03,desktop
5e80c318720c420997d46ed6fb1f7e5f,500000018,3,,mobile
66e3ae68698345bbb0b0e3bb686be76f,500000001,1,,mobile
6710637ef3ef4d26971473c0e4b30c6e,500000001,1,,mobile
6b32b90c0654448cb9abf0571af3ef4b,500000001,4,CMP-08,mobile
6e825f00facf41ba9e0736bd573f9be8,500000001,5,CMP-12,mobile
71291cfcfd6741e48501c2ee23df30cd,500000004,2,CMP-06,desktop
714e7d5965214b3aadcbc14e01d46b6c,500000002,1,,mobile
728c17d1c13e4778893593f9109767ae,500000005,1,,desktop
74e64f82e1ae48ffa237cb4e72819d3e,500000001,2,CMP-06,desktop
7b58560d6da24aec96a84b0a0a74a1d7,500000004,2,CMP-06,mobile
80b06afe6e5a419da86f5ec247f32976,500000001,1,,desktop
83cf9f64028c4eb6be4b384dffa3e784,500000007,1,,mobile
88cb3f8f87584953a38cead1a8d0aeb1,500000030,3,,mobile
9779b275c9f84785a8b7fe0fc9c0e278,500000011,3,,desktop
98bf3d7b3315491bb17466052e56dd91,500000143,6,CMP-16,mobile
9a1384db96c341aaa68a84dbf13d3be6,500000001,5,CMP-12,desktop
9b92d98dc20c4e5293bc9b49f341124d,500000002,3,,desktop
9ceb20f9aa3b4e4387eb313b41bd250e,500000001,2,CMP-03,mobile
aeca1856c1634c51b04e1f5ec14c67e9,500000002,3,,mobile
af46fdaa49284cf98b0832eabfd3a2d1,500000001,7,,mobile
b1730e2ff1ca4f9eba14b41b0f141696,500000002,5,CMP-15,mobile
b31258b6b6c7410db772cbfa8c10af54,500000001,1,,desktop
b87d506f792f4175bebbc8c713cb72ae,500000002,2,CMP-02,mobile
bdae94f54ba14c87bd3c104c1b206e6a,500000001,1,,mobile
bdd8a73a33414389b95492dd3167c7cd,500000051,5,CMP-12,desktop
bfa2b8b83aa944cc83b4bde1900f4895,500000005,1,,mobile
c0d656ced4a449f8bc37ac12e3c8e135,500000002,1,,desktop
c7d8909bb5f349ad9dffe4177c7e3967,500000105,1,,desktop
c803857badac4a0fb56b4d50f947dbe5,500000006,4,CMP-11,mobile
cc04a929ad2c468bb2918bd6425615d6,500000002,2,CMP-02,desktop
d20a3caddc2c431d92f2452f93feac44,500000008,2,CMP-02,desktop
d96166fb00654bd6a04816007fa43e9b,500000013,6,CMP-16,desktop
da17b9404ed645a6b44fb7055e6d5994,500000003,7,,mobile
df2e9028c7c94158834613b3f6e60a04,500000004,4,CMP-07,mobile
e028426cc12842839e9ae37bd0541f83,500000001,1,,mobile
e1ca08b11f034acba53c6b63a934289d,500014609,1,,mobile
e6d569ab8f2642dab1eb9808eaf13c9f,500000001,6,CMP-16,mobile
e7f3d012c55f415aaee882b4269ad2f3,500000014,7,,mobile
e8bbdb4a99534052b853eb076be282d3,500000003,4,CMP-07,desktop
eaa4e609a2904b869f2d3ac0d1d362fd,500000001,6,CMP-16,desktop
f32fd1618ba34b049a5ddaf0fa4c1aa0,500000003,2,CMP-02,desktop
f8fa74473bef4a22923b8ba0eefb91c8,500000074,2,CMP-02,mobile
f9acc1bb8c414cf18b3cea50b1ba299e,500000011,4,CMP-07,mobile
f9d8e55aed1a45a499a20165901d150a,500000001,4,CMP-07,mobile
02047c5f563f495d9a391a4a1294c544,500000001,1,,desktop
03d56fe5546543ca8d962871dbb31b73,500000007,3,,desktop
05cbbb87d23d4565b183b62da86d4980,500000003,1,,desktop
08d299f92f664390942efead39b0e30e,500000001,6,CMP-16,mobile
0c0735e5ea0d4a1ca54178ff68add2a5,500000014,2,CMP-01,desktop
0d72b037182f4ee589e9c9ebdb3b57cd,500000029,3,,desktop
15e3bcf148844a508d43a570bd5d0580,500000008,5,CMP-12,desktop
1894ac22a7b942f6be7373371ee92042,500000001,1,,mobile
189c411aa2de44c68fdcb2e919d76492,500000002,1,,mobile
1a209a00ca7a4fa3a6e96688c131e773,500000002,3,,desktop
1b6f3aa21cdf4d21954d4956d878238f,500000001,3,,mobile
1d3d7885ed3448cbaab41f2ea9ea495b,500000003,1,,mobile
235911101eca4693b8b015fb3b227e96,500000034,3,,mobile
2a0c0430791b40f3bd47ab7c4a4173fe,500000004,1,,mobile
2b8459b263854c64a8fbc9bfa377424b,500000004,5,CMP-13,mobile
2c3f5c2b20aa4d0b888b2470bd2fd9eb,500000001,1,,desktop
2f049d5217274dec9b1f882cd84aa828,500000575,4,CMP-07,desktop
309f98ec5c594f31a6bab778b7a2caef,500000055,3,,desktop
363ce25e91df4b5ebe4267c5c22d00af,500000029,5,CMP-13,tablet
3685b885f98e423ab2a3e51c72cec89c,500000001,2,CMP-03,desktop
3a83beb66db447a288dce0c4c485d4f7,500000015,3,,mobile
3b423cce1a2e4a76971e71dadf44d7ff,500000017,2,CMP-03,desktop
3c0a11304c874052b618d0306f58dbfc,500000002,5,CMP-12,desktop
57fd0f0489b947629799d0143c18f32d,500000056,7,,desktop
598bb257f6f949d5ae87f4e3655da1f2,500000014,4,CMP-08,tablet
5af211bf72404d308b6624abee38d233,500000001,2,CMP-03,mobile
5cd2b6efbabd4733b783208c3f0ca75e,500000040,3,,desktop
5ce2621d7eef45278cfc8d4438faff41,500000007,3,,desktop
6339a9dc5169442394b19edfc22b79b3,500000010,4,CMP-07,mobile
6503ff1d1d09463185eac0321b055007,500000001,5,CMP-12,mobile
74dc7bac967e47da9354c0b580f75604,500000001,2,CMP-03,mobile
75287b0ede204982b6158a82f292a466,500000001,2,CMP-01,mobile
79245b8ed9f54b32a7ab8d1184e42139,500003011,2,CMP-01,mobile
7b15e200388a4797aa3d8c93bb2d86bc,500000006,2,CMP-01,desktop
7bb7b17c26b34841bccd3ee6d1cdf84c,500000007,1,,mobile
7de15b5361174fe89cae5d9e26c3947d,500000002,5,CMP-12,mobile
8238db98f3ff4c8bad43f14a75c99d67,500000004,1,,mobile
8710f5a0dd2e44baac3e956387a49f8a,500000004,2,CMP-03,mobile
884a30f6e3d84f8a996b090c0998f8e5,500000002,5,CMP-12,mobile
8ddf942cdc224f3e9625ca19dcbf47af,500000006,2,CMP-01,desktop
8f518ecccd934ce1ba3b49563df5182d,500000001,2,CMP-01,tablet
90f79a101ffa42169f6b0ac0d8f86523,500000064,6,CMP-16,desktop
97b587b020c0452dbce63dbed1845974,500000020,2,CMP-02,mobile
a07006404b414c7bb5d9050b7433427b,500000001,1,,mobile
a0a378c7c7ba4c94838029abf4ebf0ad,500001706,1,,desktop
a401771cf9bb43a080eb1c6997174c62,500000001,6,CMP-16,desktop
a5af6260c76e43ab92368c41f36c509f,500000001,2,CMP-01,desktop
b38c9872680940ecbbb77c319a95e88a,500000008,1,,mobile
b4980329f53f4b9abc3d534fb10fd513,500000022,1,,desktop
b73c6ea3cd26499eb60a7451014fb241,500000001,5,CMP-13,desktop
b8644dc1e4984151ba83b99c6072005a,500000001,1,,desktop
baf77037f7024991b7d43703b1a2185e,500000001,3,,mobile
c084655f19f64c1bae5d90ae6f59c6d6,500000017,1,,desktop
c1e4512a5c3b435dba397cdf8cd50aca,500000001,2,CMP-01,desktop
ca4a113ab8bd465aaed4288b5ac9a6f2,500000003,5,CMP-12,desktop
cbb52cf2946e4b5184ec1004ac0d8650,500000001,4,CMP-07,mobile
cbc2495eb1e94fddae0ea3fdd1db872b,500000109,1,,tablet
cbfead80440d4035a583a767cc6b0c9c,500000001,1,,mobile
d0ba58d953f245de84d2857210c1c42a,500000001,4,CMP-07,mobile
d2e042880cb44083a9b2376611fb1c60,500000891,1,,mobile
d3fff4acead642af9e23bb1c7dbfb949,500000003,4,CMP-07,desktop
d8bf83c7654641dbb756a82d3e8941ca,500000001,1,,tablet
dcb76165afc54a52995810ca9f10a1ee,500001591,2,CMP-01,mobile
e0ef7fb2a3bc4c3abfeaef71309908f6,500000006,3,,mobile
e8998481384840d195465d9aaa5c2430,500000002,2,CMP-02,desktop
e8e6987f9430435f9a89c7c5f0a31365,500000006,4,CMP-08,mobile
eb219a238de444858c812eae2291c7d6,500000001,4,CMP-08,desktop
f314835c1dda4c5b9dc16db6395db572,500000078,2,CMP-04,desktop
fe053250805d46e789a60fa70bd27f40,500000002,2,CMP-01,desktop
