ticket_id,user_id,order_id,created_at,channel,topic,priority,agent_id,status,first_response_at,resolved_at,survey_sent,csat_score
TCK0000062,500109133,,2022-03-02 12:48:02,phone,product_question,normal,AG-01,resolved,2022-03-02 12:48:10,2022-03-02 14:50:21,1,
TCK0001256,500119628,,2022-03-20 18:01:35,phone,product_question,normal,AG-02,resolved,2022-03-20 18:03:05,2022-03-21 16:32:21,1,
TCK0001462,500000002,ORD0007357,2022-03-23 09:45:51,social,delivery_status,normal,AG-01,resolved,2022-03-23 11:00:55,2022-03-23 18:16:38,1,
TCK0001672,500000001,ORD0010418,2022-03-25 18:00:30,phone,delivery_status,normal,AG-06,resolved,2022-03-25 18:00:54,2022-03-26 00:55:03,1,
TCK0001745,500008095,,2022-03-26 19:04:02,email,product_question,normal,AG-06,resolved,2022-03-26 20:05:29,2022-03-27 02:47:21,1,3
TCK0002137,500027360,,2022-03-31 12:39:49,social,product_question,low,AG-06,resolved,2022-03-31 13:39:15,2022-03-31 17:18:52,1,
TCK0003212,500005050,ORD0020335,2022-04-12 11:18:08,chat,delivery_status,normal,AG-11,resolved,2022-04-12 11:19:56,2022-04-12 19:05:53,1,5
TCK0003249,500000001,ORD0017258,2022-04-12 15:44:12,phone,delivery_status,normal,AG-04,resolved,2022-04-12 15:44:28,2022-04-13 02:19:32,1,
TCK0004395,500000031,ORD0026367,2022-04-22 11:48:32,social,delivery_status,normal,AG-06,resolved,2022-04-22 13:17:45,2022-04-22 19:07:14,1,5
TCK0004607,500000015,ORD0023134,2022-04-24 09:42:14,phone,delivery_status,normal,AG-07,resolved,2022-04-24 09:42:58,2022-04-24 18:16:37,1,3
TCK0004624,500000003,ORD0027715,2022-04-24 12:32:35,chat,product_complaint,high,AG-09,resolved,2022-04-24 12:33:50,2022-04-28 01:33:26,1,
TCK0005187,500000015,ORD0023134,2022-04-29 14:10:52,email,delivery_status,normal,AG-02,resolved,2022-04-29 16:50:21,2022-05-01 18:30:12,1,4
TCK0005388,500000031,ORD0026367,2022-05-01 14:47:48,email,delivery_status,normal,AG-05,resolved,2022-05-01 19:56:37,2022-05-01 22:25:08,1,4
TCK0005396,500000003,ORD0027715,2022-05-01 15:22:17,email,returns_refunds,normal,AG-07,resolved,2022-05-01 18:46:33,2022-05-06 23:22:25,1,
TCK0005424,500000002,ORD0031704,2022-05-01 19:32:03,email,delivery_status,high,AG-08,resolved,2022-05-01 23:58:51,2022-05-02 02:06:56,1,
TCK0005679,500000002,ORD0031704,2022-05-04 11:57:35,phone,delivery_status,normal,AG-07,resolved,2022-05-04 11:57:52,2022-05-04 14:09:46,1,4
TCK0005773,500000002,ORD0031704,2022-05-05 11:42:42,email,delivery_status,normal,AG-02,resolved,2022-05-05 17:42:35,2022-05-06 10:27:17,0,
TCK0005955,500023685,,2022-05-07 14:13:40,phone,product_question,normal,AG-06,resolved,2022-05-07 14:14:35,2022-05-07 17:14:32,1,
TCK0006050,500061144,,2022-05-08 14:54:53,email,product_question,low,AG-09,resolved,2022-05-08 19:47:03,2022-05-10 04:42:04,1,
TCK0006065,500035825,,2022-05-08 17:34:17,email,product_question,normal,AG-10,resolved,2022-05-08 21:19:22,2022-05-09 05:00:59,1,4
TCK0006655,500000010,ORD0041198,2022-05-14 19:50:37,chat,order_cancellation,normal,AG-11,resolved,2022-05-14 19:51:48,2022-05-16 08:22:55,1,
TCK0007490,500000001,ORD0040200,2022-05-23 19:38:20,email,returns_refunds,normal,AG-03,resolved,2022-05-25 00:28:20,2022-05-30 15:53:59,0,
TCK0007719,500037569,,2022-05-26 10:44:42,chat,product_question,normal,AG-03,resolved,2022-05-26 10:45:19,2022-05-27 14:12:45,1,
TCK0008173,500000001,ORD0050738,2022-05-30 17:49:04,email,order_cancellation,normal,AG-01,resolved,2022-05-31 04:11:54,2022-05-31 19:29:27,0,
TCK0009183,500046848,,2022-06-10 10:06:29,chat,product_question,normal,AG-03,resolved,2022-06-10 10:10:34,2022-06-10 12:53:01,1,
TCK0009284,500000011,ORD0055891,2022-06-11 10:06:28,email,delivery_status,normal,AG-04,resolved,2022-06-11 16:04:13,2022-06-13 18:21:22,1,
TCK0009526,500000001,ORD0051956,2022-06-14 08:12:24,phone,product_complaint,low,AG-12,resolved,2022-06-14 08:12:36,2022-07-02 01:53:31,1,
TCK0009776,500000001,ORD0057734,2022-06-16 18:26:56,social,delivery_status,normal,AG-05,resolved,2022-06-16 20:37:45,2022-06-17 01:07:53,1,
TCK0010544,500000001,ORD0051129,2022-06-24 20:32:56,chat,returns_refunds,normal,AG-12,resolved,2022-06-24 20:34:20,2022-06-26 22:40:21,1,
TCK0010569,500033696,,2022-06-25 08:02:39,email,product_question,low,AG-04,resolved,2022-06-25 13:03:41,2022-06-26 00:57:20,1,4
TCK0010597,500000008,ORD0064067,2022-06-25 11:57:08,email,product_complaint,normal,AG-11,resolved,2022-06-25 13:47:03,2022-07-05 21:45:04,1,
TCK0010620,500042899,,2022-06-25 15:37:07,email,product_question,low,AG-01,resolved,2022-06-25 22:25:44,2022-06-26 07:57:43,1,5
TCK0010643,500000007,ORD0063226,2022-06-25 20:12:02,email,delivery_status,normal,AG-01,resolved,2022-06-26 02:31:28,2022-06-26 12:06:41,1,
TCK0010675,500000007,ORD0063226,2022-06-26 07:33:14,chat,delivery_status,low,AG-12,resolved,2022-06-26 07:36:29,2022-06-26 11:41:55,1,
TCK0010860,500134480,,2022-06-28 06:29:15,email,product_question,low,AG-09,resolved,2022-06-28 10:53:54,2022-06-28 14:37:23,1,
TCK0010985,500000001,ORD0057763,2022-06-29 11:01:11,email,product_complaint,high,AG-07,resolved,2022-06-29 12:35:03,2022-07-11 07:30:16,1,
TCK0011042,500000011,ORD0055891,2022-06-29 21:57:18,chat,returns_refunds,low,AG-11,resolved,2022-06-29 21:58:57,2022-07-03 07:19:27,0,
TCK0011423,500000002,ORD0069936,2022-07-03 20:46:22,chat,order_cancellation,low,AG-11,resolved,2022-07-03 20:54:16,2022-07-04 21:05:27,1,
TCK0011480,500000010,ORD0070409,2022-07-04 11:24:38,chat,order_cancellation,normal,AG-11,resolved,2022-07-04 11:28:54,2022-07-04 20:12:35,1,
TCK0011752,500000005,ORD0070174,2022-07-07 10:44:24,phone,product_complaint,high,AG-04,resolved,2022-07-07 10:45:27,2022-07-09 05:06:47,1,
TCK0011773,500000007,ORD0063226,2022-07-07 14:14:56,phone,delivery_status,normal,AG-02,resolved,2022-07-07 14:15:36,2022-07-07 22:35:31,1,5
TCK0011833,500000002,ORD0059179,2022-07-08 09:33:24,social,returns_refunds,low,AG-01,resolved,2022-07-08 10:46:00,2022-07-09 22:25:32,1,
TCK0012254,500000007,ORD0063226,2022-07-12 05:24:55,chat,returns_refunds,normal,AG-12,resolved,2022-07-12 05:28:07,2022-07-25 01:02:40,1,
TCK0013543,500000021,ORD0076285,2022-07-22 18:38:39,social,product_complaint,normal,AG-04,resolved,2022-07-22 19:17:26,2022-08-20 00:54:30,1,
TCK0014487,500000002,ORD0082381,2022-08-01 11:03:47,chat,product_complaint,high,AG-07,resolved,2022-08-01 11:06:21,2022-08-02 09:19:18,1,
TCK0014561,500000004,ORD0079880,2022-08-02 05:46:03,social,product_complaint,high,AG-01,resolved,2022-08-02 08:32:09,2022-08-07 10:10:40,1,
TCK0014617,500000001,ORD0081188,2022-08-02 16:06:15,chat,product_complaint,high,AG-03,resolved,2022-08-02 16:11:15,2022-08-14 05:05:33,1,
TCK0015035,500000001,ORD0090022,2022-08-07 11:34:33,email,order_change,normal,AG-05,resolved,2022-08-07 13:03:29,2022-08-07 16:49:16,1,5
TCK0015212,500000001,ORD0081188,2022-08-09 04:38:35,chat,returns_refunds,normal,AG-02,resolved,2022-08-09 04:39:31,2022-08-16 20:24:36,1,
TCK0015656,500000006,ORD0093576,2022-08-13 22:40:45,email,payment,normal,AG-09,resolved,2022-08-14 02:48:46,2022-08-17 11:56:28,1,4
TCK0015967,500000006,ORD0093576,2022-08-17 09:06:13,email,delivery_status,normal,AG-11,resolved,2022-08-17 20:43:09,2022-08-18 08:40:41,1,4
TCK0017459,500000002,ORD0097257,2022-09-02 10:36:37,chat,product_complaint,normal,AG-01,resolved,2022-09-02 10:46:48,2022-09-06 14:50:17,1,
TCK0017557,500056619,,2022-09-03 10:07:33,email,product_question,normal,AG-05,resolved,2022-09-03 12:32:10,2022-09-04 08:44:30,1,
TCK0017870,500000009,ORD0102090,2022-09-06 09:23:38,email,delivery_status,normal,AG-03,resolved,2022-09-06 14:51:55,2022-09-07 04:23:08,1,2
TCK0017927,500000001,ORD0106512,2022-09-06 17:05:27,email,delivery_status,normal,AG-09,resolved,2022-09-06 19:29:54,2022-09-07 05:44:06,1,
TCK0018733,500042029,,2022-09-13 14:38:33,email,product_question,normal,AG-01,resolved,2022-09-13 17:01:54,2022-09-13 23:49:12,1,
TCK0019145,500013538,,2022-09-17 07:55:01,email,product_question,normal,AG-12,resolved,2022-09-17 09:47:13,2022-09-17 14:25:23,1,
TCK0019380,500000006,ORD0106348,2022-09-18 23:54:31,chat,product_complaint,high,AG-03,resolved,2022-09-19 00:02:17,2022-09-20 10:49:58,0,
TCK0019502,500000001,ORD0109935,2022-09-20 10:10:35,phone,delivery_status,normal,AG-01,resolved,2022-09-20 10:10:47,2022-09-20 16:42:32,1,
TCK0019835,500000001,ORD0109935,2022-09-23 12:31:29,phone,delivery_status,normal,AG-04,resolved,2022-09-23 12:31:42,2022-09-23 15:57:12,1,
TCK0020011,500000006,ORD0106348,2022-09-24 20:42:50,chat,returns_refunds,normal,AG-08,resolved,2022-09-24 20:45:10,2022-09-30 02:17:47,1,
TCK0020033,500000002,ORD0119450,2022-09-25 03:05:13,chat,delivery_status,normal,AG-11,resolved,2022-09-25 03:06:29,2022-09-25 05:06:45,1,3
TCK0020256,500000002,ORD0121192,2022-09-27 00:40:39,chat,order_cancellation,normal,AG-07,resolved,2022-09-27 00:41:58,2022-09-28 22:50:22,0,
TCK0020291,500000001,ORD0117013,2022-09-27 11:26:37,phone,product_complaint,normal,AG-09,resolved,2022-09-27 11:27:00,2022-10-02 20:40:30,1,3
TCK0020538,500000001,ORD0117013,2022-09-29 10:25:16,chat,returns_refunds,normal,AG-12,resolved,2022-09-29 10:25:57,2022-09-30 06:20:20,1,
TCK0020680,500046597,,2022-09-30 14:09:39,email,product_question,low,AG-01,resolved,2022-10-02 21:02:06,2022-10-03 05:36:15,1,
TCK0021020,500000031,ORD0122522,2022-10-03 11:58:28,email,delivery_status,normal,AG-05,resolved,2022-10-03 13:25:38,2022-10-04 01:51:03,1,4
TCK0021138,500013023,,2022-10-04 09:59:05,email,product_question,normal,AG-05,resolved,2022-10-04 11:53:49,2022-10-05 17:14:37,1,
TCK0021517,500000001,ORD0123943,2022-10-07 14:37:30,social,returns_refunds,normal,AG-09,resolved,2022-10-07 15:55:34,2022-10-11 03:18:36,1,
TCK0022090,500011217,,2022-10-12 08:34:07,phone,product_question,normal,AG-08,resolved,2022-10-12 08:35:54,2022-10-12 23:06:54,1,
TCK0022134,500000001,ORD0130803,2022-10-12 15:39:50,phone,order_cancellation,low,AG-04,resolved,2022-10-12 15:40:05,2022-10-12 19:03:27,1,
TCK0022345,500000002,ORD0126650,2022-10-14 12:52:59,email,product_complaint,low,AG-11,resolved,2022-10-15 04:50:31,2022-10-23 09:29:08,1,
TCK0022704,500037691,,2022-10-17 23:55:53,chat,product_question,normal,AG-04,resolved,2022-10-18 00:01:01,2022-10-18 11:14:08,1,3
TCK0022817,500000001,ORD0132261,2022-10-18 19:02:27,email,delivery_status,normal,AG-03,resolved,2022-10-19 04:37:08,2022-10-19 06:43:10,1,4
TCK0023084,500003177,,2022-10-21 10:29:03,email,product_question,normal,AG-01,resolved,2022-10-21 14:12:58,2022-10-21 16:15:24,1,
TCK0023115,500006743,,2022-10-21 15:05:08,chat,product_question,normal,AG-11,resolved,2022-10-21 15:06:55,2022-10-21 18:56:55,1,
TCK0023790,500026392,,2022-10-28 07:24:03,chat,product_question,normal,AG-03,resolved,2022-10-28 07:24:47,2022-10-28 10:37:27,1,
TCK0023814,500000001,ORD0132261,2022-10-28 11:45:19,email,delivery_status,normal,AG-03,resolved,2022-10-28 16:25:10,2022-10-28 19:00:43,1,4
TCK0023923,500070755,,2022-10-29 14:07:33,social,product_question,low,AG-09,resolved,2022-10-29 15:12:01,2022-10-29 19:23:29,1,
TCK0024114,500140819,,2022-10-31 12:42:23,email,product_question,normal,AG-12,resolved,2022-10-31 16:14:15,2022-10-31 20:26:52,0,
TCK0024283,500000004,ORD0133367,2022-11-01 20:20:06,email,product_complaint,normal,AG-11,resolved,2022-11-02 01:17:37,2022-11-07 10:02:47,1,
TCK0025209,500000002,ORD0148368,2022-11-10 19:11:32,phone,order_cancellation,low,AG-12,resolved,2022-11-10 19:12:08,2022-11-11 03:58:14,1,4
TCK0026486,500000001,ORD0151134,2022-11-24 16:24:46,email,delivery_status,normal,AG-10,resolved,2022-11-25 13:20:01,2022-11-27 01:10:14,0,
TCK0027159,500102298,,2022-11-27 19:42:06,phone,product_question,normal,AG-12,resolved,2022-11-27 19:42:38,2022-11-28 18:00:21,1,
TCK0027808,500004642,,2022-12-01 07:46:02,chat,product_question,normal,AG-08,resolved,2022-12-01 08:07:02,2022-12-01 10:16:56,1,
TCK0028250,500000001,ORD0151134,2022-12-03 12:11:06,chat,product_complaint,high,AG-02,resolved,2022-12-03 12:16:06,2022-12-08 09:21:22,1,
TCK0029391,500000028,ORD0165093,2022-12-10 08:59:41,chat,delivery_status,normal,AG-06,resolved,2022-12-10 09:02:15,2022-12-10 11:20:57,1,
TCK0029510,500000001,ORD0170629,2022-12-10 20:54:18,phone,order_cancellation,normal,AG-06,resolved,2022-12-10 20:54:36,2022-12-15 14:34:41,0,
TCK0029736,500003605,ORD0164359,2022-12-12 13:27:18,chat,product_complaint,normal,AG-12,resolved,2022-12-12 13:29:00,2022-12-22 13:25:15,1,
TCK0029774,500000007,ORD0162870,2022-12-12 19:21:45,phone,delivery_status,low,AG-01,resolved,2022-12-12 19:22:00,2022-12-13 00:50:39,1,
TCK0029797,500000001,ORD0167891,2022-12-13 06:51:20,email,returns_refunds,low,AG-09,resolved,2022-12-13 12:16:55,2022-12-15 07:32:15,1,4
TCK0029819,500000001,ORD0171907,2022-12-13 10:27:12,chat,delivery_status,normal,AG-06,resolved,2022-12-13 10:40:21,2022-12-13 21:51:47,1,
TCK0029917,500028239,,2022-12-14 07:46:28,email,product_question,normal,AG-11,resolved,2022-12-14 12:13:25,2022-12-14 14:30:38,1,5
TCK0029980,500000001,ORD0167970,2022-12-14 15:38:17,email,product_complaint,normal,AG-07,resolved,2022-12-14 17:55:35,2022-12-20 00:39:58,1,1
TCK0030027,500003605,ORD0164359,2022-12-15 01:14:29,email,returns_refunds,normal,AG-04,resolved,2022-12-15 03:01:49,2022-12-20 22:52:32,1,
TCK0030028,500000006,ORD0168322,2022-12-15 02:29:53,email,delivery_status,normal,AG-02,resolved,2022-12-16 06:02:29,2022-12-17 01:00:42,1,
TCK0030090,500000006,ORD0168322,2022-12-15 16:08:13,chat,delivery_status,normal,AG-11,resolved,2022-12-15 16:10:08,2022-12-15 19:08:28,1,2
TCK0031924,500024990,,2023-01-01 07:45:01,email,product_question,low,AG-05,resolved,2023-01-01 13:41:55,2023-01-01 16:53:42,1,4
TCK0032373,500105878,,2023-01-06 08:14:49,chat,product_question,normal,AG-11,resolved,2023-01-06 08:25:20,2023-01-06 13:49:25,1,
TCK0032503,500000005,ORD0179431,2023-01-07 15:31:26,phone,delivery_status,normal,AG-03,resolved,2023-01-07 15:31:58,2023-01-08 02:19:29,1,
TCK0032887,500000001,ORD0185231,2023-01-11 15:36:49,email,product_complaint,normal,AG-04,resolved,2023-01-11 18:47:42,2023-01-16 13:46:27,1,2
TCK0033457,500000001,ORD0185231,2023-01-17 08:09:11,email,returns_refunds,normal,AG-08,resolved,2023-01-17 09:42:21,2023-01-19 00:31:38,1,
TCK0033929,500000002,ORD0188166,2023-01-21 12:13:51,chat,product_complaint,normal,AG-04,resolved,2023-01-21 12:14:10,2023-02-04 10:56:03,1,
TCK0034323,500082444,,2023-01-24 19:06:58,social,product_question,low,AG-02,resolved,2023-01-24 19:23:44,2023-01-25 18:23:39,1,
TCK0034450,500011237,,2023-01-25 19:14:46,email,product_question,high,AG-07,resolved,2023-01-27 10:04:49,2023-01-27 19:31:56,1,
TCK0034460,500000020,ORD0192405,2023-01-25 21:16:28,phone,delivery_status,normal,AG-10,resolved,2023-01-25 21:17:03,2023-01-25 23:26:08,1,5
TCK0034502,500073041,,2023-01-26 10:15:25,phone,product_question,low,AG-03,resolved,2023-01-26 10:15:43,2023-01-26 18:57:23,1,4
TCK0034760,500000003,ORD0188873,2023-01-28 14:27:24,email,product_complaint,normal,AG-10,resolved,2023-01-28 16:33:03,2023-01-31 00:51:06,1,
TCK0035242,500017486,,2023-02-01 06:46:01,email,product_question,normal,AG-03,resolved,2023-02-01 09:23:02,2023-02-01 11:42:06,1,5
TCK0035574,500016446,,2023-02-03 16:12:14,email,product_question,normal,AG-03,resolved,2023-02-03 18:34:48,2023-02-03 23:30:34,1,4
TCK0037638,500000001,ORD0216994,2023-02-19 23:14:34,chat,payment,normal,AG-04,resolved,2023-02-19 23:17:30,2023-02-20 04:13:10,1,4
TCK0037721,500011331,,2023-02-20 14:59:27,social,product_question,low,AG-08,resolved,2023-02-20 16:24:52,2023-02-21 02:06:26,1,
TCK0037778,500000001,ORD0206985,2023-02-20 23:16:44,email,product_complaint,low,AG-08,resolved,2023-02-21 05:48:18,2023-03-02 15:24:33,1,
TCK0038280,500000001,ORD0209404,2023-02-24 18:12:24,email,product_complaint,high,AG-08,resolved,2023-02-25 00:39:51,2023-02-27 02:58:07,1,
TCK0039702,500000001,ORD0218073,2023-03-08 13:35:54,phone,product_complaint,high,AG-06,resolved,2023-03-08 13:36:17,2023-03-18 02:05:50,0,
TCK0040456,500000001,ORD0228232,2023-03-14 08:45:35,chat,product_complaint,high,AG-08,resolved,2023-03-14 08:47:11,2023-03-15 15:31:41,1,3
TCK0040724,500000007,ORD0221201,2023-03-16 10:37:28,email,product_complaint,normal,AG-10,resolved,2023-03-16 13:04:15,2023-03-20 13:00:36,1,3
TCK0040816,500000001,ORD0231761,2023-03-16 21:21:43,chat,delivery_status,normal,AG-08,resolved,2023-03-16 21:22:46,2023-03-17 06:39:13,1,
TCK0041114,500000023,ORD0220444,2023-03-19 10:52:11,chat,returns_refunds,normal,AG-12,resolved,2023-03-19 10:58:41,2023-03-20 08:25:44,1,
TCK0041244,500005247,,2023-03-20 10:28:01,email,product_question,low,AG-05,resolved,2023-03-20 14:01:31,2023-03-20 16:32:19,1,
TCK0041484,500000001,ORD0231761,2023-03-22 12:13:51,email,delivery_status,normal,AG-06,resolved,2023-03-22 17:22:40,2023-03-22 19:22:45,1,4
TCK0042044,500044465,,2023-03-26 14:39:56,phone,product_question,normal,AG-11,resolved,2023-03-26 14:41:07,2023-03-26 20:45:50,1,
TCK0043233,500012074,,2023-04-04 15:18:08,chat,product_question,low,AG-05,resolved,2023-04-04 15:21:29,2023-04-04 18:31:10,1,
TCK0043396,500000002,ORD0241094,2023-04-05 16:53:13,email,delivery_status,normal,AG-08,resolved,2023-04-05 18:44:37,2023-04-05 22:05:32,1,5
TCK0045412,500076477,,2023-04-19 16:46:35,chat,product_question,normal,AG-04,resolved,2023-04-19 16:48:30,2023-04-20 10:03:44,1,
TCK0045658,500000005,ORD0256574,2023-04-21 12:33:49,email,delivery_status,normal,AG-06,resolved,2023-04-21 18:43:53,2023-04-22 05:36:23,1,
TCK0045759,500000005,ORD0256574,2023-04-22 09:30:30,email,returns_refunds,normal,AG-03,resolved,2023-04-22 11:18:52,2023-04-24 05:30:07,1,
TCK0046471,500000001,ORD0260617,2023-04-26 19:28:31,email,delivery_status,normal,AG-10,resolved,2023-04-26 21:23:59,2023-04-26 23:47:18,1,3
TCK0046554,500000010,ORD0260978,2023-04-27 15:39:38,email,returns_refunds,normal,AG-10,resolved,2023-04-27 18:52:45,2023-05-01 19:37:52,1,
TCK0046832,500000001,ORD0263747,2023-04-29 13:01:43,email,product_complaint,high,AG-02,resolved,2023-04-29 15:19:20,2023-05-13 21:31:38,1,3
TCK0046913,500000001,ORD0266027,2023-04-29 21:36:35,phone,product_complaint,normal,AG-06,resolved,2023-04-29 21:36:52,2023-05-05 23:55:50,1,
TCK0047052,500000003,ORD0264757,2023-04-30 19:19:02,email,product_complaint,normal,AG-08,resolved,2023-04-30 23:50:08,2023-05-03 01:20:13,1,
TCK0047132,500000228,ORD0263672,2023-05-01 10:44:27,email,product_complaint,normal,AG-02,resolved,2023-05-02 03:03:34,2023-05-05 05:07:56,1,
TCK0047607,500000001,ORD0263747,2023-05-04 12:56:18,phone,returns_refunds,normal,AG-05,resolved,2023-05-04 12:56:55,2023-05-10 08:23:40,1,2
TCK0047656,500004928,,2023-05-04 20:09:07,email,product_question,normal,AG-03,resolved,2023-05-05 04:41:55,2023-05-07 00:05:56,1,
TCK0047708,500000002,ORD0254270,2023-05-05 09:40:45,email,returns_refunds,low,AG-10,resolved,2023-05-05 11:10:56,2023-05-10 21:57:49,1,
TCK0048012,500000001,ORD0265602,2023-05-07 15:17:13,email,product_complaint,high,AG-01,resolved,2023-05-07 19:53:41,2023-05-12 06:53:52,1,3
TCK0048413,500000002,ORD0270021,2023-05-10 18:01:17,phone,product_complaint,high,AG-09,resolved,2023-05-10 18:01:35,2023-05-18 16:24:47,1,
TCK0048660,500000010,ORD0274317,2023-05-12 16:04:15,chat,delivery_status,low,AG-11,resolved,2023-05-12 16:07:33,2023-05-13 03:59:31,1,4
TCK0048747,500000003,ORD0269395,2023-05-13 12:02:39,social,product_complaint,normal,AG-04,resolved,2023-05-13 12:49:38,2023-05-14 09:32:03,1,3
TCK0049151,500000005,ORD0269709,2023-05-16 09:15:24,email,product_complaint,normal,AG-05,resolved,2023-05-16 11:15:57,2023-05-24 09:00:07,1,
TCK0049267,500000001,ORD0283288,2023-05-17 02:07:35,social,order_change,normal,AG-11,resolved,2023-05-17 05:39:10,2023-05-17 14:03:23,1,
TCK0049765,500018228,,2023-05-20 14:12:18,email,product_question,low,AG-02,resolved,2023-05-20 17:14:22,2023-05-20 20:45:05,1,4
TCK0050417,500000217,ORD0290031,2023-05-24 22:05:46,social,order_cancellation,normal,AG-06,resolved,2023-05-24 22:37:33,2023-05-27 08:29:21,1,3
TCK0050492,500000001,ORD0270636,2023-05-25 13:36:30,phone,returns_refunds,normal,AG-05,resolved,2023-05-25 13:37:06,2023-05-27 06:41:06,1,4
TCK0050804,500000002,ORD0287285,2023-05-27 17:24:37,email,delivery_status,low,AG-10,resolved,2023-05-28 01:18:28,2023-05-28 02:04:03,1,4
TCK0051407,500000034,ORD0288963,2023-06-01 05:52:09,social,product_complaint,high,AG-07,resolved,2023-06-01 08:14:38,2023-06-03 12:00:27,1,3
TCK0051553,500000004,ORD0288461,2023-06-02 10:06:25,email,product_complaint,high,AG-05,resolved,2023-06-03 04:44:42,2023-06-08 08:12:54,1,
TCK0051629,500000006,ORD0289741,2023-06-02 17:47:42,chat,product_complaint,high,AG-10,resolved,2023-06-02 17:48:46,2023-06-15 07:30:27,1,
TCK0051844,500000004,ORD0288984,2023-06-04 07:32:23,social,product_complaint,normal,AG-06,resolved,2023-06-04 09:26:54,2023-06-06 10:40:43,1,2
TCK0052005,500000034,ORD0288963,2023-06-05 10:03:30,social,returns_refunds,normal,AG-06,resolved,2023-06-05 12:03:00,2023-06-06 05:49:30,1,3
TCK0052105,500000001,ORD0291708,2023-06-06 06:50:43,email,product_complaint,high,AG-01,resolved,2023-06-06 18:16:59,2023-06-12 18:51:28,1,2
TCK0052364,500000002,ORD0289517,2023-06-08 02:12:47,chat,returns_refunds,normal,AG-08,resolved,2023-06-08 02:18:24,2023-06-09 00:40:45,1,5
TCK0052525,500044728,,2023-06-09 11:01:16,chat,product_question,normal,AG-03,resolved,2023-06-09 11:03:26,2023-06-09 12:54:45,0,
TCK0054249,500000002,ORD0304165,2023-06-22 12:48:38,social,product_complaint,normal,AG-03,resolved,2023-06-22 13:41:55,2023-06-28 22:46:56,1,2
TCK0055456,500043716,,2023-07-01 17:16:40,phone,product_question,normal,AG-05,resolved,2023-07-01 17:17:23,2023-07-02 05:24:38,1,
TCK0055676,500043719,,2023-07-03 08:49:57,email,product_question,normal,AG-01,resolved,2023-07-03 14:20:18,2023-07-03 19:37:45,1,4
TCK0055857,500000001,ORD0312481,2023-07-04 11:41:26,email,returns_refunds,normal,AG-03,resolved,2023-07-04 13:28:23,2023-07-05 19:55:20,1,
TCK0056346,500000023,ORD0325412,2023-07-08 03:35:29,email,order_cancellation,low,AG-06,resolved,2023-07-08 11:45:07,2023-07-08 19:45:04,1,
TCK0056631,500000003,ORD0327200,2023-07-09 20:23:10,email,order_cancellation,low,AG-07,resolved,2023-07-10 03:43:33,2023-07-10 11:09:14,1,
TCK0056710,500000016,ORD0316676,2023-07-10 12:43:04,social,product_complaint,normal,AG-08,resolved,2023-07-10 13:16:39,2023-07-12 05:03:34,1,
TCK0056774,500000004,ORD0314702,2023-07-10 19:13:58,chat,returns_refunds,normal,AG-04,resolved,2023-07-10 19:15:12,2023-07-12 00:18:08,1,3
TCK0056837,500036492,,2023-07-11 09:26:00,chat,product_question,normal,AG-10,resolved,2023-07-11 09:29:06,2023-07-11 14:19:47,1,
TCK0057143,500000001,ORD0321342,2023-07-13 12:00:04,chat,returns_refunds,low,AG-03,resolved,2023-07-13 12:01:21,2023-07-14 16:20:36,1,
TCK0057285,500000001,ORD0324039,2023-07-14 10:41:15,email,delivery_status,normal,AG-01,resolved,2023-07-14 12:54:55,2023-07-14 14:06:25,1,
TCK0057596,500000001,ORD0332724,2023-07-16 09:23:57,email,order_cancellation,normal,AG-01,resolved,2023-07-16 20:17:58,2023-07-17 11:08:32,1,
TCK0059477,500008246,,2023-07-29 02:44:59,email,product_question,low,AG-08,resolved,2023-07-29 05:57:52,2023-07-29 17:26:13,1,
TCK0059527,500000001,ORD0334656,2023-07-29 11:17:14,phone,product_complaint,low,AG-09,resolved,2023-07-29 11:17:38,2023-08-09 06:26:03,0,
TCK0060254,500000010,ORD0343315,2023-08-03 10:09:02,phone,delivery_status,normal,AG-06,resolved,2023-08-03 10:09:58,2023-08-03 12:44:59,1,4
TCK0062046,500000215,ORD0353454,2023-08-16 14:03:12,email,delivery_status,low,AG-05,resolved,2023-08-16 20:52:15,2023-08-17 02:12:20,1,3
TCK0062872,500000001,ORD0347994,2023-08-22 16:54:14,email,product_complaint,normal,AG-03,resolved,2023-08-22 22:54:44,2023-08-28 14:04:41,0,
TCK0063682,500000001,ORD0354051,2023-08-28 19:54:42,chat,product_complaint,low,AG-09,resolved,2023-08-28 19:55:21,2023-08-29 23:50:13,1,
TCK0064019,500029373,,2023-08-31 13:16:24,email,product_question,normal,AG-04,resolved,2023-09-01 08:23:30,2023-09-01 13:31:43,1,4
TCK0064481,500000006,ORD0359954,2023-09-03 19:45:03,phone,product_complaint,normal,AG-09,resolved,2023-09-03 19:45:11,2023-09-08 02:59:15,1,3
TCK0066513,500000001,ORD0379652,2023-09-15 16:42:03,chat,delivery_status,low,AG-04,resolved,2023-09-15 16:43:28,2023-09-16 00:15:13,1,
TCK0066772,500000001,ORD0382450,2023-09-17 03:17:14,email,delivery_status,low,AG-10,resolved,2023-09-17 13:35:08,2023-09-17 22:40:58,1,1
TCK0067044,500000001,ORD0372979,2023-09-18 12:12:37,chat,product_complaint,high,AG-01,resolved,2023-09-18 12:18:02,2023-09-24 13:29:40,1,1
TCK0067082,500000001,ORD0379184,2023-09-18 15:16:04,chat,delivery_status,normal,AG-06,resolved,2023-09-18 15:19:56,2023-09-21 00:40:51,1,
TCK0067570,500025412,,2023-09-20 19:32:10,email,product_question,normal,AG-11,resolved,2023-09-22 13:07:31,2023-09-22 17:14:18,1,
TCK0067726,500000003,ORD0380654,2023-09-21 15:55:57,email,returns_refunds,low,AG-08,resolved,2023-09-21 21:59:59,2023-09-23 15:19:30,1,
TCK0067784,500000156,ORD0383141,2023-09-21 21:47:47,email,delivery_status,low,AG-10,resolved,2023-09-23 01:45:13,2023-09-23 08:58:37,1,
TCK0068007,500000001,ORD0387673,2023-09-23 11:04:05,phone,payment,low,AG-03,resolved,2023-09-23 11:04:22,2023-09-24 21:52:25,1,
TCK0068236,500000188,ORD0385500,2023-09-24 14:23:13,email,delivery_status,high,AG-07,resolved,2023-09-25 10:11:41,2023-09-26 02:49:40,1,
TCK0068311,500000006,ORD0373404,2023-09-24 21:34:52,email,returns_refunds,high,AG-10,resolved,2023-09-25 06:39:49,2023-09-27 20:15:39,1,
TCK0068597,500000156,ORD0383141,2023-09-26 13:54:18,email,delivery_status,normal,AG-05,resolved,2023-09-27 00:12:07,2023-09-27 03:15:29,1,
TCK0068786,500000001,ORD0376427,2023-09-27 13:58:35,chat,returns_refunds,normal,AG-08,resolved,2023-09-27 14:01:22,2023-10-01 23:58:44,1,
TCK0068812,500046669,,2023-09-27 16:50:32,chat,product_question,normal,AG-12,resolved,2023-09-27 16:52:46,2023-09-28 09:03:38,1,
TCK0069448,500000001,ORD0387673,2023-10-01 09:46:24,phone,product_complaint,high,AG-12,resolved,2023-10-01 09:47:24,2023-10-20 22:00:38,1,
TCK0069713,500000001,ORD0389707,2023-10-02 21:57:33,email,delivery_status,normal,AG-06,resolved,2023-10-02 23:42:15,2023-10-03 06:34:46,1,4
TCK0069913,500052841,,2023-10-04 04:22:19,social,product_question,normal,AG-06,resolved,2023-10-04 08:21:44,2023-10-04 23:44:12,1,
TCK0070439,500000220,ORD0391784,2023-10-07 08:54:06,chat,product_complaint,low,AG-01,resolved,2023-10-07 08:57:43,2023-10-22 01:59:45,1,
TCK0071177,500000003,ORD0400346,2023-10-11 11:35:08,email,delivery_status,normal,AG-08,resolved,2023-10-11 21:19:59,2023-10-12 05:38:45,1,
TCK0071245,500000001,ORD0389707,2023-10-11 19:15:53,email,delivery_status,normal,AG-07,resolved,2023-10-11 23:11:44,2023-10-12 08:34:57,1,
TCK0071419,500000011,ORD0399208,2023-10-13 02:39:18,phone,product_complaint,normal,AG-06,resolved,2023-10-13 02:40:38,2023-10-14 01:48:15,1,3
TCK0071624,500000220,ORD0391784,2023-10-14 13:48:28,email,returns_refunds,high,AG-03,resolved,2023-10-15 04:43:49,2023-10-22 14:08:19,1,
TCK0072172,500000011,ORD0399208,2023-10-17 20:02:44,email,returns_refunds,normal,AG-06,resolved,2023-10-17 20:53:34,2023-10-23 18:41:00,1,
TCK0072234,500000001,ORD0396626,2023-10-18 10:39:22,phone,product_complaint,high,AG-07,resolved,2023-10-18 10:40:05,2023-10-26 13:02:24,1,
TCK0072372,500000013,ORD0406958,2023-10-19 07:37:11,email,product_complaint,normal,AG-11,resolved,2023-10-19 13:52:57,2023-10-23 04:11:55,1,
TCK0072719,500000020,ORD0411741,2023-10-21 11:32:26,phone,order_cancellation,normal,AG-12,resolved,2023-10-21 11:33:19,2023-10-24 02:00:17,1,
TCK0072877,500000001,ORD0396626,2023-10-22 10:43:42,email,returns_refunds,low,AG-07,resolved,2023-10-22 19:43:09,2023-10-24 18:17:44,1,
TCK0072930,500000054,ORD0412886,2023-10-22 15:36:33,social,order_cancellation,low,AG-11,resolved,2023-10-22 18:34:59,2023-10-23 13:02:23,1,4
TCK0074069,500000002,ORD0415307,2023-10-30 12:33:32,email,delivery_status,normal,AG-07,resolved,2023-10-30 16:21:05,2023-10-31 07:34:59,1,
TCK0074309,500000002,ORD0415307,2023-11-01 02:07:55,social,delivery_status,normal,AG-07,resolved,2023-11-01 03:51:17,2023-11-01 20:57:31,1,3
TCK0075358,500000009,ORD0414824,2023-11-08 10:27:16,social,returns_refunds,normal,AG-02,resolved,2023-11-08 12:52:35,2023-11-13 01:51:07,1,4
TCK0076103,500000021,ORD0420000,2023-11-13 17:19:27,social,product_complaint,high,AG-11,resolved,2023-11-13 22:09:40,2023-11-21 15:27:41,1,
TCK0076223,500000001,ORD0426465,2023-11-14 16:23:11,email,delivery_status,low,AG-05,resolved,2023-11-14 18:20:32,2023-11-14 22:26:15,1,5
TCK0076281,500000021,ORD0420000,2023-11-15 05:54:04,email,returns_refunds,normal,AG-11,resolved,2023-11-15 13:15:46,2023-11-16 04:29:08,1,4
TCK0076371,500000001,ORD0414514,2023-11-15 16:27:14,chat,returns_refunds,low,AG-08,resolved,2023-11-15 16:31:03,2023-11-18 06:00:04,1,
TCK0076680,500000003,ORD0430000,2023-11-18 08:53:55,chat,delivery_status,normal,AG-09,resolved,2023-11-18 08:55:37,2023-11-18 22:49:10,1,
TCK0076694,500000001,ORD0426513,2023-11-18 10:58:18,social,product_complaint,normal,AG-05,resolved,2023-11-18 11:35:48,2023-11-19 22:25:32,1,3
TCK0076870,500099525,,2023-11-19 14:43:55,email,product_question,normal,AG-09,resolved,2023-11-19 21:41:34,2023-11-20 13:17:08,1,4
TCK0077293,500000001,ORD0426465,2023-11-22 16:59:03,phone,delivery_status,normal,AG-10,resolved,2023-11-22 16:59:48,2023-11-22 21:44:08,1,3
TCK0077314,500000048,ORD0426081,2023-11-22 19:54:49,chat,returns_refunds,normal,AG-02,resolved,2023-11-22 20:02:00,2023-11-26 10:19:49,0,
TCK0078123,500000036,ORD0444451,2023-11-25 22:58:14,email,order_cancellation,normal,AG-04,resolved,2023-11-26 12:35:11,2023-11-27 20:36:55,1,
TCK0078162,500026628,,2023-11-26 04:55:17,email,product_question,low,AG-01,resolved,2023-11-27 15:34:20,2023-11-27 19:27:50,1,
TCK0078750,500000079,ORD0443334,2023-11-27 19:57:47,email,delivery_status,normal,AG-08,resolved,2023-11-28 23:12:31,2023-11-29 04:28:22,1,2
TCK0078792,500000317,ORD0446653,2023-11-28 01:39:38,email,product_complaint,high,AG-07,resolved,2023-11-28 13:14:09,2023-12-03 19:36:44,1,
TCK0078886,500040167,,2023-11-28 10:14:41,chat,product_question,low,AG-02,resolved,2023-11-28 10:20:50,2023-11-29 12:31:20,1,
TCK0079192,500000001,ORD0439829,2023-11-29 12:47:34,email,product_complaint,normal,AG-07,open,2023-11-30 10:34:45,,0,
TCK0079467,500000003,ORD0430455,2023-11-30 11:48:34,social,product_complaint,normal,AG-12,resolved,2023-11-30 17:05:26,2023-12-13 11:11:40,1,1
TCK0079519,500000002,ORD0450652,2023-11-30 15:15:12,social,order_cancellation,normal,AG-08,resolved,2023-11-30 23:19:41,2023-12-03 10:04:18,0,
TCK0079783,500000003,ORD0431151,2023-12-01 12:58:08,phone,product_complaint,high,AG-02,resolved,2023-12-01 12:58:46,2024-01-04 12:12:25,1,1
TCK0080126,500000001,ORD0439829,2023-12-02 15:49:37,chat,returns_refunds,low,AG-05,resolved,2023-12-02 15:54:40,2023-12-12 00:00:27,1,
TCK0080173,500000001,ORD0446374,2023-12-02 18:15:24,social,returns_refunds,low,AG-08,resolved,2023-12-03 11:06:22,2023-12-05 20:08:12,1,
TCK0080531,500000001,ORD0449204,2023-12-04 03:52:16,email,delivery_status,low,AG-08,resolved,2023-12-04 09:45:27,2023-12-04 14:58:16,0,
TCK0082309,500000001,ORD0457408,2023-12-12 14:18:27,phone,delivery_status,normal,AG-07,resolved,2023-12-12 14:18:45,2023-12-12 20:16:12,1,
TCK0082394,500000002,ORD0458908,2023-12-12 23:58:20,chat,order_cancellation,normal,AG-04,resolved,2023-12-13 00:05:44,2023-12-20 20:33:32,1,
TCK0083252,500000001,ORD0460439,2023-12-18 08:54:14,email,delivery_status,normal,AG-10,resolved,2023-12-19 01:52:46,2023-12-20 02:08:18,1,4
TCK0083715,500000046,ORD0466051,2023-12-20 17:40:15,chat,delivery_status,normal,AG-01,resolved,2023-12-20 17:41:03,2023-12-20 21:47:23,1,
TCK0084261,500000001,ORD0457287,2023-12-23 15:36:06,email,returns_refunds,low,AG-08,resolved,2023-12-24 16:24:44,2023-12-31 15:00:20,1,2
TCK0084634,500000001,ORD0460439,2023-12-25 12:42:38,phone,delivery_status,high,AG-12,resolved,2023-12-25 12:48:23,2023-12-26 05:31:07,1,2
TCK0084769,500036597,,2023-12-26 09:33:22,email,product_question,normal,AG-10,resolved,2023-12-26 14:13:06,2023-12-27 02:16:32,1,
TCK0085033,500000001,ORD0470810,2023-12-27 19:52:21,chat,delivery_status,normal,AG-06,resolved,2023-12-27 19:52:55,2023-12-28 01:07:36,1,5
TCK0085460,500000001,ORD0470394,2023-12-30 15:56:13,email,delivery_status,normal,AG-09,resolved,2023-12-30 21:33:43,2023-12-30 23:42:55,1,
TCK0086522,500000003,ORD0467725,2024-01-07 06:50:28,email,delivery_status,normal,AG-03,resolved,2024-01-07 13:08:20,2024-01-07 15:22:04,0,
TCK0086539,500036871,,2024-01-07 10:01:03,phone,product_question,normal,AG-06,resolved,2024-01-07 10:01:29,2024-01-07 18:35:56,1,
TCK0086616,500000001,ORD0470810,2024-01-07 18:33:39,chat,delivery_status,normal,AG-07,resolved,2024-01-07 18:34:01,2024-01-07 23:08:39,1,3
TCK0087015,500026748,,2024-01-10 18:19:10,email,product_question,normal,AG-12,resolved,2024-01-10 18:53:46,2024-01-11 18:09:24,1,3
TCK0087890,500000001,ORD0486426,2024-01-16 13:32:31,chat,discount_code,normal,AG-05,resolved,2024-01-16 13:33:59,2024-01-16 21:18:52,1,
TCK0088131,500000009,ORD0479054,2024-01-18 10:13:05,social,product_complaint,low,AG-02,resolved,2024-01-18 11:43:21,2024-01-24 18:57:23,1,
TCK0088336,500000004,ORD0484855,2024-01-19 16:51:10,phone,product_complaint,high,AG-02,resolved,2024-01-19 16:51:30,2024-02-03 09:46:46,1,3
TCK0088481,500000011,ORD0477906,2024-01-20 14:37:16,chat,delivery_status,normal,AG-09,resolved,2024-01-20 14:41:39,2024-01-20 22:53:35,1,
TCK0088742,500012639,,2024-01-22 09:54:34,email,product_question,normal,AG-11,resolved,2024-01-22 11:59:24,2024-01-22 13:29:39,1,
TCK0089059,500000001,ORD0476922,2024-01-24 12:24:36,social,product_complaint,high,AG-12,resolved,2024-01-24 13:36:39,2024-02-01 21:08:09,1,
TCK0089313,500000007,ORD0489419,2024-01-25 21:18:21,phone,product_complaint,high,AG-01,resolved,2024-01-25 21:19:34,2024-01-27 16:34:17,0,
TCK0090459,500000004,ORD0492201,2024-02-01 15:36:58,chat,product_complaint,normal,AG-05,resolved,2024-02-01 15:39:48,2024-02-05 01:58:05,1,
TCK0090489,500000006,ORD0501668,2024-02-01 17:47:24,chat,order_cancellation,low,AG-08,resolved,2024-02-01 17:48:46,2024-02-01 23:49:18,1,
TCK0090765,500000004,ORD0492201,2024-02-03 12:31:33,chat,returns_refunds,normal,AG-03,resolved,2024-02-03 12:35:37,2024-02-06 04:24:10,1,
TCK0090986,500002126,,2024-02-04 15:30:30,chat,product_question,normal,AG-11,resolved,2024-02-04 15:31:29,2024-02-04 22:33:12,1,2
TCK0091920,500000001,ORD0492381,2024-02-09 21:56:35,phone,returns_refunds,normal,AG-03,resolved,2024-02-09 21:57:50,2024-02-16 15:05:00,1,
TCK0091936,500000001,ORD0509375,2024-02-10 01:46:36,chat,order_cancellation,normal,AG-10,resolved,2024-02-10 01:48:23,2024-02-10 08:08:01,1,4
TCK0091966,500000001,ORD0509375,2024-02-10 08:22:36,chat,delivery_status,normal,AG-05,resolved,2024-02-10 08:25:02,2024-02-10 23:55:36,1,4
TCK0092004,500000002,ORD0505682,2024-02-10 12:42:58,chat,delivery_status,normal,AG-05,resolved,2024-02-10 12:44:24,2024-02-11 18:34:04,0,
TCK0092150,500000002,ORD0503378,2024-02-11 09:48:09,email,product_complaint,low,AG-03,resolved,2024-02-11 12:25:38,2024-02-18 13:51:36,0,
TCK0092943,500017366,,2024-02-15 05:14:22,phone,product_question,normal,AG-06,resolved,2024-02-15 05:14:45,2024-02-15 15:48:25,1,
TCK0092978,500032786,,2024-02-15 09:22:16,chat,product_question,low,AG-06,resolved,2024-02-15 09:30:09,2024-02-16 15:25:45,0,
TCK0092987,500000015,ORD0508527,2024-02-15 09:42:28,chat,delivery_status,normal,AG-01,resolved,2024-02-15 09:44:57,2024-02-15 16:21:31,1,4
TCK0093121,500000022,ORD0514793,2024-02-15 21:03:38,social,order_cancellation,normal,AG-02,resolved,2024-02-16 00:50:50,2024-02-17 16:25:03,1,
TCK0093851,500000004,ORD0504793,2024-02-19 08:06:44,chat,returns_refunds,normal,AG-05,resolved,2024-02-19 08:19:01,2024-02-20 08:21:09,1,
TCK0093957,500000004,ORD0502521,2024-02-19 15:52:37,social,product_complaint,normal,AG-07,resolved,2024-02-19 19:28:07,2024-02-28 00:58:48,1,
TCK0094059,500000001,ORD0506260,2024-02-20 08:56:25,email,product_complaint,high,AG-04,resolved,2024-02-20 12:34:06,2024-02-26 21:35:58,1,
TCK0094315,500000015,ORD0508527,2024-02-21 11:55:59,phone,delivery_status,normal,AG-01,resolved,2024-02-21 11:56:47,2024-02-21 17:20:24,0,
TCK0094420,500000020,ORD0516552,2024-02-21 20:00:44,chat,delivery_status,normal,AG-07,resolved,2024-02-21 20:02:02,2024-02-22 09:56:34,1,
