complaint_id,ticket_id,order_id,line_no,product_id,return_id,complaint_date,complaint_type,resolution,resolved_date,compensation_amount,handling_cost
CCL000327,TCK0003909,ORD0016597,1,4646091,RET0001776,2022-04-18,not_as_described,full_refund,2022-04-20,0.0,9.0
CCL000394,TCK0004388,ORD0026041,1,7182700,RET0002030,2022-04-22,not_as_described,goodwill_discount,2022-04-23,11.47,2.0
CCL000495,TCK0005147,ORD0028788,1,9841830,,2022-04-29,late_delivery,goodwill_discount,2022-04-30,1.74,2.0
CCL000638,TCK0006197,ORD0029991,1,6693651,RET0002957,2022-05-10,not_as_described,goodwill_discount,2022-05-15,5.56,2.0
CCL000700,TCK0006672,ORD0034265,1,3289377,RET0003171,2022-05-14,defect,rejected,2022-05-16,0.0,1.5
CCL000716,TCK0006823,ORD0035255,1,4365384,RET0003277,2022-05-16,not_as_described,full_refund,2022-05-19,0.0,9.0
CCL000787,TCK0007464,ORD0038834,1,5862621,RET0003638,2022-05-23,defect,rejected,2022-05-28,0.0,1.5
CCL001298,TCK0011752,ORD0070174,1,1162680,RET0006018,2022-07-07,defect,goodwill_discount,2022-07-09,29.66,2.0
CCL001884,TCK0016358,ORD0089981,1,4123600,,2022-08-21,late_delivery,partial_refund,2022-08-21,62.54,2.0
CCL002339,TCK0020398,ORD0119162,1,1099410,,2022-09-28,late_delivery,partial_refund,2022-09-28,5.34,2.0
CCL002492,TCK0021526,ORD0125693,1,9118832,RET0011264,2022-10-07,defect,full_refund,2022-10-13,0.0,9.0
CCL002754,TCK0023515,ORD0128162,1,8966163,RET0012299,2022-10-25,defect,full_refund,2022-10-29,0.0,9.0
CCL002766,TCK0023633,ORD0137941,1,3157737,,2022-10-26,defect,partial_refund,2022-11-03,33.74,2.0
CCL002841,TCK0024283,ORD0133367,1,2102225,RET0012706,2022-11-01,not_as_described,full_refund,2022-11-07,0.0,9.0
CCL003097,TCK0026738,ORD0152352,1,9319849,RET0014144,2022-11-26,defect,goodwill_discount,2022-12-15,16.57,2.0
CCL003106,TCK0026805,ORD0157240,1,4194454,RET0014177,2022-11-26,not_as_described,rejected,2022-12-25,0.0,1.5
CCL003179,TCK0027675,ORD0160635,1,6079235,,2022-11-30,late_delivery,partial_refund,2022-12-02,2.22,2.0
CCL004130,TCK0035139,ORD0198355,1,5114384,,2023-01-31,late_delivery,partial_refund,2023-02-02,8.75,2.0
CCL004183,TCK0035455,ORD0197425,1,1959257,,2023-02-02,late_delivery,store_credit,2023-02-03,5.39,2.0
CCL004836,TCK0040187,ORD0224646,1,2377662,,2023-03-12,defect,replacement,2023-03-16,0.0,58.5
CCL004883,TCK0040583,ORD0225726,1,5852256,,2023-03-15,wrong_item,partial_refund,2023-03-19,18.05,2.0
CCL004891,TCK0040626,ORD0222189,1,3554832,RET0021763,2023-03-15,damaged_in_transit,full_refund,2023-03-18,0.0,9.0
CCL005334,TCK0043979,ORD0243386,1,8966163,RET0023796,2023-04-10,damaged_in_transit,full_refund,2023-04-17,0.0,9.0
CCL005806,TCK0047399,ORD0270163,1,3243048,RET0025870,2023-05-03,defect,rejected,2023-05-12,0.0,1.5
CCL005896,TCK0048012,ORD0265602,1,7255659,,2023-05-07,not_as_described,replacement,2023-05-12,0.0,51.16
CCL005999,TCK0048747,ORD0269395,1,9755526,RET0026598,2023-05-13,defect,full_refund,2023-05-14,0.0,9.0
CCL006079,TCK0049226,ORD0269902,1,8488816,,2023-05-16,late_delivery,partial_refund,2023-05-17,22.04,2.0
CCL006203,TCK0050069,ORD0277321,1,9319849,RET0027395,2023-05-22,defect,rejected,2023-05-29,0.0,1.5
CCL006356,TCK0051141,ORD0287455,1,1162680,,2023-05-30,wrong_item,partial_refund,2023-06-01,23.91,2.0
CCL006356,TCK0051141,ORD0287455,1,1162680,,2023-05-30,wrong_item,partial_refund,2023-06-01,23.91,2.0
CCL006824,TCK0054249,ORD0304165,1,3583619,RET0030299,2023-06-22,defect,full_refund,2023-06-28,0.0,9.0
CCL007116,TCK0056315,ORD0314453,1,2102225,RET0031650,2023-07-07,defect,full_refund,2023-07-14,0.0,9.0
CCL007164,TCK0056717,ORD0320584,1,8966163,RET0031981,2023-07-10,defect,full_refund,2023-07-12,0.0,9.0
CCL007299,TCK0057817,ORD0324546,1,4747587,RET0032636,2023-07-17,not_as_described,full_refund,2023-07-21,0.0,9.0
CCL007373,TCK0058415,ORD0327617,1,9755526,RET0033037,2023-07-21,not_as_described,full_refund,2023-07-23,0.0,9.0
CCL007394,TCK0058542,ORD0330857,1,9841830,,2023-07-22,late_delivery,goodwill_discount,2023-07-23,0.78,2.0
CCL007572,TCK0059831,ORD0341413,1,4411802,RET0034021,2023-07-31,not_as_described,full_refund,2023-08-09,0.0,9.0
CCL007916,TCK0062275,ORD0352028,1,8536600,RET0035537,2023-08-18,damaged_in_transit,full_refund,2023-08-20,0.0,9.0
CCL007948,TCK0062493,ORD0350642,1,2565553,RET0035681,2023-08-20,not_as_described,full_refund,2023-08-25,0.0,9.0
CCL008325,TCK0065247,ORD0371559,1,1854723,RET0037417,2023-09-08,not_as_described,full_refund,2023-09-16,0.0,9.0
CCL008436,TCK0066031,ORD0370488,1,6953807,RET0037935,2023-09-13,not_as_described,full_refund,2023-09-18,0.0,9.0
CCL008513,TCK0066597,ORD0378616,1,8966163,,2023-09-16,late_delivery,store_credit,2023-09-16,20.04,2.0
CCL009268,TCK0071184,ORD0399761,1,5599767,,2023-10-11,damaged_in_transit,replacement,2023-11-01,0.0,16.71
CCL009301,TCK0071419,ORD0399208,1,4747587,RET0041205,2023-10-13,defect,full_refund,2023-10-14,0.0,9.0
CCL009369,TCK0071841,ORD0397380,1,6474782,RET0041387,2023-10-15,defect,full_refund,2023-10-24,0.0,9.0
CCL009732,TCK0074418,ORD0405696,1,6497266,RET0043116,2023-11-01,not_as_described,rejected,2023-11-07,0.0,1.5
CCL009768,TCK0074632,ORD0415757,1,9118281,RET0043379,2023-11-03,damaged_in_transit,full_refund,2023-11-04,0.0,9.0
CCL009896,TCK0075398,ORD0423418,1,2380478,RET0043935,2023-11-08,defect,full_refund,2023-11-17,0.0,9.0
CCL010250,TCK0077898,ORD0435554,1,1162680,RET0045510,2023-11-25,defect,full_refund,2023-11-30,0.0,9.0
CCL010417,TCK0079457,ORD0437061,1,2875921,RET0046189,2023-11-30,not_as_described,full_refund,2023-12-12,0.0,9.0
CCL010453,TCK0079634,ORD0429638,1,4098324,RET0046318,2023-12-01,damaged_in_transit,full_refund,2024-01-16,0.0,9.0
CCL010734,TCK0081537,ORD0454819,1,7182700,RET0047589,2023-12-08,damaged_in_transit,goodwill_discount,2023-12-09,6.48,2.0
CCL011005,TCK0082947,ORD0451994,1,8966163,,2023-12-16,wrong_item,partial_refund,2023-12-20,20.51,2.0
CCL011005,TCK0082947,ORD0451994,1,8966163,,2023-12-16,wrong_item,partial_refund,2023-12-20,20.51,2.0
CCL011137,TCK0083910,ORD0456285,1,4123600,RET0049112,2023-12-21,not_as_described,full_refund,2023-12-29,0.0,9.0
CCL011137,TCK0083910,ORD0456285,1,4123600,RET0049112,2023-12-21,not_as_described,full_refund,2023-12-29,0.0,9.0
CCL011383,TCK0085463,ORD0468007,1,5068008,,2023-12-30,late_delivery,partial_refund,2023-12-30,4.58,2.0
CCL011473,TCK0085925,ORD0469791,1,8795573,RET0050465,2024-01-02,defect,full_refund,2024-01-14,0.0,9.0
CCL011569,TCK0086522,ORD0467725,1,9841830,,2024-01-07,late_delivery,store_credit,2024-01-07,2.18,2.0
CCL011799,TCK0088119,ORD0480051,1,7182700,,2024-01-18,wrong_item,store_credit,2024-01-21,18.1,2.0
CCL011993,TCK0089313,ORD0489419,1,8758486,RET0052807,2024-01-25,not_as_described,rejected,2024-01-27,0.0,1.5
CCL012037,TCK0089540,ORD0489827,1,7201529,RET0053047,2024-01-27,defect,full_refund,2024-01-29,0.0,9.0
CCL012504,TCK0092859,ORD0510193,1,4170752,RET0055377,2024-02-14,defect,full_refund,2024-02-19,0.0,9.0
CCL012526,TCK0093023,ORD0499713,1,2299273,RET0055433,2024-02-15,damaged_in_transit,goodwill_discount,2024-02-16,1.26,2.0
CCL012581,TCK0093386,ORD0512399,1,1162680,,2024-02-17,late_delivery,partial_refund,2024-02-18,40.02,2.0
CCL012593,TCK0093457,ORD0511605,1,8966163,RET0055789,2024-02-17,defect,full_refund,2024-02-20,0.0,9.0
CCL012767,TCK0094524,ORD0512821,1,3243048,,2024-02-22,late_delivery,store_credit,2024-02-23,11.12,2.0
CCL012831,TCK0094991,ORD0509482,1,2731345,RET0056561,2024-02-24,defect,full_refund,2024-02-28,0.0,9.0
