discount_code,description,discount_pct,code_type,valid_from,valid_to,member_only
WELCOME5,Powitalny - pierwsze zamowienie,5,welcome,2022-03-01,2024-02-29,0
NEWSLETTER5,Zapis do newslettera,5,newsletter,2022-03-01,2024-02-29,0
SAVE10,Kod ogolny 10%,10,general,2022-03-01,2024-02-29,0
FRIEND10,Polecenie znajomemu,10,referral,2022-03-01,2024-02-29,0
VIP15,Dla czlonkow programu lojalnosciowego,15,loyalty,2022-03-01,2024-02-29,1
FLASH20,Wyprzedaz blyskawiczna,20,flash,2022-03-01,2024-02-29,0
AUTUMN15,Jesienna promocja,15,seasonal,2023-10-01,2023-11-30,0
BF10,Black Friday 10%,10,seasonal,2023-11-23,2023-11-26,0
BF15,Black Friday 15%,15,seasonal,2023-11-23,2023-11-26,0
BF20,Black Friday 20%,20,seasonal,2023-11-23,2023-11-26,0
XMAS10,Swiateczne 10%,10,seasonal,2023-12-01,2023-12-24,0
XMAS15,Swiateczne 15%,15,seasonal,2023-12-10,2023-12-24,0
WINTER15,Zimowa promocja,15,seasonal,2023-12-01,2024-02-29,0
JAN10,Wyprzedaz noworoczna 10%,10,seasonal,2024-01-02,2024-01-15,0
JAN10,Wyprzedaz noworoczna 10%,10,seasonal,2024-01-02,2024-01-15,0
JAN15,Wyprzedaz noworoczna 15%,15,seasonal,2024-01-02,2024-01-15,0
JAN20,Wyprzedaz noworoczna 20%,20,seasonal,2024-01-02,2024-01-15,0
AUTUMN15-22,Jesienna promocja 2022,15,seasonal,2022-10-01,2022-11-30,0
BF10-22,Black Friday 10% 2022,10,seasonal,2022-11-24,2022-11-27,0
BF15-22,Black Friday 15% 2022,15,seasonal,2022-11-24,2022-11-27,0
BF20-22,Black Friday 20% 2022,20,seasonal,2022-11-24,2022-11-27,0
XMAS10-22,Swiateczne 10% 2022,10,seasonal,2022-12-01,2022-12-24,0
XMAS15-22,Swiateczne 15% 2022,15,seasonal,2022-12-10,2022-12-24,0
WINTER15-22,Zimowa promocja 2022/23,15,seasonal,2022-12-01,2023-02-28,0
JAN10-23,Wyprzedaz noworoczna 10% 2023,10,seasonal,2023-01-03,2023-01-16,0
JAN15-23,Wyprzedaz noworoczna 15% 2023,15,seasonal,2023-01-03,2023-01-16,0
JAN20-23,Wyprzedaz noworoczna 20% 2023,20,seasonal,2023-01-03,2023-01-16,0
SPRING10-22,Wiosenna wyprzedaz 10% 2022,10,seasonal,2022-04-08,2022-04-18,0
SPRING15-22,Wiosenna wyprzedaz 15% 2022,15,seasonal,2022-04-08,2022-04-18,0
SUMMER10-22,Letnia wyprzedaz 10% 2022,10,seasonal,2022-07-01,2022-07-17,0
SUMMER15-22,Letnia wyprzedaz 15% 2022,15,seasonal,2022-07-01,2022-07-17,0
SUMMER20-22,Letnia wyprzedaz 20% 2022,20,seasonal,2022-07-01,2022-07-17,0
SUMMER20-22,Letnia wyprzedaz 20% 2022,20,seasonal,2022-07-01,2022-07-17,0
BTS10-22,Powrot do szkoly 10% 2022,10,seasonal,2022-08-29,2022-09-11,0
BTS15-22,Powrot do szkoly 15% 2022,15,seasonal,2022-08-29,2022-09-11,0
SPRING10-23,Wiosenna wyprzedaz 10% 2023,10,seasonal,2023-04-07,2023-04-17,0
SPRING15-23,Wiosenna wyprzedaz 15% 2023,15,seasonal,2023-04-07,2023-04-17,0
SUMMER10-23,Letnia wyprzedaz 10% 2023,10,seasonal,2023-06-30,2023-07-16,0
SUMMER15-23,Letnia wyprzedaz 15% 2023,15,seasonal,2023-06-30,2023-07-16,0
SUMMER20-23,Letnia wyprzedaz 20% 2023,20,seasonal,2023-06-30,2023-07-16,0
BTS10-23,Powrot do szkoly 10% 2023,10,seasonal,2023-08-28,2023-09-10,0
BTS15-23,Powrot do szkoly 15% 2023,15,seasonal,2023-08-28,2023-09-10,0
