order_id,line_no,product_id,quantity,unit_price,unit_cost
ORD0000214,1,5553390,1,51.94,26.38
ORD0001344,1,6517467,1,85.38,40.43
ORD0001344,1,6517467,1,85.38,40.43
ORD0001715,1,8966163,1,80.87,31.08
ORD0001952,1,3301602,1,45.74,16.36
ORD0002546,1,9829417,1,119.66,66.28
ORD0002911,1,8966163,1,82.74,31.08
ORD0003183,1,5114384,1,25.8,10.21
ORD0003814,1,9036326,1,7.62,3.04
ORD0004816,1,3503816,1,20.91,9.44
ORD0005760,1,9319849,1,148.13,79.8
ORD0006686,1,9261290,1,74.9,32.14
ORD0007357,1,5464062,1,18.62,7.54
ORD0007488,1,6245368,1,28.99,10.94
ORD0007841,1,1072276,1,46.74,20.56
ORD0008018,1,2102225,1,32.18,15.8
ORD0008080,1,6155600,1,51.35,18.21
ORD0008730,1,7275086,1,66.19,27.35
ORD0009270,1,7182700,1,91.31,45.08
ORD0009483,1,9755526,1,84.69,33.82
ORD0009954,1,9118832,1,168.4,76.49
ORD0010418,1,6245368,1,26.4,10.94
ORD0012244,1,2102225,1,35.11,15.8
ORD0012272,1,6854023,1,150.45,59.53
ORD0013587,1,5711182,1,89.95,38.5
ORD0013870,1,2875921,1,140.64,79.83
ORD0014108,1,6938043,1,43.64,19.61
ORD0016597,1,4646091,1,63.9,29.45
ORD0017258,1,8966163,1,81.39,31.08
ORD0017893,1,3243048,1,43.79,18.92
ORD0018355,1,7949185,1,39.6,11.71
ORD0019549,1,8800984,1,15.74,7.73
ORD0020335,1,7182700,1,99.18,45.08
ORD0020487,1,4489659,1,57.93,26.91
ORD0020714,1,1260475,1,183.12,85.27
ORD0020878,1,2292183,1,13.29,5.56
ORD0021064,1,3211935,1,55.07,23.59
ORD0021616,1,7182700,1,82.64,45.08
ORD0022652,1,9118281,1,16.74,8.01
ORD0022981,1,3243048,1,43.21,18.92
ORD0026041,1,7182700,1,95.94,45.08
ORD0026237,1,4747587,1,75.25,31.5
ORD0026263,1,5822751,1,60.33,29.74
ORD0026763,1,9036326,1,8.42,3.04
ORD0028788,1,9841830,1,11.66,5.29
ORD0029991,1,6693651,1,34.71,13.64
ORD0034265,1,3289377,1,60.19,31.48
ORD0035255,1,4365384,1,205.8,89.97
ORD0037108,1,5862621,1,48.52,17.87
ORD0037319,1,7182700,1,86.9,45.08
ORD0037653,1,1162680,1,224.41,92.18
ORD0038834,1,5862621,1,41.83,17.87
ORD0040319,1,4747587,1,74.85,31.5
ORD0041535,1,2295523,1,48.32,19.43
ORD0043202,1,6517467,1,93.22,40.43
ORD0043694,1,2102225,1,34.75,15.8
ORD0047594,1,1080071,1,40.8,17.35
ORD0048427,1,9841830,1,12.32,5.29
ORD0048543,1,7182700,1,84.94,45.08
ORD0048545,1,1517547,1,22.17,11.18
ORD0051129,1,2102225,1,38.59,15.8
ORD0051194,1,4143393,1,223.39,99.76
ORD0054477,1,8966163,1,91.56,31.08
ORD0054477,1,8966163,1,91.56,31.08
ORD0054864,1,7182700,1,$82.38,45.08
ORD0055448,1,7567958,1,83.73,43.3
ORD0056156,1,2731345,1,48.95,25.31
ORD0058508,1,4747587,1,72.7,31.5
ORD0060106,1,1038403,1,55.04,25.5
ORD0060309,1,5862621,1,46.75,17.87
ORD0060796,1,7448961,1,15.36,5.13
ORD0060995,1,9755526,1,80.73,33.82
ORD0061723,1,9198161,1,117.01,63.57
ORD0062401,1,7047405,1,26.13,11.99
ORD0063329,1,2102225,1,36.89,15.8
ORD0064218,1,1162680,1,207.08,92.18
ORD0064496,1,1083413,1,72.11,34.21
ORD0065567,1,7182700,1,89.04,45.08
ORD0066390,1,3002277,1,41.37,16.41
ORD0066871,1,1428173,1,116.85,49.88
ORD0068367,1,1383693,1,39.59,17.76
ORD0068680,1,6362414,1,23.47,9.75
ORD0068733,1,4170752,1,223.36,92.37
ORD0070174,1,1162680,1,230.6,92.18
ORD0072280,1,6079235,1,8.68,3.73
ORD0073001,1,7346335,1,70.53,29.04
ORD0074154,1,9198161,1,123.23,63.57
ORD0074972,1,3852546,1,71.39,32.63
ORD0077893,1,9248008,1,121.6,33.66
ORD0078943,1,2102225,1,37.4,15.8
ORD0079082,1,4098324,1,23.06,8.83
ORD0079788,1,4194454,1,60.38,26.2
ORD0080993,1,8634461,1,20.95,10.31
ORD0081193,1,8966163,1,87.22,31.08
ORD0082041,1,4356662,1,223.93,107.09
ORD0082555,1,1356979,1,30.14,13.33
ORD0083678,1,1522015,1,113.64,58.42
ORD0086429,1,5068008,1,18.32,8.05
ORD0086682,1,2102225,1,36.78,15.8
ORD0089113,1,4994348,1,63.03,21.75
ORD0089981,1,4123600,1,175.51,68.38
ORD0090022,1,9388289,1,79.61,33.62
ORD0091045,1,8966163,1,82.4,31.08
ORD0091153,1,8966163,1,79.68,31.08
ORD0091193,1,4194454,1,65.15,26.2
ORD0091304,1,7729308,1,43.46,17.93
ORD0092483,1,8754194,1,54.52,22.66
ORD0092660,1,9319849,1,148.02,79.8
ORD0093576,1,4705110,1,21.14,9.88
ORD0094035,1,4747587,1,75.56,31.5
ORD0095555,1,2731345,1,56.77,25.31
ORD0096962,1,8634461,1,20.45,10.31
ORD0098000,1,7182700,1,87.96,45.08
ORD0098284,1,4098324,1,24.01,8.83
ORD0100188,1,3852546,1,67.68,32.63
ORD0102038,1,3676700,1,75.14,26.02
ORD0102370,1,8758486,1,84.01,35.47
ORD0103714,1,8966163,1,79.76,31.08
ORD0105100,1,9388289,1,74.39,33.62
ORD0106512,1,1260475,1,195.41,85.27
ORD0107390,1,4098324,1,22.81,8.83
ORD0110948,1,8634461,1,21.13,10.31
ORD0110948,1,8634461,1,21.13,10.31
ORD0112270,1,6953807,1,11.81,5.69
ORD0112623,1,2102225,1,38.43,15.8
ORD0113079,1,7182700,1,97.92,45.08
ORD0115791,1,9319849,1,137.1,79.8
ORD0116437,1,1079923,1,106.68,46.99
ORD0116944,1,3006131,1,106.5,60.6
ORD0117330,1,5822751,1,70.63,29.74
ORD0119162,1,1099410,1,16.21,6.46
ORD0119450,1,2102225,1,35.73,15.8
ORD0120162,1,8966163,1,91.88,31.08
ORD0120659,1,4123600,1,173.46,68.38
ORD0120659,1,4123600,1,173.46,68.38
ORD0121192,1,1428173,1,97.92,49.88
ORD0122726,1,2102225,1,34.5,15.8
ORD0123475,1,4705110,1,19.96,9.88
ORD0125082,1,9319849,1,153.93,79.8
ORD0125693,1,9118832,1,172.06,76.49
ORD0126112,1,9118832,1,171.85,76.49
ORD0126311,1,4762867,1,16.43,7.31
ORD0126834,1,2993399,1,90.31,44.48
ORD0128162,1,8966163,1,77.25,31.08
ORD0128275,1,2102225,1,34.29,15.8
ORD0130311,1,4747587,1,82.6,31.5
ORD0130803,1,7729308,1,42.09,17.93
ORD0131268,1,8758486,1,94.84,35.47
ORD0133367,1,2102225,1,34.84,15.8
ORD0134657,1,4476707,1,99.23,40.85
ORD0135906,1,8966163,1,87.44,31.08
ORD0136338,1,5599767,1,15.08,6.09
ORD0136948,1,3852546,1,77.32,32.63
ORD0136969,1,4747587,1,77.34,31.5
ORD0137941,1,3157737,1,88.77,39.65
ORD0138764,1,3346010,1,29.45,10.1
ORD0140247,1,7275086,1,58.91,27.35
ORD0141693,1,2102225,1,36.08,15.8
ORD0143540,1,1430298,1,130.95,60.57
ORD0144185,1,9841830,1,11.42,5.5
ORD0144746,1,7729308,1,40.85,17.93
ORD0144940,1,3676700,1,70.38,26.8
ORD0145781,1,9800243,1,84.6,35.78
ORD0145795,1,3243048,1,46.25,19.49
ORD0147188,1,6362414,1,22.94,9.75
ORD0149317,1,6362414,1,22.13,9.75
ORD0152352,1,9319849,1,163.22,79.8
ORD0156194,1,8966163,1,91.98,31.7
ORD0157240,1,4194454,1,64.94,26.2
ORD0157477,1,2102225,1,33.95,15.8
ORD0158768,1,4194454,1,67.93,26.2
ORD0158955,1,8016491,1,151.26,73.29
ORD0160213,1,4747587,1,72.51,31.5
ORD0160635,1,6079235,1,9.56,3.73
ORD0161961,1,5908484,1,187.35,100.04
ORD0162872,1,9118832,1,169.29,76.49
ORD0164528,1,9319849,1,157.27,79.8
ORD0165668,1,4143393,1,222.85,99.76
ORD0165772,1,8966163,1,$79.91,31.7
ORD0166604,1,3289377,1,60.36,31.48
ORD0166941,1,9118832,1,175.74,76.49
ORD0169412,1,9829417,1,126.85,66.28
ORD0169548,1,2295523,1,46.35,19.43
ORD0171243,1,2102225,1,37.25,15.8
ORD0171348,1,3243048,1,42.68,19.49
ORD0171645,1,7182700,1,99.69,45.98
ORD0172107,1,8634461,1,22.1,10.31
ORD0176307,1,5027667,1,114.21,50.33
ORD0177502,1,8966163,1,81.27,31.7
ORD0178353,1,3503816,1,23.38,9.63
ORD0179561,1,7729308,1,39.37,17.93
ORD0180756,1,5315329,1,36.68,18.54
ORD0182050,1,3243048,1,40.25,19.49
ORD0182439,1,4646091,1,76.66,30.33
ORD0182625,1,4705110,1,18.1,10.18
ORD0184018,1,2102225,1,36.34,15.8
ORD0186602,1,6960004,1,52.49,16.82
ORD0186919,1,8754194,1,55.24,22.66
ORD0190502,1,2292183,1,14.28,5.73
ORD0190975,1,8758486,1,90.77,35.47
ORD0191357,1,4170752,1,217.25,
ORD0192297,1,9319849,1,156.39,79.8
ORD0192405,1,8966163,1,82.13,31.7
ORD0192525,1,4143393,1,209.82,99.76
ORD0193320,1,6529231,1,27.69,12.4
ORD0195354,1,2102225,1,34.2,15.8
ORD0197030,1,1356979,1,30.95,13.33
ORD0197425,1,1959257,1,20.85,7.34
ORD0198242,1,9829417,1,130.7,66.28
ORD0198355,1,5114384,1,25.94,10.52
ORD0200184,1,5822751,1,70.02,29.74
ORD0203857,1,8758486,1,92.78,35.47
ORD0204032,1,9118832,1,154.45,78.78
ORD0204104,1,4076320,1,12.74,5.14
ORD0204260,1,9841830,1,11.86,5.5
ORD0205792,1,7182700,1,82.24,45.98
ORD0208219,1,5908484,1,186.75,100.04
ORD0208573,1,1356979,1,28.79,13.33
ORD0209862,1,3698437,1,57.72,28.34
ORD0210990,1,8966163,1,88.59,31.7
ORD0212112,1,6953807,1,13.93,5.86
ORD0212435,1,8966163,1,87.3,31.7
ORD0213282,1,7303637,1,80.28,36.55
ORD0214159,1,5908484,1,201.61,100.04
ORD0214159,1,5908484,1,201.61,100.04
ORD0214437,1,8966163,1,81.35,31.7
ORD0215618,1,7182700,1,96.08,45.98
ORD0217022,1,7201529,1,80.93,35.86
ORD0218448,1,1959257,1,21.24,7.34
ORD0219192,1,9198161,1,114.86,66.11
ORD0222151,1,2102225,1,32.57,15.8
ORD0222189,1,3554832,1,53.16,26.69
ORD0222287,1,5599767,1,16.42,6.09
ORD0223869,1,2102225,1,36.53,15.8
ORD0224574,1,1162680,1,207.81,94.95
ORD0224646,1,2377662,1,104.37,48.0
ORD0225461,1,9829417,1,128.43,66.28
ORD0225726,1,5852256,1,47.82,18.6
ORD0226995,1,8966163,1,86.3,31.7
ORD0227915,1,9755526,1,91.05,34.83
ORD0233570,1,7201529,1,79.33,35.86
ORD0233662,1,7182700,1,91.66,45.98
ORD0234175,1,6245368,1,28.18,11.27
ORD0234216,1,9198161,1,117.14,66.11
ORD0236174,1,9755526,1,89.64,34.83
ORD0237189,1,9036326,1,8.7,3.13
ORD0237217,1,8966163,1,88.18,31.7
ORD0240609,1,6953807,1,14.18,5.86
ORD0241141,1,9388289,1,69.79,33.62
ORD0243386,1,8966163,1,90.13,31.7
ORD0244243,1,3781033,1,44.44,19.54
ORD0251231,1,1204442,1,109.85,52.05
ORD0251818,1,3243048,1,45.25,19.49
ORD0254270,1,8488816,1,61.78,28.04
ORD0254429,1,4705110,1,21.12,10.18
ORD0256032,1,8634461,1,19.71,10.62
ORD0256888,1,2102225,1,38.77,15.8
ORD0258219,1,2102225,1,36.62,15.8
ORD0260141,1,4663963,1,32.41,14.38
ORD0260617,1,2704704,1,97.11,52.99
ORD0265361,1,8758486,1,88.37,36.89
ORD0265562,1,6695684,1,53.89,23.61
ORD0265602,1,7255659,1,91.84,40.66
ORD0265985,1,6380274,1,183.43,92.66
ORD0266532,1,6338037,1,39.44,17.9
ORD0268452,1,5114384,1,29.51,10.52
ORD0268770,1,7567958,1,100.29,44.6
ORD0269395,1,9755526,1,77.63,34.83
ORD0269902,1,8488816,1,59.5,28.04
ORD0270163,1,3243048,1,43.65,20.46
ORD0271485,1,1850756,1,50.58,21.01
ORD0273028,1,3428363,1,73.28,27.82
ORD0274317,1,3330012,1,20.56,9.32
ORD0274685,1,4236332,1,36.26,16.64
ORD0274736,1,4747587,1,73.28,31.5
ORD0275425,1,8746636,1,57.97,30.13
ORD0276017,1,8966163,1,92.21,31.7
ORD0276390,1,3206674,1,26.64,12.03
ORD0277321,1,9319849,1,158.35,82.19
ORD0279827,1,6024870,1,33.63,16.68
ORD0280569,1,8966163,1,90.2,
ORD0281474,1,8966163,1,84.8,31.7
ORD0283021,1,2875921,1,149.01,82.22
ORD0283288,1,1162680,1,225.09,94.95
ORD0284187,1,3163829,1,37.21,18.1
ORD0287156,1,7182700,1,87.83,45.98
ORD0287285,1,7373415,1,30.65,13.22
ORD0287455,1,1162680,1,223.49,94.95
ORD0288573,1,3428363,1,75.68,27.82
ORD0288611,1,8966163,1,79.09,31.7
ORD0290229,1,8966163,1,77.11,31.7
ORD0290238,1,1162680,1,234.03,94.95
ORD0290368,1,6693651,1,36.15,14.18
ORD0292365,1,4489659,1,58.71,26.91
ORD0293045,1,4194454,1,71.66,26.2
ORD0295172,1,2102225,1,38.0,15.8
ORD0296546,1,8838340,1,35.31,16.03
ORD0300670,1,4194454,1,63.3,26.2
ORD0301454,1,3781033,1,44.06,20.12
ORD0302789,1,6810241,1,17.19,7.43
ORD0304165,1,3583619,1,27.4,9.33
ORD0305022,1,2704704,1,102.7,52.99
ORD0305152,1,9800243,1,91.48,37.21
ORD0306332,1,9829417,1,115.52,68.27
ORD0307183,1,3004815,1,66.45,31.22
ORD0307519,1,8634461,1,22.29,11.25
ORD0310859,1,5114384,1,25.21,11.15
ORD0311465,1,6693651,1,31.04,14.18
ORD0311734,1,9315482,1,70.06,28.63
ORD0314453,1,2102225,1,32.15,16.28
ORD0314702,1,7567958,1,89.87,44.6
ORD0314712,1,1162680,1,221.67,100.64
ORD0316599,1,7630387,1,28.1,13.71
ORD0317551,1,9800243,1,85.85,37.21
ORD0320457,1,6520765,1,58.85,30.89
ORD0320584,1,8966163,1,78.37,31.7
ORD0323463,1,7182700,1,87.81,45.98
ORD0323712,1,8721483,1,36.38,18.08
ORD0324057,1,1162680,1,207.72,100.64
ORD0324433,1,4194454,1,66.13,26.98
ORD0324546,1,4747587,1,85.05,32.13
ORD0325419,1,1260475,1,173.64,114.5
ORD0327617,1,9755526,1,77.45,34.83
ORD0327666,1,1428173,1,110.99,50.88
ORD0327712,1,8966163,1,81.43,31.7
ORD0328708,1,1260475,1,171.43,114.5
ORD0329537,1,9829417,1,120.93,83.97
ORD0330222,1,7182700,1,86.14,45.98
ORD0330857,1,9841830,1,12.34,5.83
ORD0331059,1,7182700,1,97.42,45.98
ORD0332274,1,8926382,1,39.06,14.78
ORD0332647,1,3163829,1,$39.53,18.1
ORD0334337,1,9748139,1,20.27,7.59
ORD0334680,1,7567958,1,95.4,44.6
ORD0338206,1,3852546,1,70.09,35.62
ORD0339131,1,4705110,1,20.15,10.18
ORD0339274,1,3817121,1,78.73,33.98
ORD0339492,1,3163829,1,40.21,18.1
ORD0340642,1,1099410,1,15.11,6.59
ORD0341413,1,4411802,1,70.96,24.35
ORD0341532,1,5186154,1,92.97,44.66
ORD0343315,1,9829417,1,120.96,68.27
ORD0343841,1,1428173,1,115.75,50.88
ORD0345186,1,3318117,1,45.85,22.63
ORD0345186,1,3318117,1,45.85,22.63
ORD0347126,1,4994348,1,62.1,22.19
ORD0350642,1,2565553,1,19.29,7.43
ORD0350687,1,6245368,1,24.31,11.27
ORD0350730,1,4170752,1,217.95,100.85
ORD0351170,1,9755526,1,79.98,34.83
ORD0351273,1,7047405,1,25.42,12.47
ORD0352028,1,8536600,1,20.16,9.15
ORD0352069,1,9118281,1,17.88,8.17
ORD0354114,1,7182700,1,98.9,56.56
ORD0357053,1,5068008,1,17.44,8.62
ORD0358792,1,7182700,1,99.14,47.36
ORD0361947,1,2102225,1,33.77,16.28
ORD0363807,1,3211935,1,62.75,24.3
ORD0364181,1,4958034,1,36.87,17.75
ORD0364797,1,7474821,1,48.67,21.8
ORD0366754,1,8966163,1,76.49,40.17
ORD0367420,1,7047405,1,28.08,12.47
ORD0370488,1,6953807,1,13.96,6.21
ORD0371559,1,1854723,1,42.82,23.44
ORD0371757,1,8903471,1,21.69,12.74
ORD0372694,1,3243048,1,41.77,20.46
ORD0372796,1,3698437,1,52.86,36.95
ORD0373493,1,4489659,1,62.86,27.72
ORD0373568,1,3243048,1,45.09,20.46
ORD0374682,1,9755526,1,82.32,36.23
ORD0378051,1,8966163,1,79.17,32.66
ORD0378616,1,8966163,1,86.96,32.66
ORD0379652,1,8966163,1,87.75,32.66
ORD0380282,1,7182700,1,90.78,47.36
ORD0381493,1,3817121,1,76.66,41.8
ORD0381621,1,9036326,1,7.87,3.45
ORD0382587,1,4356662,1,$213.26,116.92
ORD0382908,1,1522015,1,117.02,63.79
ORD0383520,1,5234930,1,173.48,98.21
ORD0384640,1,4747587,1,85.03,32.13
ORD0386660,1,5599767,1,14.21,6.21
ORD0386994,1,3163829,1,37.51,18.1
ORD0388506,1,9645778,1,28.56,13.71
ORD0392127,1,1072276,1,40.62,20.97
ORD0392339,1,1111123,1,53.05,21.16
ORD0392339,1,1111123,1,53.05,21.16
ORD0392628,1,1162680,1,209.28,100.64
ORD0393745,1,8966163,1,81.88,
ORD0396789,1,5781989,1,70.85,39.9
ORD0397380,1,6474782,1,83.03,37.78
ORD0398078,1,7182700,1,95.3,47.36
ORD0399208,1,4747587,1,80.8,32.13
ORD0399761,1,5599767,1,16.08,6.21
ORD0400346,1,6543834,1,15.86,5.99
ORD0400916,1,4747587,1,73.66,32.13
ORD0401075,1,3163829,1,38.34,18.1
ORD0405696,1,6497266,1,11.45,4.33
ORD0407914,1,9036326,1,8.33,3.45
ORD0408824,1,2292183,1,13.36,5.96
ORD0409511,1,5908484,1,193.41,102.04
ORD0409598,1,6497266,1,11.53,4.33
ORD0410912,1,4994348,1,61.43,28.11
ORD0412617,1,1162680,1,209.14,100.64
ORD0412886,1,6944057,1,54.42,27.42
ORD0414788,1,9261290,1,90.19,36.49
ORD0414830,1,2102225,1,35.26,16.28
ORD0415757,1,9118281,1,16.8,8.42
ORD0423418,1,2380478,1,46.97,24.76
ORD0423529,1,8966163,1,76.44,32.66
ORD0423854,1,9118832,1,160.64,83.51
ORD0424375,1,8966163,1,76.67,32.66
ORD0425363,1,6693651,1,36.27,14.89
ORD0428336,1,6380274,1,159.98,98.21
ORD0428633,1,7182700,1,97.78,47.36
ORD0429203,1,2102225,1,32.63,16.28
ORD0429638,1,4098324,1,23.79,9.01
ORD0431575,1,3852546,1,65.98,35.62
ORD0434591,1,9118281,1,17.19,8.42
ORD0435110,1,9746038,1,36.17,16.67
ORD0435303,1,8966163,1,81.06,32.66
ORD0435554,1,1162680,1,222.88,100.64
ORD0435718,1,8966163,1,90.79,32.66
ORD0437061,1,2875921,1,145.25,87.15
ORD0437636,1,7182700,1,99.0,47.36
ORD0440373,1,1099410,1,17.68,6.59
ORD0441373,1,5114384,1,25.94,11.15
ORD0441443,1,2102225,1,36.21,16.28
ORD0442601,1,9755526,1,$79.08,36.23
ORD0443334,1,7182700,1,88.07,47.36
ORD0444451,1,6079235,1,9.35,5.01
ORD0444928,1,7946407,1,69.76,30.72
ORD0445912,1,5466720,1,110.44,51.79
ORD0449233,1,4747587,1,75.85,32.13
ORD0451158,1,8795573,1,26.82,13.78
ORD0451994,1,8966163,1,86.88,32.66
ORD0452234,1,6474782,1,85.37,37.78
ORD0452962,1,1083413,1,71.75,38.85
ORD0452984,1,8966163,1,82.75,32.66
ORD0453552,1,4236332,1,42.06,17.47
ORD0453931,1,9075437,1,27.54,12.92
ORD0454819,1,7182700,1,89.49,47.36
ORD0456285,1,4123600,1,158.72,75.38
ORD0458389,1,4098324,1,20.1,9.01
ORD0458908,1,3428363,1,75.32,28.65
ORD0459761,1,4870730,1,20.8,12.75
ORD0459809,1,5862621,1,46.24,18.41
ORD0459888,1,7171122,1,75.99,28.59
ORD0462111,1,1029072,1,48.55,25.21
ORD0462946,1,7729308,1,44.29,
ORD0465144,1,9829417,1,113.92,68.27
ORD0465178,1,5068008,1,15.92,8.62
ORD0465446,1,1260475,1,176.78,93.09
ORD0467725,1,9841830,1,12.64,5.83
ORD0467959,1,1162680,1,217.15,
ORD0468007,1,5068008,1,16.81,8.62
ORD0468078,1,6768228,1,18.06,11.53
ORD0468642,1,8966163,1,91.81,40.17
ORD0468642,1,8966163,1,91.81,40.17
ORD0469791,1,8795573,1,29.17,13.78
ORD0470394,1,8966163,1,78.32,32.66
ORD0471285,1,6854023,1,134.29,61.31
ORD0471675,1,7567958,1,94.87,46.38
ORD0475088,1,5599767,1,15.09,6.21
ORD0475169,1,9065490,1,115.14,46.91
ORD0475961,1,9036326,1,7.97,3.59
ORD0476342,1,9036326,1,8.08,3.59
ORD0480051,1,7182700,1,87.4,47.36
ORD0481024,1,9118832,1,154.74,83.51
ORD0484449,1,2102225,1,33.8,16.28
ORD0484838,1,9829417,1,$118.9,68.27
ORD0486061,1,1162680,1,229.86,106.68
ORD0486715,1,8795573,1,26.92,13.78
ORD0487450,1,1072276,1,47.05,20.55
ORD0489416,1,6380274,1,169.38,120.8
ORD0489419,1,8758486,1,86.02,38.73
ORD0489827,1,7201529,1,95.35,40.29
ORD0492538,1,7729308,1,44.18,20.75
ORD0493844,1,1038403,1,59.5,27.32
ORD0494367,1,8966163,1,83.06,32.66
ORD0494519,1,9841830,1,13.0,5.83
ORD0495512,1,5822751,1,58.62,30.63
ORD0497552,1,7630387,1,33.66,13.44
ORD0499713,1,2299273,1,25.07,10.11
ORD0500673,1,5068008,1,18.62,8.62
ORD0503373,1,4762867,1,15.95,7.3
ORD0504785,1,3781033,1,48.84,20.12
ORD0509482,1,2731345,1,47.51,26.33
ORD0510193,1,4170752,1,201.03,106.91
ORD0511605,1,8966163,1,79.63,32.66
ORD0512399,1,1162680,1,202.66,106.68
ORD0512821,1,3243048,1,40.61,22.35
ORD0513476,1,9755526,1,75.77,36.23
ORD0513693,1,8966163,1,92.74,32.66
ORD0514312,1,3554832,1,59.8,26.68
ORD0514411,1,9841830,1,13.09,6.3
ORD0514657,1,5599030,1,30.46,9.44
ORD0516552,1,7180258,1,71.36,33.05
ORD0517090,1,9755526,1,89.76,36.23
ORD0517928,1,8634461,1,19.95,11.93
ORD0517928,1,8634461,1,19.95,11.93
ORD0519739,1,9829417,1,122.4,68.27
ORD0519943,1,4489659,1,65.14,27.72
ORD0520478,1,1038403,1,59.26,27.32
ORD0522390,1,6245368,1,24.88,11.72
ORD0522587,1,9841830,1,12.7,6.3
ORD0522612,1,6024870,1,33.79,16.68
ORD0522901,1,9829417,1,138.47,68.27
ORD0523044,1,9554682,1,91.65,45.69
ORD0523774,1,1099410,1,14.88,6.46
ORD0523959,1,9075437,1,26.54,12.92
ORD0527714,1,4747587,1,74.26,31.49
ORD0527914,1,4958034,1,36.89,18.64
