po_id,supplier_id,product_id,order_date,promised_date,quantity_ordered,unit_purchase_price,status
PO0000026,SUP-10,4123600,2022-03-15,2022-04-14,97,69.31,received
PO0000038,SUP-09,9315482,2022-03-16,2022-04-13,48,27.76,received
PO0000048,SUP-10,9841830,2022-03-19,2022-04-18,286,5.34,received
PO0000075,SUP-10,8488816,2022-03-23,2022-04-22,36,27.03,short_received
PO0000076,SUP-07,1072276,2022-03-24,2022-04-14,29,20.41,received
PO0000081,SUP-07,8721483,2022-03-24,2022-04-14,62,14.45,received
PO0000101,SUP-7,7255659,2022-03-26,2022-04-16,41,40.54,received
PO0000114,SUP-06,7201529,2022-03-27,2022-04-17,74,34.79,received
PO0000122,SUP-07,1079923,2022-03-28,2022-04-18,63,46.64,received
PO0000125,SUP-05,4236332,2022-03-28,2022-04-15,82,$15.36,received
PO0000170,SUP-12,5862621,2022-04-03,2022-04-15,125,17.67,received
PO0000216,SUP-02,9118281,2022-04-10,2022-04-20,42,8.01,received
PO0000246,SUP-10,8488816,2022-04-24,2022-05-24,43,26.67,received
PO0000288,SUP-06,7201529,2022-05-02,2022-05-23,90,35.16,received
PO0000298,SUP-09,9315482,2022-05-03,2022-05-31,51,28.02,received
PO0000300,SUP-07,1072276,2022-05-04,2022-05-25,32,20.74,received
PO0000315,SUP-07,1079923,2022-05-07,2022-05-28,73,47.7,received
PO0000320,SUP-10,4123600,2022-05-07,2022-06-06,101,69.06,received
PO0000344,SUP-10,9841830,2022-05-10,2022-06-09,297,5.36,short_received
PO0000347,SUP-12,5862621,2022-05-11,2022-05-23,143,18.12,received
PO0000356,SUP-12,8016491,2022-05-12,2022-05-24,38,$73.4,received
PO0000357,SUP-08,1038403,2022-05-13,2022-06-07,32,25.22,received
PO0000413,SUP-07,8721483,2022-05-22,2022-06-12,55,14.3,received
PO0000414,SUP-02,9118281,2022-05-22,2022-06-01,44,8.07,received
PO0000456,SUP-01,4476707,2022-06-01,2022-06-08,386,$39.82,received
PO0000459,SUP-03,9940011,2022-06-01,2022-06-15,204,19.48,received
PO0000465,SUP-10,8488816,2022-06-02,2022-07-02,52,26.81,received
PO0000510,SUP-05,7427053,2022-06-13,2022-07-01,58,27.4,received
PO0000517,SUP-06,7201529,2022-06-15,2022-07-06,111,35.27,received
PO0000518,SUP-8,1038403,2022-06-16,2022-07-11,39,25.47,short_received
PO0000521,SUP-9,4076320,2022-06-16,2022-07-14,36,5.09,received
PO0000548,SUP-10,9841830,2022-06-20,2022-07-20,310,5.29,received
PO0000553,SUP-07,1072276,2022-06-23,2022-07-14,32,20.45,received
PO0000565,SUP-12,5862621,2022-06-25,2022-07-07,150,17.64,received
PO0000587,SUP-07,1079923,2022-06-28,2022-07-19,68,47.32,received
PO0000593,SUP-10,4123600,2022-06-29,2022-07-29,92,68.69,received
PO0000620,SUP-10,5781989,2022-07-05,2022-08-04,29,35.98,received
PO0000623,SUP-07,8721483,2022-07-05,2022-07-26,57,14.21,received
PO0000639,SUP-03,3487534,2022-07-09,2022-07-23,42,10.2,short_received
PO0000647,SUP-02,9118281,2022-07-09,2022-07-19,50,7.95,received
PO0000698,SUP-09,9315482,2022-07-17,2022-08-14,38,27.73,received
PO0000734,SUP-10,8488816,2022-07-26,2022-08-25,48,26.99,received
PO0000777,SUP-06,7201529,2022-08-06,2022-08-27,104,35.05,received
PO0000779,SUP-10,9841830,2022-08-06,2022-09-05,308,5.25,received
PO0000781,SUP-12,5862621,2022-08-07,2022-08-19,155,17.96,received
PO0000784,SUP-07,1079923,2022-08-08,2022-08-29,76,46.53,received
PO0000846,SUP-09,9315482,2022-08-18,2022-09-15,46,28.14,received
PO0000849,SUP-10,4123600,2022-08-20,2022-09-19,105,68.63,received
PO0000887,SUP-07,8721483,2022-08-27,2022-09-17,53,14.3,received
PO0000912,SUP-07,1072276,2022-09-03,2022-09-24,27,20.41,received
PO0000925,SUP-02,9118281,2022-09-06,2022-09-16,43,8.07,received
PO0000978,SUP-12,5862621,2022-09-16,2022-09-28,167,17.61,received
PO0000996,SUP-10,8488816,2022-09-19,2022-10-19,45,28.11,received
PO0001042,SUP-07,8721483,2022-09-25,2022-10-16,68,14.41,received
PO0001067,SUP-06,7201529,2022-09-28,2022-10-19,97,35.27,received
PO0001075,SUP-10,9841830,2022-09-29,2022-10-29,313,5.57,short_received
PO0001076,SUP-10,4123600,2022-09-30,2022-10-30,111,70.09,short_received
PO0001078,SUP-07,1079923,2022-10-01,2022-10-22,70,46.96,received
PO0001082,SUP-09,9315482,2022-10-01,2022-10-29,48,28.17,received
PO0001086,SUP-07,1072276,2022-10-03,2022-10-24,34,20.35,received
PO0001122,SUP-02,9118281,2022-10-12,2022-10-22,53,8.21,received
PO0001167,SUP-07,3554832,2022-10-22,2022-11-12,125,26.57,received
PO0001210,SUP-10,8488816,2022-10-30,2022-11-29,50,28.16,short_received
PO0001215,SUP-12,5862621,2022-10-31,2022-11-12,176,18.01,received
PO0001244,SUP-06,7201529,2022-11-08,2022-11-29,106,35.1,received
PO0001249,SUP-10,4123600,2022-11-10,2022-12-10,112,71.2,received
PO0001273,SUP-07,1079923,2022-11-16,2022-12-07,72,47.04,received
PO0001281,SUP-10,9841830,2022-11-17,2022-12-17,323,5.47,received
PO0001306,SUP-07,1072276,2022-11-24,2022-12-15,34,20.37,received
PO0001320,SUP-09,9315482,2022-11-24,2022-12-22,43,27.6,received
PO0001349,SUP-07,8721483,2022-11-26,2022-12-17,57,14.25,received
PO0001383,SUP-10,8488816,2022-11-29,2022-12-29,60,28.42,received
PO0001394,SUP-02,9118281,2022-12-03,2022-12-13,51,8.24,received
PO0001437,SUP-12,5862621,2022-12-18,2022-12-30,171,17.84,short_received
PO0001446,SUP-06,6079235,2022-12-19,2023-01-09,234,3.86,received
PO0001468,SUP-10,9841830,2022-12-22,2023-01-21,380,5.43,short_received
PO0001482,SUP-10,4123600,2022-12-25,2023-01-24,110,71.47,received
PO0001494,SUP-06,7201529,2022-12-26,2023-01-16,110,35.8,received
PO0001531,SUP-07,1079923,2023-01-07,2023-01-28,69,47.13,received
PO0001554,SUP-09,9315482,2023-01-11,2023-02-08,44,27.97,received
PO0001565,SUP-07,1072276,2023-01-14,2023-02-04,33,20.84,received
PO0001571,SUP-02,9118281,2023-01-14,2023-01-24,58,8.1,received
PO0001576,SUP-07,8721483,2023-01-15,2023-02-05,56,14.23,received
PO0001615,SUP-12,5862621,2023-01-28,2023-02-09,147,17.81,received
PO0001687,SUP-10,9841830,2023-02-08,2023-03-10,328,5.51,received
PO0001707,SUP-10,8488816,2023-02-11,2023-03-13,48,27.65,received
PO0001716,SUP-07,1079923,2023-02-13,2023-03-06,74,46.99,received
PO0001720,SUP-10,4123600,2023-02-13,2023-03-15,107,70.88,received
PO0001729,SUP-09,9315482,2023-02-14,2023-03-14,53,28.72,received
PO0001742,SUP-06,7201529,2023-02-18,2023-03-11,100,36.39,received
PO0001772,SUP-02,9118281,2023-02-22,2023-03-04,64,8.13,received
PO0001807,SUP-07,8721483,2023-03-01,2023-03-22,65,14.45,received
PO0001821,SUP-12,5862621,2023-03-04,2023-03-16,179,17.62,received
PO0001824,SUP-07,1072276,2023-03-05,2023-03-26,32,20.63,received
PO0001859,SUP-05,1778504,2023-03-12,2023-03-30,42,31.71,short_received
PO0001895,SUP-07,1079923,2023-03-18,2023-04-08,90,46.8,received
PO0001908,SUP-10,9841830,2023-03-19,2023-04-18,355,5.52,received
PO0001935,SUP-10,4123600,2023-03-24,2023-04-23,122,70.38,received
PO0001941,SUP-09,9315482,2023-03-25,2023-04-22,60,28.67,received
PO0001966,SUP-06,7201529,2023-03-30,2023-04-20,114,36.24,received
PO0001983,SUP-10,8488816,2023-04-02,2023-05-02,48,29.29,received
PO0002000,SUP-07,8721483,2023-04-06,2023-04-27,70,14.88,received
PO0002023,SUP-12,5862621,2023-04-11,2023-04-23,199,18.01,received
PO0002026,SUP-07,1072276,2023-04-12,2023-05-03,37,21.09,received
PO0002068,SUP-02,9118281,2023-04-17,2023-04-27,56,8.14,received
PO0002094,SUP-06,9355705,2023-04-22,2023-05-13,50,40.87,received
PO0002112,SUP-10,9841830,2023-04-25,2023-05-25,441,5.77,received
PO0002148,SUP-07,1079923,2023-05-04,2023-05-25,93,47.48,received
PO0002169,SUP-09,9315482,2023-05-07,2023-06-04,67,28.73,received
PO0002173,SUP-10,4123600,2023-05-08,2023-06-07,131,75.35,received
PO0002174,SUP-06,7201529,2023-05-08,2023-05-29,129,37.46,received
PO0002203,SUP-10,8488816,2023-05-14,2023-06-13,59,29.64,received
PO0002240,SUP-07,8721483,2023-05-22,2023-06-12,70,14.63,received
PO0002272,SUP-02,9118281,2023-05-27,2023-06-06,68,8.11,received
PO0002293,SUP-07,1072276,2023-06-01,2023-06-22,37,20.99,received
PO0002295,SUP-12,5862621,2023-06-01,2023-06-13,190,18.14,received
PO0002347,SUP-10,9841830,2023-06-12,2023-07-12,430,5.84,received
PO0002389,SUP-06,7201529,2023-06-23,2023-07-14,130,38.31,short_received
PO0002395,SUP-10,4123600,2023-06-24,2023-07-24,127,74.62,received
PO0002417,SUP-10,8488816,2023-06-29,2023-07-29,57,29.37,received
PO0002418,SUP-07,8721483,2023-06-29,2023-07-20,86,14.68,received
PO0002437,SUP-07,1072276,2023-07-03,2023-07-24,47,20.9,received
PO0002448,SUP-07,1079923,2023-07-05,2023-07-26,78,47.35,received
PO0002470,SUP-09,9315482,2023-07-08,2023-08-05,58,28.35,received
PO0002491,SUP-12,5862621,2023-07-13,2023-07-25,203,18.14,short_received
PO0002543,SUP-02,9118281,2023-07-22,2023-08-01,60,8.33,received
PO0002586,SUP-06,7201529,2023-08-04,2023-08-25,129,38.48,received
PO0002609,SUP-10,9841830,2023-08-10,2023-09-09,445,5.89,received
PO0002621,SUP-10,8488816,2023-08-12,2023-09-11,65,30.09,received
PO0002626,SUP-07,1079923,2023-08-14,2023-09-04,89,48.32,received
PO0002650,SUP-07,8721483,2023-08-19,2023-09-09,82,14.74,received
PO0002673,SUP-09,9315482,2023-08-25,2023-09-22,64,28.71,received
PO0002676,SUP-10,4123600,2023-08-26,2023-09-25,136,76.13,short_received
PO0002680,SUP-07,1072276,2023-08-27,2023-09-17,43,21.16,received
PO0002708,SUP-12,5862621,2023-09-01,2023-09-13,178,18.51,received
PO0002745,SUP-02,9118281,2023-09-06,2023-09-16,62,8.38,received
PO0002807,SUP-08,5068008,2023-09-17,2023-10-12,151,8.63,received
PO0002835,SUP-7,1079923,2023-09-24,2023-10-15,98,47.66,received
PO0002853,SUP-10,8488816,2023-09-26,2023-10-26,69,29.72,received
PO0002858,SUP-07,1072276,2023-09-28,2023-10-19,57,21.1,received
PO0002861,SUP-07,8721483,2023-09-28,2023-10-19,89,14.64,received
PO0002878,SUP-10,9841830,2023-09-30,2023-10-30,468,5.9,received
PO0002884,SUP-10,4123600,2023-10-03,2023-11-02,151,74.61,received
PO0002888,SUP-12,5862621,2023-10-03,2023-10-15,235,18.47,received
PO0002893,SUP-06,7201529,2023-10-04,2023-10-25,106,38.12,received
PO0002898,SUP-09,9315482,2023-10-04,2023-11-01,66,29.67,received
PO0002921,SUP-02,9118281,2023-10-10,2023-10-20,71,8.42,received
PO0003106,SUP-07,1079923,2023-11-23,2023-12-14,83,47.97,received
PO0003113,SUP-06,7201529,2023-11-23,2023-12-14,109,37.89,received
PO0003117,SUP-07,8721483,2023-11-23,2023-12-14,78,14.87,received
PO0003125,SUP-10,4123600,2023-11-24,2023-12-24,138,76.14,received
PO0003130,SUP-12,5862621,2023-11-24,2023-12-06,210,18.46,received
PO0003137,SUP-08,7622260,2023-11-24,2023-12-19,49,41.02,received
PO0003142,SUP-10,9841830,2023-11-24,2023-12-24,452,5.8,received
PO0003162,SUP-10,8488816,2023-11-25,2023-12-25,62,29.4,received
PO0003167,SUP-09,9315482,2023-11-25,2023-12-23,61,29.85,received
PO0003182,SUP-02,9118281,2023-11-26,2023-12-06,76,8.42,received
PO0003195,SUP-06,8754194,2023-11-27,2023-12-18,329,24.84,received
PO0003241,SUP-07,1072276,2023-12-09,2023-12-30,45,20.35,received
PO0003303,SUP-07,1079923,2023-12-26,2024-01-16,106,47.66,received
PO0003308,SUP-06,7201529,2023-12-28,2024-01-18,150,40.13,received
PO0003322,SUP-10,6543834,2024-01-05,2024-02-04,49,6.51,received
PO0003326,SUP-10,4123600,2024-01-06,2024-02-05,167,81.86,received
PO0003329,SUP-05,6280890,2024-01-06,2024-01-24,73,15.06,received
PO0003343,SUP-08,8261390,2024-01-08,2024-02-02,38,79.54,received
PO0003349,SUP-07,8721483,2024-01-09,2024-01-30,89,14.53,received
PO0003351,SUP-07,1072276,2024-01-10,2024-01-31,62,20.53,received
PO0003360,SUP-10,9841830,2024-01-11,2024-02-10,495,6.21,short_received
PO0003371,SUP-12,5862621,2024-01-13,2024-01-25,200,18.24,received
PO0003374,SUP-09,9315482,2024-01-13,2024-02-10,60,29.8,received
PO0003381,SUP-10,8488816,2024-01-14,2024-02-13,67,32.2,received
PO0003408,SUP-02,9118281,2024-01-22,2024-02-01,63,8.57,received
PO0003534,SUP-12,5862621,2024-02-17,2024-02-29,220,18.66,open
PO0003548,SUP-07,8721483,2024-02-19,2024-03-11,88,14.43,open
PO0003556,SUP-07,1079923,2024-02-21,2024-03-13,93,46.3,open
PO0003597,SUP-10,8488816,2024-02-28,2024-03-29,83,31.81,open
PO0003604,SUP-10,4123600,2024-02-29,2024-03-30,171,81.49,open
