receipt_id,po_id,product_id,supplier_id,receipt_date,quantity_received,unit_purchase_price,receipt_type
RCV0000056,,1079923,SUP-07,2022-01-04,68,46.99,opening_balance
RCV0000083,,9315482,SUP-09,2022-01-09,46,27.8,opening_balance
RCV0000093,,7201529,SUP-06,2022-01-11,79,34.81,opening_balance
RCV0000157,,5862621,SUP-12,2022-01-25,126,17.87,opening_balance
RCV0000178,,9118281,SUP-02,2022-02-01,47,8.01,opening_balance
RCV0000190,,8488816,SUP-10,2022-02-05,39,26.96,opening_balance
RCV0000205,,1072276,SUP-07,2022-02-09,28,20.56,opening_balance
RCV0000236,,4123600,SUP-10,2022-02-15,92,68.38,opening_balance
RCV0000239,,8721483,SUP-07,2022-02-15,62,14.41,opening_balance
RCV0000260,,9841830,SUP-10,2022-02-19,308,5.29,opening_balance
RCV0000297,PO0000038,9315482,SUP-09,2022-04-13,48,27.76,purchase_order
RCV0000299,PO0000076,1072276,SUP-07,2022-04-14,29,20.41,purchase_order
RCV0000319,PO0000081,8721483,SUP-07,2022-04-14,62,14.45,purchase_order
RCV0000332,PO0000125,4236332,SUP-05,2022-04-15,82,15.36,purchase_order
RCV0000337,PO0000170,5862621,SUP-12,2022-04-15,125,17.67,purchase_order
RCV0000361,PO0000101,7255659,SUP-07,2022-04-16,41,40.54,purchase_order
RCV0000388,PO0000114,7201529,SUP-06,2022-04-17,74,34.79,purchase_order
RCV0000399,PO0000122,1079923,SUP-07,2022-04-18,63,46.64,purchase_order
RCV0000439,PO0000026,4123600,SUP-10,2022-04-20,97,69.31,purchase_order
RCV0000444,PO0000216,9118281,SUP-02,2022-04-20,42,8.01,purchase_order
RCV0000462,PO0000075,8488816,SUP-10,2022-04-22,34,27.03,purchase_order
RCV0000480,PO0000048,9841830,SUP-10,2022-04-28,286,5.34,purchase_order
RCV0000546,PO0000347,5862621,SUP-12,2022-05-23,143,18.12,purchase_order
RCV0000557,PO0000356,8016491,SUP-12,2022-05-24,38,73.4,purchase_order
RCV0000558,PO0000246,8488816,SUP-10,2022-05-24,43,26.67,purchase_order
RCV0000560,PO0000300,1072276,SUP-07,2022-05-25,32,20.74,purchase_order
RCV0000579,PO0000315,1079923,SUP-07,2022-05-28,73,47.7,purchase_order
RCV0000617,PO0000288,7201529,SUP-06,2022-06-01,90,35.16,purchase_order
RCV0000620,PO0000414,9118281,SUP-02,2022-06-01,44,8.07,purchase_order
RCV0000621,PO0000298,9315482,SUP-09,2022-06-01,51,28.02,purchase_order
RCV0000647,PO0000320,4123600,SUP-10,2022-06-06,101,69.06,purchase_order
RCV0000651,PO0000357,1038403,SUP-08,,32,25.22,purchase_order
RCV0000659,PO0000456,4476707,SUP-01,2022-06-08,386,39.82,purchase_order
RCV0000671,PO0000344,9841830,SUP-10,2022-06-09,280,5.36,purchase_order
RCV0000681,PO0000413,8721483,SUP-07,2022-06-12,55,14.3,purchase_order
RCV0000690,PO0000459,9940011,SUP-03,2022-06-15,204,19.48,purchase_order
RCV0000752,PO0000510,7427053,SUP-05,,58,27.4,purchase_order
RCV0000758,PO0000465,8488816,SUP-10,2022-07-02,52,26.81,purchase_order
RCV0000780,PO0000517,7201529,SUP-06,2022-07-06,111,35.27,purchase_order
RCV0000788,PO0000565,5862621,SUP-12,2022-07-07,150,17.64,purchase_order
RCV0000806,PO0000518,1038403,SUP-08,2022-07-11,29,25.47,purchase_order
RCV0000823,PO0000553,1072276,SUP-07,2022-07-14,32,20.45,purchase_order
RCV0000825,PO0000521,4076320,SUP-09,2022-07-14,36,5.09,purchase_order
RCV0000849,PO0000587,1079923,SUP-07,2022-07-19,68,47.32,purchase_order
RCV0000855,PO0000647,9118281,SUP-02,2022-07-19,50,7.95,purchase_order
RCV0000860,PO0000548,9841830,SUP-10,2022-07-20,310,5.29,purchase_order
RCV0000871,PO0000639,3487534,SUP-03,2022-07-23,38,10.2,purchase_order
RCV0000892,PO0000623,8721483,SUP-07,2022-07-26,57,14.21,purchase_order
RCV0000956,PO0000593,4123600,SUP-10,2022-08-09,92,68.69,purchase_order
RCV0000975,PO0000698,9315482,SUP-09,2022-08-14,38,27.73,purchase_order
RCV0000981,PO0000620,5781989,SUP-10,2022-08-16,29,35.98,purchase_order
RCV0000996,PO0000781,5862621,SUP-12,2022-08-19,155,17.96,purchase_order
RCV0001027,PO0000734,8488816,SUP-10,2022-08-25,48,26.99,purchase_order
RCV0001044,PO0000777,7201529,SUP-06,2022-08-27,104,35.05,purchase_order
RCV0001054,PO0000784,1079923,SUP-07,2022-08-29,76,46.53,purchase_order
RCV0001140,PO0000846,9315482,SUP-09,2022-09-15,46,28.14,purchase_order
RCV0001144,PO0000925,9118281,SUP-02,2022-09-16,43,8.07,purchase_order
RCV0001148,PO0000887,8721483,SUP-07,2022-09-17,53,14.3,purchase_order
RCV0001152,PO0000779,9841830,SUP-10,2022-09-18,308,5.25,purchase_order
RCV0001153,PO0000849,4123600,SUP-10,2022-09-19,105,68.63,purchase_order
RCV0001168,PO0000912,1072276,SUP-07,2022-09-24,27,20.41,purchase_order
RCV0001191,PO0000978,5862621,SUP-12,2022-09-28,167,17.61,purchase_order
RCV0001302,PO0001042,8721483,SUP-07,2022-10-16,68,14.41,purchase_order
RCV0001321,PO0001067,7201529,SUP-06,2022-10-19,97,35.27,purchase_order
RCV0001323,PO0000996,8488816,SUP-10,2022-10-19,45,28.11,purchase_order
RCV0001330,PO0001078,1079923,SUP-07,2022-10-22,70,46.96,purchase_order
RCV0001339,PO0001122,9118281,SUP-02,2022-10-22,53,8.21,purchase_order
RCV0001345,PO0001086,1072276,SUP-07,2022-10-24,34,20.35,purchase_order
RCV0001365,PO0001082,9315482,SUP-09,2022-10-29,48,28.17,purchase_order
RCV0001386,PO0001076,4123600,SUP-10,2022-11-04,89,70.09,purchase_order
RCV0001405,PO0001075,9841830,SUP-10,2022-11-07,282,5.57,purchase_order
RCV0001426,PO0001167,3554832,SUP-07,,125,26.57,purchase_order
RCV0001435,PO0001215,5862621,SUP-12,2022-11-13,176,18.01,purchase_order
RCV0001503,PO0001210,8488816,SUP-10,2022-11-29,41,28.16,purchase_order
RCV0001545,PO0001244,7201529,SUP-06,2022-12-05,106,35.1,purchase_order
RCV0001550,PO0001273,1079923,SUP-07,2022-12-07,72,47.04,purchase_order
RCV0001566,PO0001249,4123600,SUP-10,2022-12-10,112,71.2,purchase_order
RCV0001580,PO0001394,9118281,SUP-02,2022-12-13,51,8.24,purchase_order
RCV0001584,PO0001306,1072276,SUP-07,2022-12-15,34,20.37,purchase_order
RCV0001607,PO0001349,8721483,SUP-07,2022-12-17,57,14.25,purchase_order
RCV0001610,PO0001281,9841830,SUP-10,2022-12-17,323,5.47,purchase_order
RCV0001634,PO0001320,9315482,SUP-09,2022-12-22,43,27.6,purchase_order
RCV0001664,PO0001437,5862621,SUP-12,2022-12-30,126,17.84,purchase_order
RCV0001694,PO0001383,8488816,SUP-10,2023-01-05,60,28.42,purchase_order
RCV0001711,PO0001446,6079235,SUP-06,2023-01-09,234,3.86,purchase_order
RCV0001743,PO0001494,7201529,SUP-06,2023-01-16,110,35.8,purchase_order
RCV0001769,PO0001468,9841830,SUP-10,2023-01-22,297,5.43,purchase_order
RCV0001774,PO0001482,4123600,SUP-10,2023-01-24,110,71.47,purchase_order
RCV0001778,PO0001571,9118281,SUP-02,2023-01-24,58,8.1,purchase_order
RCV0001796,PO0001531,1079923,SUP-07,2023-01-28,69,47.13,purchase_order
RCV0001822,PO0001565,1072276,SUP-07,2023-02-04,33,20.84,purchase_order
RCV0001835,PO0001576,8721483,SUP-07,2023-02-05,56,14.23,purchase_order
RCV0001848,PO0001554,9315482,SUP-09,2023-02-08,44,27.97,purchase_order
RCV0001851,PO0001615,5862621,SUP-12,2023-02-09,147,17.81,purchase_order
RCV0001972,PO0001772,9118281,SUP-02,2023-03-05,64,8.13,purchase_order
RCV0001973,PO0001716,1079923,SUP-07,2023-03-06,74,46.99,purchase_order
RCV0002000,PO0001687,9841830,SUP-10,2023-03-10,328,5.51,purchase_order
RCV0002003,PO0001742,7201529,SUP-06,2023-03-11,100,36.39,purchase_order
RCV0002025,PO0001707,8488816,SUP-10,2023-03-14,48,27.65,purchase_order
RCV0002026,PO0001729,9315482,SUP-09,2023-03-14,53,28.72,purchase_order
RCV0002034,PO0001720,4123600,SUP-10,2023-03-16,107,70.88,purchase_order
RCV0002038,PO0001821,5862621,SUP-12,2023-03-16,179,17.62,purchase_order
RCV0002070,PO0001807,8721483,SUP-07,2023-03-22,65,14.45,purchase_order
RCV0002083,PO0001824,1072276,SUP-07,2023-03-26,32,20.63,purchase_order
RCV0002133,PO0001859,1778504,SUP-05,2023-04-05,30,31.71,purchase_order
RCV0002146,PO0001895,1079923,SUP-07,2023-04-08,90,46.8,purchase_order
RCV0002223,PO0001908,9841830,SUP-10,2023-04-19,355,5.52,purchase_order
RCV0002229,PO0001966,7201529,SUP-06,2023-04-21,114,36.24,purchase_order
RCV0002236,PO0001941,9315482,SUP-09,2023-04-22,60,28.67,purchase_order
RCV0002240,PO0002023,5862621,SUP-12,2023-04-23,199,18.01,purchase_order
RCV0002248,PO0001935,4123600,SUP-10,2023-04-25,122,70.38,purchase_order
RCV0002261,PO0002000,8721483,SUP-07,2023-04-27,70,14.88,purchase_order
RCV0002262,PO0002068,9118281,SUP-02,2023-04-27,56,8.14,purchase_order
RCV0002289,PO0002026,1072276,SUP-07,2023-05-03,37,21.09,purchase_order
RCV0002293,PO0001983,8488816,SUP-10,2023-05-03,48,29.29,purchase_order
RCV0002396,PO0002094,9355705,SUP-06,2023-05-22,50,40.87,purchase_order
RCV0002408,PO0002148,1079923,SUP-07,2023-05-25,93,47.48,purchase_order
RCV0002429,PO0002112,9841830,SUP-10,2023-05-28,441,5.77,purchase_order
RCV0002439,PO0002174,7201529,SUP-06,2023-05-30,129,37.46,purchase_order
RCV0002469,PO0002272,9118281,SUP-02,2023-06-06,68,8.11,purchase_order
RCV0002485,PO0002173,4123600,SUP-10,2023-06-10,131,75.35,purchase_order
RCV0002495,PO0002169,9315482,SUP-09,2023-06-11,67,28.73,purchase_order
RCV0002499,PO0002240,8721483,SUP-07,2023-06-12,70,14.63,purchase_order
RCV0002503,PO0002295,5862621,SUP-12,2023-06-13,190,18.14,purchase_order
RCV0002513,PO0002203,8488816,SUP-10,2023-06-14,59,29.64,purchase_order
RCV0002551,PO0002293,1072276,SUP-07,2023-06-22,37,20.99,purchase_order
RCV0002656,PO0002389,7201529,SUP-06,2023-07-16,114,38.31,purchase_order
RCV0002674,PO0002418,8721483,SUP-07,2023-07-20,86,14.68,purchase_order
RCV0002693,PO0002437,1072276,SUP-07,2023-07-24,47,20.9,purchase_order
RCV0002701,PO0002491,5862621,SUP-12,2023-07-25,187,18.14,purchase_order
RCV0002710,PO0002347,9841830,SUP-10,2023-07-26,430,5.84,purchase_order
RCV0002726,PO0002448,1079923,SUP-07,2023-07-30,78,47.35,purchase_order
RCV0002742,PO0002543,9118281,SUP-02,2023-08-01,60,8.33,purchase_order
RCV0002751,PO0002417,8488816,SUP-10,2023-08-03,57,29.37,purchase_order
RCV0002766,PO0002470,9315482,SUP-09,2023-08-05,58,28.35,purchase_order
RCV0002792,PO0002395,4123600,SUP-10,2023-08-13,127,74.62,purchase_order
RCV0002860,PO0002586,7201529,SUP-06,2023-08-29,129,38.48,purchase_order
RCV0002875,PO0002626,1079923,SUP-07,2023-09-04,89,48.32,purchase_order
RCV0002901,PO0002650,8721483,SUP-07,2023-09-09,82,14.74,purchase_order
RCV0002925,PO0002708,5862621,SUP-12,2023-09-13,178,18.51,purchase_order
RCV0002939,PO0002621,8488816,SUP-10,2023-09-16,65,30.09,purchase_order
RCV0002940,PO0002745,9118281,SUP-02,2023-09-16,62,8.38,purchase_order
RCV0002941,PO0002680,1072276,SUP-07,2023-09-17,43,21.16,purchase_order
RCV0002957,PO0002609,9841830,SUP-10,2023-09-19,445,5.89,purchase_order
RCV0002972,PO0002673,9315482,SUP-09,2023-09-22,64,28.71,purchase_order
RCV0003007,PO0002676,4123600,SUP-10,2023-09-29,120,76.13,purchase_order
RCV0003098,PO0002835,1079923,SUP-07,2023-10-15,98,47.66,purchase_order
RCV0003100,PO0002888,5862621,SUP-12,2023-10-15,235,18.47,purchase_order
RCV0003112,PO0002858,1072276,SUP-07,2023-10-19,57,21.1,purchase_order
RCV0003114,PO0002861,8721483,SUP-07,2023-10-19,89,14.64,purchase_order
RCV0003122,PO0002807,5068008,SUP-08,2023-10-20,151,8.63,purchase_order
RCV0003126,PO0002921,9118281,SUP-02,2023-10-20,71,8.42,purchase_order
RCV0003165,PO0002853,8488816,SUP-10,2023-10-29,69,29.72,purchase_order
RCV0003176,PO0002893,7201529,SUP-06,2023-11-01,106,38.12,purchase_order
RCV0003179,PO0002898,9315482,SUP-09,2023-11-01,66,29.67,purchase_order
RCV0003204,PO0002884,4123600,SUP-10,2023-11-06,151,74.61,purchase_order
RCV0003218,PO0002878,9841830,SUP-10,2023-11-08,468,5.9,purchase_order
RCV0003346,PO0003130,5862621,SUP-12,2023-12-06,210,18.46,purchase_order
RCV0003352,PO0003182,9118281,SUP-02,2023-12-06,76,8.42,purchase_order
RCV0003382,PO0003106,1079923,SUP-07,2023-12-14,83,47.97,purchase_order
RCV0003402,PO0003117,8721483,SUP-07,2023-12-16,78,14.87,purchase_order
RCV0003413,PO0003113,7201529,SUP-06,2023-12-18,109,37.89,purchase_order
RCV0003445,PO0003167,9315482,SUP-09,2023-12-23,61,29.85,purchase_order
RCV0003465,PO0003195,8754194,SUP-06,2023-12-27,329,24.84,purchase_order
RCV0003468,PO0003142,9841830,SUP-10,2023-12-28,452,5.8,purchase_order
RCV0003473,PO0003137,7622260,SUP-08,2023-12-29,49,41.02,purchase_order
RCV0003475,PO0003241,1072276,SUP-07,2023-12-30,45,20.35,purchase_order
RCV0003478,PO0003125,4123600,SUP-10,2023-12-30,138,76.14,purchase_order
RCV0003484,PO0003162,8488816,SUP-10,2023-12-30,62,29.4,purchase_order
RCV0003548,PO0003303,1079923,SUP-07,2024-01-16,106,47.66,purchase_order
RCV0003584,PO0003371,5862621,SUP-12,2024-01-25,200,18.24,purchase_order
RCV0003600,PO0003349,8721483,SUP-07,2024-01-30,89,14.53,purchase_order
RCV0003602,PO0003351,1072276,SUP-07,2024-01-31,62,20.53,purchase_order
RCV0003609,PO0003408,9118281,SUP-02,2024-02-01,63,8.57,purchase_order
RCV0003625,PO0003329,6280890,SUP-05,2024-02-05,73,15.06,purchase_order
RCV0003644,PO0003322,6543834,SUP-10,2024-02-09,49,6.51,purchase_order
RCV0003645,PO0003308,7201529,SUP-06,2024-02-09,150,40.13,purchase_order
RCV0003650,PO0003374,9315482,SUP-09,2024-02-10,60,29.8,purchase_order
RCV0003656,PO0003326,4123600,SUP-10,2024-02-12,167,81.86,purchase_order
RCV0003669,PO0003343,8261390,SUP-08,2024-02-14,38,79.54,purchase_order
RCV0003720,PO0003381,8488816,SUP-10,2024-02-25,67,32.2,purchase_order
RCV0003721,PO0003360,9841830,SUP-10,2024-02-25,442,6.21,purchase_order
