claim_id,receipt_id,po_id,supplier_id,product_id,claim_date,claim_type,units_affected,claim_value,status,resolution,approved_amount,resolved_date
SCL000016,RCV0000462,PO0000075,SUP-10,8488816,2022-04-25,short_shipment,2,54.06,resolved,replacement,54.06,2022-05-13
SCL000020,RCV0000480,PO0000048,SUP-10,9841830,2022-04-29,late_delivery,0,30.54,resolved,rejected,0.0,2022-06-05
SCL000030,RCV0000617,PO0000288,SUP-06,7201529,2022-06-01,damaged,8,281.28,resolved,credit_note,247.87,2022-07-13
SCL000032,RCV0000671,PO0000344,SUP-10,9841830,2022-06-09,short_shipment,17,91.12,resolved,replacement,91.12,2022-06-24
SCL000037,RCV0000690,PO0000459,SUP-03,9940011,2022-06-19,damaged,12,233.76,RESOLVED,credit_note,229.34,2022-07-10
SCL000057,RCV0000871,PO0000639,SUP-03,3487534,2022-07-25,short_shipment,4,40.8,RESOLVED,credit_note,36.35,2022-08-16
SCL000063,RCV0000981,PO0000620,SUP-10,5781989,2022-08-18,late_delivery,0,20.87,RESOLVED,credit_note,17.75,2022-09-27
SCL000097,RCV0001386,PO0001076,SUP-10,4123600,2022-11-05,short_shipment,22,1541.98,resolved,credit_note,1330.47,2022-12-12
SCL000103,RCV0001503,PO0001210,SUP-10,8488816,2022-11-29,quality_defect,5,140.8,resolved,rejected,0.0,2022-12-10
SCL000108,RCV0001550,PO0001273,SUP-07,1079923,2022-12-08,quality_defect,7,329.28,resolved,replacement,329.28,2022-12-15
SCL000128,RCV0001664,PO0001437,SUP-12,5862621,2022-12-31,short_shipment,45,802.8,resolved,credit_note,786.84,2023-01-24
SCL000135,RCV0001711,PO0001446,SUP-06,6079235,2023-01-11,damaged,16,61.76,RESOLVED,replacement,61.76,2023-01-23
SCL000173,RCV0002034,PO0001720,SUP-10,4123600,2023-03-17,wrong_item,3,212.64,resolved,credit_note,190.08,2023-04-10
SCL000188,RCV0002133,PO0001859,SUP-05,1778504,2023-04-09,short_shipment,12,380.52,RESOLVED,credit_note,348.5,2023-04-17
SCL000216,RCV0002396,PO0002094,SUP-06,9355705,2023-05-26,late_delivery,0,40.87,RESOLVED,credit_note,32.7,2023-07-09
SCL000222,RCV0002429,PO0002112,SUP-10,9841830,2023-05-30,damaged,52,300.04,resolved,replacement,300.04,2023-06-22
SCL000238,RCV0002656,PO0002389,SUP-06,7201529,2023-07-20,short_shipment,16,612.96,resolved,credit_note,495.81,2023-09-02
SCL000241,RCV0002701,PO0002491,SUP-12,5862621,2023-07-27,short_shipment,16,290.24,resolved,replacement,290.24,2023-09-03
SCL000264,RCV0002901,PO0002650,SUP-07,8721483,2023-09-11,damaged,3,44.22,resolved,replacement,44.22,2023-10-08
SCL000269,RCV0002957,PO0002609,SUP-10,9841830,2023-09-23,late_delivery,0,52.42,resolved,credit_note,46.62,2023-10-03
SCL000288,RCV0003122,PO0002807,SUP-08,5068008,2023-10-23,late_delivery,0,26.06,RESOLVED,credit_note,23.69,2023-11-22
SCL000325,RCV0003413,PO0003113,SUP-06,7201529,2023-12-21,damaged,13,492.57,resolved,replacement,492.57,2024-01-20
SCL000331,RCV0003473,PO0003137,SUP-08,7622260,2023-12-29,late_delivery,0,40.2,RESOLVED,credit_note,34.33,2024-01-10
SCL000334,RCV0003465,PO0003195,SUP-06,8754194,2023-12-31,late_delivery,0,163.45,RESOLVED,replacement,163.45,2024-01-22
SCL000361,RCV0003625,PO0003329,SUP-05,6280890,2024-02-07,late_delivery,0,21.99,RESOLVED,rejected,0.0,2024-02-21
SCL000366,RCV0003644,PO0003322,SUP-10,6543834,2024-02-09,damaged,6,39.06,RESOLVED,credit_note,34.42,2024-02-19
SCL000368,RCV0003645,PO0003308,SUP-06,7201529,2024-02-12,late_delivery,0,120.39,open,,,
SCL000373,RCV0003669,PO0003343,SUP-08,8261390,2024-02-15,damaged,5,397.7,RESOLVED,credit_note,383.34,2024-02-27
SCL000380,RCV0003721,PO0003360,SUP-10,9841830,2024-02-27,short_shipment,53,329.13,open,,,
SCL000383,RCV0003720,PO0003381,SUP-10,8488816,2024-02-28,wrong_item,4,128.8,open,,,
